Cores,Minimum Runtime pre forward,Minimum Runtime forward,Minimum Runtime total
40,36.55581760406494,661.1032140254974,703.0348110198975
30,36.272324323654175,810.6684374809265,846.3902587890625
20,37.0566132068634,1164.3955035209656,1201.1293776035309
15,38.510701417922974,1517.3705337047577,1555.5230677127838
10,38.62554669380188,2089.359314441681,2127.857751607895
5,44.504101514816284,4186.835275888443,4231.718212127686
