Cores Used,Runtime
40,817.1086184978485
30,963.5422253608704
20,1224.1458253860474
15,1591.728779554367
10,2194.568973302841
