Cores Used,Runtime
40,831.245444059372
30,960.8138811588287
20,1241.9106743335724
15,1588.5845925807953
10,2181.9064741134644
5,4365.798449277878
