Cores Used,Runtime pre forward,Runtime forward,Runtime total
40,42.8047354221344,693.8558719158173,736.016679763794
30,41.19021534919739,822.2679216861725,862.5174012184143
20,37.198652029037476,1188.1573123931885,1225.118096113205
15,38.5210497379303,1548.5080103874207,1586.1242446899414
10,39.306708097457886,2161.941438436508,2200.976863384247
5,44.504101514816284,4215.671906232834,4259.765118360519
