Cores Used,Runtime pre forward,Runtime forward,Runtime total
40,36.55581760406494,666.9633865356445,703.0348110198975
30,36.272324323654175,831.7448551654816,867.1293888092041
20,37.556567907333374,1188.0630872249603,1225.3345086574554
15,39.0398907661438,1562.700074672699,1600.888345003128
10,38.62554669380188,2089.359314441681,2127.857751607895
5,50.51794075965881,4294.0895383358,4343.523963928223
