Cores Used,Runtime pre forward,Runtime forward,Runtime total
40,44.245161056518555,661.1032140254974,704.6815731525421
30,36.588675022125244,810.6684374809265,846.3902587890625
20,37.51181936264038,1164.5505874156952,1201.774741411209
15,42.49206805229187,1611.428482055664,1653.1551349163055
10,38.69876146316528,2121.588337659836,2160.128007411957
5,45.81583380699158,4279.695373296738,4324.194238424301
