Cores Used,Runtime pre forward,Runtime forward,Runtime total
40,42.68646597862244,661.788684129715,704.0344297885895
30,36.74817156791687,820.4462440013885,856.2996461391449
20,37.0566132068634,1164.3955035209656,1201.1293776035309
15,38.510701417922974,1517.3705337047577,1555.5230677127838
10,38.9576313495636,2152.8143668174744,2191.35262966156
5,45.37726712226868,4186.835275888443,4231.718212127686
