Cores Used,Runtime
40,683.6608626842499
30,869.5781161785126
20,1238.8793861865997
15,1595.3227922916412
10,2203.073546409607
5,4295.813792228699
