Cores Used,Runtime
40,820.3477535247803
30,942.2069041728973
