Cores Used,Runtime
40,824.7682671546936
30,956.965541601181
