Cores Used,Runtime
40,1369.121518611908
30,1245.4552178382874
20,1844.7410850524902
