Cores Used,Runtime
40,1182.7118127346039
30,1236.9494454860687
20,1761.6108815670013
15,2287.3085930347443
10,3322.958693742752
5,6266.367906570435
