Cores Used,Runtime
40,1334.57621383667
30,1462.642724275589
20,1764.7165184020996
15,2240.1770391464233
10,3279.3396253585815
5,6678.2429938316345
