Cores Used,Runtime
40,1273.2284710407257
30,1233.0374219417572
20,1765.7372756004333
15,2773.7239813804626
10,3317.98704457283
5,9230.017640590668
