# z (km)   y (km)   x (km)   [grid 121 x 121]
-6.000000 0.000000 2.500000
-6.000000 0.050000 2.500000
-6.000000 0.100000 2.500000
-6.000000 0.150000 2.500000
-6.000000 0.200000 2.500000
-6.000000 0.250000 2.500000
-6.000000 0.300000 2.500000
-6.000000 0.350000 2.500000
-6.000000 0.400000 2.500000
-6.000000 0.450000 2.500000
-6.000000 0.500000 2.500000
-6.000000 0.550000 2.500000
-6.000000 0.600000 2.500000
-6.000000 0.650000 2.500000
-6.000000 0.700000 2.500000
-6.000000 0.750000 2.500000
-6.000000 0.800000 2.500000
-6.000000 0.850000 2.500000
-6.000000 0.900000 2.500000
-6.000000 0.950000 2.500000
-6.000000 1.000000 2.500000
-6.000000 1.050000 2.500000
-6.000000 1.100000 2.500000
-6.000000 1.150000 2.500000
-6.000000 1.200000 2.500000
-6.000000 1.250000 2.500000
-6.000000 1.300000 2.500000
-6.000000 1.350000 2.500000
-6.000000 1.400000 2.500000
-6.000000 1.450000 2.500000
-6.000000 1.500000 2.500000
-6.000000 1.550000 2.500000
-6.000000 1.600000 2.500000
-6.000000 1.650000 2.500000
-6.000000 1.700000 2.500000
-6.000000 1.750000 2.500000
-6.000000 1.800000 2.500000
-6.000000 1.850000 2.500000
-6.000000 1.900000 2.500000
-6.000000 1.950000 2.500000
-6.000000 2.000000 2.500000
-6.000000 2.050000 2.500000
-6.000000 2.100000 2.500000
-6.000000 2.150000 2.500000
-6.000000 2.200000 2.500000
-6.000000 2.250000 2.500000
-6.000000 2.300000 2.500000
-6.000000 2.350000 2.500000
-6.000000 2.400000 2.500000
-6.000000 2.450000 2.500000
-6.000000 2.500000 2.500000
-6.000000 2.550000 2.500000
-6.000000 2.600000 2.500000
-6.000000 2.650000 2.500000
-6.000000 2.700000 2.500000
-6.000000 2.750000 2.500000
-6.000000 2.800000 2.500000
-6.000000 2.850000 2.500000
-6.000000 2.900000 2.500000
-6.000000 2.950000 2.500000
-6.000000 3.000000 2.500000
-6.000000 3.050000 2.500000
-6.000000 3.100000 2.500000
-6.000000 3.150000 2.500000
-6.000000 3.200000 2.500000
-6.000000 3.250000 2.500000
-6.000000 3.300000 2.500000
-6.000000 3.350000 2.500000
-6.000000 3.400000 2.500000
-6.000000 3.450000 2.500000
-6.000000 3.500000 2.500000
-6.000000 3.550000 2.500000
-6.000000 3.600000 2.500000
-6.000000 3.650000 2.500000
-6.000000 3.700000 2.500000
-6.000000 3.750000 2.500000
-6.000000 3.800000 2.500000
-6.000000 3.850000 2.500000
-6.000000 3.900000 2.500000
-6.000000 3.950000 2.500000
-6.000000 4.000000 2.500000
-6.000000 4.050000 2.500000
-6.000000 4.100000 2.500000
-6.000000 4.150000 2.500000
-6.000000 4.200000 2.500000
-6.000000 4.250000 2.500000
-6.000000 4.300000 2.500000
-6.000000 4.350000 2.500000
-6.000000 4.400000 2.500000
-6.000000 4.450000 2.500000
-6.000000 4.500000 2.500000
-6.000000 4.550000 2.500000
-6.000000 4.600000 2.500000
-6.000000 4.650000 2.500000
-6.000000 4.700000 2.500000
-6.000000 4.750000 2.500000
-6.000000 4.800000 2.500000
-6.000000 4.850000 2.500000
-6.000000 4.900000 2.500000
-6.000000 4.950000 2.500000
-6.000000 5.000000 2.500000
-6.000000 5.050000 2.500000
-6.000000 5.100000 2.500000
-6.000000 5.150000 2.500000
-6.000000 5.200000 2.500000
-6.000000 5.250000 2.500000
-6.000000 5.300000 2.500000
-6.000000 5.350000 2.500000
-6.000000 5.400000 2.500000
-6.000000 5.450000 2.500000
-6.000000 5.500000 2.500000
-6.000000 5.550000 2.500000
-6.000000 5.600000 2.500000
-6.000000 5.650000 2.500000
-6.000000 5.700000 2.500000
-6.000000 5.750000 2.500000
-6.000000 5.800000 2.500000
-6.000000 5.850000 2.500000
-6.000000 5.900000 2.500000
-6.000000 5.950000 2.500000
-6.000000 6.000000 2.500000
-5.950000 0.000000 2.500000
-5.950000 0.050000 2.502161
-5.950000 0.100000 2.504228
-5.950000 0.150000 2.506110
-5.950000 0.200000 2.507725
-5.950000 0.250000 2.509003
-5.950000 0.300000 2.509887
-5.950000 0.350000 2.510339
-5.950000 0.400000 2.510339
-5.950000 0.450000 2.509887
-5.950000 0.500000 2.509003
-5.950000 0.550000 2.507725
-5.950000 0.600000 2.506110
-5.950000 0.650000 2.504228
-5.950000 0.700000 2.502161
-5.950000 0.750000 2.500000
-5.950000 0.800000 2.497839
-5.950000 0.850000 2.495772
-5.950000 0.900000 2.493890
-5.950000 0.950000 2.492275
-5.950000 1.000000 2.490997
-5.950000 1.050000 2.490113
-5.950000 1.100000 2.489661
-5.950000 1.150000 2.489661
-5.950000 1.200000 2.490113
-5.950000 1.250000 2.490997
-5.950000 1.300000 2.492275
-5.950000 1.350000 2.493890
-5.950000 1.400000 2.495772
-5.950000 1.450000 2.497839
-5.950000 1.500000 2.500000
-5.950000 1.550000 2.502161
-5.950000 1.600000 2.504228
-5.950000 1.650000 2.506110
-5.950000 1.700000 2.507725
-5.950000 1.750000 2.509003
-5.950000 1.800000 2.509887
-5.950000 1.850000 2.510339
-5.950000 1.900000 2.510339
-5.950000 1.950000 2.509887
-5.950000 2.000000 2.509003
-5.950000 2.050000 2.507725
-5.950000 2.100000 2.506110
-5.950000 2.150000 2.504228
-5.950000 2.200000 2.502161
-5.950000 2.250000 2.500000
-5.950000 2.300000 2.497839
-5.950000 2.350000 2.495772
-5.950000 2.400000 2.493890
-5.950000 2.450000 2.492275
-5.950000 2.500000 2.490997
-5.950000 2.550000 2.490113
-5.950000 2.600000 2.489661
-5.950000 2.650000 2.489661
-5.950000 2.700000 2.490113
-5.950000 2.750000 2.490997
-5.950000 2.800000 2.492275
-5.950000 2.850000 2.493890
-5.950000 2.900000 2.495772
-5.950000 2.950000 2.497839
-5.950000 3.000000 2.500000
-5.950000 3.050000 2.502161
-5.950000 3.100000 2.504228
-5.950000 3.150000 2.506110
-5.950000 3.200000 2.507725
-5.950000 3.250000 2.509003
-5.950000 3.300000 2.509887
-5.950000 3.350000 2.510339
-5.950000 3.400000 2.510339
-5.950000 3.450000 2.509887
-5.950000 3.500000 2.509003
-5.950000 3.550000 2.507725
-5.950000 3.600000 2.506110
-5.950000 3.650000 2.504228
-5.950000 3.700000 2.502161
-5.950000 3.750000 2.500000
-5.950000 3.800000 2.497839
-5.950000 3.850000 2.495772
-5.950000 3.900000 2.493890
-5.950000 3.950000 2.492275
-5.950000 4.000000 2.490997
-5.950000 4.050000 2.490113
-5.950000 4.100000 2.489661
-5.950000 4.150000 2.489661
-5.950000 4.200000 2.490113
-5.950000 4.250000 2.490997
-5.950000 4.300000 2.492275
-5.950000 4.350000 2.493890
-5.950000 4.400000 2.495772
-5.950000 4.450000 2.497839
-5.950000 4.500000 2.500000
-5.950000 4.550000 2.502161
-5.950000 4.600000 2.504228
-5.950000 4.650000 2.506110
-5.950000 4.700000 2.507725
-5.950000 4.750000 2.509003
-5.950000 4.800000 2.509887
-5.950000 4.850000 2.510339
-5.950000 4.900000 2.510339
-5.950000 4.950000 2.509887
-5.950000 5.000000 2.509003
-5.950000 5.050000 2.507725
-5.950000 5.100000 2.506110
-5.950000 5.150000 2.504228
-5.950000 5.200000 2.502161
-5.950000 5.250000 2.500000
-5.950000 5.300000 2.497839
-5.950000 5.350000 2.495772
-5.950000 5.400000 2.493890
-5.950000 5.450000 2.492275
-5.950000 5.500000 2.490997
-5.950000 5.550000 2.490113
-5.950000 5.600000 2.489661
-5.950000 5.650000 2.489661
-5.950000 5.700000 2.490113
-5.950000 5.750000 2.490997
-5.950000 5.800000 2.492275
-5.950000 5.850000 2.493890
-5.950000 5.900000 2.495772
-5.950000 5.950000 2.497839
-5.950000 6.000000 2.500000
-5.900000 0.000000 2.500000
-5.900000 0.050000 2.504228
-5.900000 0.100000 2.508272
-5.900000 0.150000 2.511954
-5.900000 0.200000 2.515113
-5.900000 0.250000 2.517612
-5.900000 0.300000 2.519341
-5.900000 0.350000 2.520225
-5.900000 0.400000 2.520225
-5.900000 0.450000 2.519341
-5.900000 0.500000 2.517612
-5.900000 0.550000 2.515113
-5.900000 0.600000 2.511954
-5.900000 0.650000 2.508272
-5.900000 0.700000 2.504228
-5.900000 0.750000 2.500000
-5.900000 0.800000 2.495772
-5.900000 0.850000 2.491728
-5.900000 0.900000 2.488046
-5.900000 0.950000 2.484887
-5.900000 1.000000 2.482388
-5.900000 1.050000 2.480659
-5.900000 1.100000 2.479775
-5.900000 1.150000 2.479775
-5.900000 1.200000 2.480659
-5.900000 1.250000 2.482388
-5.900000 1.300000 2.484887
-5.900000 1.350000 2.488046
-5.900000 1.400000 2.491728
-5.900000 1.450000 2.495772
-5.900000 1.500000 2.500000
-5.900000 1.550000 2.504228
-5.900000 1.600000 2.508272
-5.900000 1.650000 2.511954
-5.900000 1.700000 2.515113
-5.900000 1.750000 2.517612
-5.900000 1.800000 2.519341
-5.900000 1.850000 2.520225
-5.900000 1.900000 2.520225
-5.900000 1.950000 2.519341
-5.900000 2.000000 2.517612
-5.900000 2.050000 2.515113
-5.900000 2.100000 2.511954
-5.900000 2.150000 2.508272
-5.900000 2.200000 2.504228
-5.900000 2.250000 2.500000
-5.900000 2.300000 2.495772
-5.900000 2.350000 2.491728
-5.900000 2.400000 2.488046
-5.900000 2.450000 2.484887
-5.900000 2.500000 2.482388
-5.900000 2.550000 2.480659
-5.900000 2.600000 2.479775
-5.900000 2.650000 2.479775
-5.900000 2.700000 2.480659
-5.900000 2.750000 2.482388
-5.900000 2.800000 2.484887
-5.900000 2.850000 2.488046
-5.900000 2.900000 2.491728
-5.900000 2.950000 2.495772
-5.900000 3.000000 2.500000
-5.900000 3.050000 2.504228
-5.900000 3.100000 2.508272
-5.900000 3.150000 2.511954
-5.900000 3.200000 2.515113
-5.900000 3.250000 2.517612
-5.900000 3.300000 2.519341
-5.900000 3.350000 2.520225
-5.900000 3.400000 2.520225
-5.900000 3.450000 2.519341
-5.900000 3.500000 2.517612
-5.900000 3.550000 2.515113
-5.900000 3.600000 2.511954
-5.900000 3.650000 2.508272
-5.900000 3.700000 2.504228
-5.900000 3.750000 2.500000
-5.900000 3.800000 2.495772
-5.900000 3.850000 2.491728
-5.900000 3.900000 2.488046
-5.900000 3.950000 2.484887
-5.900000 4.000000 2.482388
-5.900000 4.050000 2.480659
-5.900000 4.100000 2.479775
-5.900000 4.150000 2.479775
-5.900000 4.200000 2.480659
-5.900000 4.250000 2.482388
-5.900000 4.300000 2.484887
-5.900000 4.350000 2.488046
-5.900000 4.400000 2.491728
-5.900000 4.450000 2.495772
-5.900000 4.500000 2.500000
-5.900000 4.550000 2.504228
-5.900000 4.600000 2.508272
-5.900000 4.650000 2.511954
-5.900000 4.700000 2.515113
-5.900000 4.750000 2.517612
-5.900000 4.800000 2.519341
-5.900000 4.850000 2.520225
-5.900000 4.900000 2.520225
-5.900000 4.950000 2.519341
-5.900000 5.000000 2.517612
-5.900000 5.050000 2.515113
-5.900000 5.100000 2.511954
-5.900000 5.150000 2.508272
-5.900000 5.200000 2.504228
-5.900000 5.250000 2.500000
-5.900000 5.300000 2.495772
-5.900000 5.350000 2.491728
-5.900000 5.400000 2.488046
-5.900000 5.450000 2.484887
-5.900000 5.500000 2.482388
-5.900000 5.550000 2.480659
-5.900000 5.600000 2.479775
-5.900000 5.650000 2.479775
-5.900000 5.700000 2.480659
-5.900000 5.750000 2.482388
-5.900000 5.800000 2.484887
-5.900000 5.850000 2.488046
-5.900000 5.900000 2.491728
-5.900000 5.950000 2.495772
-5.900000 6.000000 2.500000
-5.850000 0.000000 2.500000
-5.850000 0.050000 2.506110
-5.850000 0.100000 2.511954
-5.850000 0.150000 2.517275
-5.850000 0.200000 2.521840
-5.850000 0.250000 2.525452
-5.850000 0.300000 2.527951
-5.850000 0.350000 2.529228
-5.850000 0.400000 2.529228
-5.850000 0.450000 2.527951
-5.850000 0.500000 2.525452
-5.850000 0.550000 2.521840
-5.850000 0.600000 2.517275
-5.850000 0.650000 2.511954
-5.850000 0.700000 2.506110
-5.850000 0.750000 2.500000
-5.850000 0.800000 2.493890
-5.850000 0.850000 2.488046
-5.850000 0.900000 2.482725
-5.850000 0.950000 2.478160
-5.850000 1.000000 2.474548
-5.850000 1.050000 2.472049
-5.850000 1.100000 2.470772
-5.850000 1.150000 2.470772
-5.850000 1.200000 2.472049
-5.850000 1.250000 2.474548
-5.850000 1.300000 2.478160
-5.850000 1.350000 2.482725
-5.850000 1.400000 2.488046
-5.850000 1.450000 2.493890
-5.850000 1.500000 2.500000
-5.850000 1.550000 2.506110
-5.850000 1.600000 2.511954
-5.850000 1.650000 2.517275
-5.850000 1.700000 2.521840
-5.850000 1.750000 2.525452
-5.850000 1.800000 2.527951
-5.850000 1.850000 2.529228
-5.850000 1.900000 2.529228
-5.850000 1.950000 2.527951
-5.850000 2.000000 2.525452
-5.850000 2.050000 2.521840
-5.850000 2.100000 2.517275
-5.850000 2.150000 2.511954
-5.850000 2.200000 2.506110
-5.850000 2.250000 2.500000
-5.850000 2.300000 2.493890
-5.850000 2.350000 2.488046
-5.850000 2.400000 2.482725
-5.850000 2.450000 2.478160
-5.850000 2.500000 2.474548
-5.850000 2.550000 2.472049
-5.850000 2.600000 2.470772
-5.850000 2.650000 2.470772
-5.850000 2.700000 2.472049
-5.850000 2.750000 2.474548
-5.850000 2.800000 2.478160
-5.850000 2.850000 2.482725
-5.850000 2.900000 2.488046
-5.850000 2.950000 2.493890
-5.850000 3.000000 2.500000
-5.850000 3.050000 2.506110
-5.850000 3.100000 2.511954
-5.850000 3.150000 2.517275
-5.850000 3.200000 2.521840
-5.850000 3.250000 2.525452
-5.850000 3.300000 2.527951
-5.850000 3.350000 2.529228
-5.850000 3.400000 2.529228
-5.850000 3.450000 2.527951
-5.850000 3.500000 2.525452
-5.850000 3.550000 2.521840
-5.850000 3.600000 2.517275
-5.850000 3.650000 2.511954
-5.850000 3.700000 2.506110
-5.850000 3.750000 2.500000
-5.850000 3.800000 2.493890
-5.850000 3.850000 2.488046
-5.850000 3.900000 2.482725
-5.850000 3.950000 2.478160
-5.850000 4.000000 2.474548
-5.850000 4.050000 2.472049
-5.850000 4.100000 2.470772
-5.850000 4.150000 2.470772
-5.850000 4.200000 2.472049
-5.850000 4.250000 2.474548
-5.850000 4.300000 2.478160
-5.850000 4.350000 2.482725
-5.850000 4.400000 2.488046
-5.850000 4.450000 2.493890
-5.850000 4.500000 2.500000
-5.850000 4.550000 2.506110
-5.850000 4.600000 2.511954
-5.850000 4.650000 2.517275
-5.850000 4.700000 2.521840
-5.850000 4.750000 2.525452
-5.850000 4.800000 2.527951
-5.850000 4.850000 2.529228
-5.850000 4.900000 2.529228
-5.850000 4.950000 2.527951
-5.850000 5.000000 2.525452
-5.850000 5.050000 2.521840
-5.850000 5.100000 2.517275
-5.850000 5.150000 2.511954
-5.850000 5.200000 2.506110
-5.850000 5.250000 2.500000
-5.850000 5.300000 2.493890
-5.850000 5.350000 2.488046
-5.850000 5.400000 2.482725
-5.850000 5.450000 2.478160
-5.850000 5.500000 2.474548
-5.850000 5.550000 2.472049
-5.850000 5.600000 2.470772
-5.850000 5.650000 2.470772
-5.850000 5.700000 2.472049
-5.850000 5.750000 2.474548
-5.850000 5.800000 2.478160
-5.850000 5.850000 2.482725
-5.850000 5.900000 2.488046
-5.850000 5.950000 2.493890
-5.850000 6.000000 2.500000
-5.800000 0.000000 2.500000
-5.800000 0.050000 2.507725
-5.800000 0.100000 2.515113
-5.800000 0.150000 2.521840
-5.800000 0.200000 2.527613
-5.800000 0.250000 2.532179
-5.800000 0.300000 2.535339
-5.800000 0.350000 2.536954
-5.800000 0.400000 2.536954
-5.800000 0.450000 2.535339
-5.800000 0.500000 2.532179
-5.800000 0.550000 2.527613
-5.800000 0.600000 2.521840
-5.800000 0.650000 2.515113
-5.800000 0.700000 2.507725
-5.800000 0.750000 2.500000
-5.800000 0.800000 2.492275
-5.800000 0.850000 2.484887
-5.800000 0.900000 2.478160
-5.800000 0.950000 2.472387
-5.800000 1.000000 2.467821
-5.800000 1.050000 2.464661
-5.800000 1.100000 2.463046
-5.800000 1.150000 2.463046
-5.800000 1.200000 2.464661
-5.800000 1.250000 2.467821
-5.800000 1.300000 2.472387
-5.800000 1.350000 2.478160
-5.800000 1.400000 2.484887
-5.800000 1.450000 2.492275
-5.800000 1.500000 2.500000
-5.800000 1.550000 2.507725
-5.800000 1.600000 2.515113
-5.800000 1.650000 2.521840
-5.800000 1.700000 2.527613
-5.800000 1.750000 2.532179
-5.800000 1.800000 2.535339
-5.800000 1.850000 2.536954
-5.800000 1.900000 2.536954
-5.800000 1.950000 2.535339
-5.800000 2.000000 2.532179
-5.800000 2.050000 2.527613
-5.800000 2.100000 2.521840
-5.800000 2.150000 2.515113
-5.800000 2.200000 2.507725
-5.800000 2.250000 2.500000
-5.800000 2.300000 2.492275
-5.800000 2.350000 2.484887
-5.800000 2.400000 2.478160
-5.800000 2.450000 2.472387
-5.800000 2.500000 2.467821
-5.800000 2.550000 2.464661
-5.800000 2.600000 2.463046
-5.800000 2.650000 2.463046
-5.800000 2.700000 2.464661
-5.800000 2.750000 2.467821
-5.800000 2.800000 2.472387
-5.800000 2.850000 2.478160
-5.800000 2.900000 2.484887
-5.800000 2.950000 2.492275
-5.800000 3.000000 2.500000
-5.800000 3.050000 2.507725
-5.800000 3.100000 2.515113
-5.800000 3.150000 2.521840
-5.800000 3.200000 2.527613
-5.800000 3.250000 2.532179
-5.800000 3.300000 2.535339
-5.800000 3.350000 2.536954
-5.800000 3.400000 2.536954
-5.800000 3.450000 2.535339
-5.800000 3.500000 2.532179
-5.800000 3.550000 2.527613
-5.800000 3.600000 2.521840
-5.800000 3.650000 2.515113
-5.800000 3.700000 2.507725
-5.800000 3.750000 2.500000
-5.800000 3.800000 2.492275
-5.800000 3.850000 2.484887
-5.800000 3.900000 2.478160
-5.800000 3.950000 2.472387
-5.800000 4.000000 2.467821
-5.800000 4.050000 2.464661
-5.800000 4.100000 2.463046
-5.800000 4.150000 2.463046
-5.800000 4.200000 2.464661
-5.800000 4.250000 2.467821
-5.800000 4.300000 2.472387
-5.800000 4.350000 2.478160
-5.800000 4.400000 2.484887
-5.800000 4.450000 2.492275
-5.800000 4.500000 2.500000
-5.800000 4.550000 2.507725
-5.800000 4.600000 2.515113
-5.800000 4.650000 2.521840
-5.800000 4.700000 2.527613
-5.800000 4.750000 2.532179
-5.800000 4.800000 2.535339
-5.800000 4.850000 2.536954
-5.800000 4.900000 2.536954
-5.800000 4.950000 2.535339
-5.800000 5.000000 2.532179
-5.800000 5.050000 2.527613
-5.800000 5.100000 2.521840
-5.800000 5.150000 2.515113
-5.800000 5.200000 2.507725
-5.800000 5.250000 2.500000
-5.800000 5.300000 2.492275
-5.800000 5.350000 2.484887
-5.800000 5.400000 2.478160
-5.800000 5.450000 2.472387
-5.800000 5.500000 2.467821
-5.800000 5.550000 2.464661
-5.800000 5.600000 2.463046
-5.800000 5.650000 2.463046
-5.800000 5.700000 2.464661
-5.800000 5.750000 2.467821
-5.800000 5.800000 2.472387
-5.800000 5.850000 2.478160
-5.800000 5.900000 2.484887
-5.800000 5.950000 2.492275
-5.800000 6.000000 2.500000
-5.750000 0.000000 2.500000
-5.750000 0.050000 2.509003
-5.750000 0.100000 2.517612
-5.750000 0.150000 2.525452
-5.750000 0.200000 2.532179
-5.750000 0.250000 2.537500
-5.750000 0.300000 2.541182
-5.750000 0.350000 2.543064
-5.750000 0.400000 2.543064
-5.750000 0.450000 2.541182
-5.750000 0.500000 2.537500
-5.750000 0.550000 2.532179
-5.750000 0.600000 2.525452
-5.750000 0.650000 2.517612
-5.750000 0.700000 2.509003
-5.750000 0.750000 2.500000
-5.750000 0.800000 2.490997
-5.750000 0.850000 2.482388
-5.750000 0.900000 2.474548
-5.750000 0.950000 2.467821
-5.750000 1.000000 2.462500
-5.750000 1.050000 2.458818
-5.750000 1.100000 2.456936
-5.750000 1.150000 2.456936
-5.750000 1.200000 2.458818
-5.750000 1.250000 2.462500
-5.750000 1.300000 2.467821
-5.750000 1.350000 2.474548
-5.750000 1.400000 2.482388
-5.750000 1.450000 2.490997
-5.750000 1.500000 2.500000
-5.750000 1.550000 2.509003
-5.750000 1.600000 2.517612
-5.750000 1.650000 2.525452
-5.750000 1.700000 2.532179
-5.750000 1.750000 2.537500
-5.750000 1.800000 2.541182
-5.750000 1.850000 2.543064
-5.750000 1.900000 2.543064
-5.750000 1.950000 2.541182
-5.750000 2.000000 2.537500
-5.750000 2.050000 2.532179
-5.750000 2.100000 2.525452
-5.750000 2.150000 2.517612
-5.750000 2.200000 2.509003
-5.750000 2.250000 2.500000
-5.750000 2.300000 2.490997
-5.750000 2.350000 2.482388
-5.750000 2.400000 2.474548
-5.750000 2.450000 2.467821
-5.750000 2.500000 2.462500
-5.750000 2.550000 2.458818
-5.750000 2.600000 2.456936
-5.750000 2.650000 2.456936
-5.750000 2.700000 2.458818
-5.750000 2.750000 2.462500
-5.750000 2.800000 2.467821
-5.750000 2.850000 2.474548
-5.750000 2.900000 2.482388
-5.750000 2.950000 2.490997
-5.750000 3.000000 2.500000
-5.750000 3.050000 2.509003
-5.750000 3.100000 2.517612
-5.750000 3.150000 2.525452
-5.750000 3.200000 2.532179
-5.750000 3.250000 2.537500
-5.750000 3.300000 2.541182
-5.750000 3.350000 2.543064
-5.750000 3.400000 2.543064
-5.750000 3.450000 2.541182
-5.750000 3.500000 2.537500
-5.750000 3.550000 2.532179
-5.750000 3.600000 2.525452
-5.750000 3.650000 2.517612
-5.750000 3.700000 2.509003
-5.750000 3.750000 2.500000
-5.750000 3.800000 2.490997
-5.750000 3.850000 2.482388
-5.750000 3.900000 2.474548
-5.750000 3.950000 2.467821
-5.750000 4.000000 2.462500
-5.750000 4.050000 2.458818
-5.750000 4.100000 2.456936
-5.750000 4.150000 2.456936
-5.750000 4.200000 2.458818
-5.750000 4.250000 2.462500
-5.750000 4.300000 2.467821
-5.750000 4.350000 2.474548
-5.750000 4.400000 2.482388
-5.750000 4.450000 2.490997
-5.750000 4.500000 2.500000
-5.750000 4.550000 2.509003
-5.750000 4.600000 2.517612
-5.750000 4.650000 2.525452
-5.750000 4.700000 2.532179
-5.750000 4.750000 2.537500
-5.750000 4.800000 2.541182
-5.750000 4.850000 2.543064
-5.750000 4.900000 2.543064
-5.750000 4.950000 2.541182
-5.750000 5.000000 2.537500
-5.750000 5.050000 2.532179
-5.750000 5.100000 2.525452
-5.750000 5.150000 2.517612
-5.750000 5.200000 2.509003
-5.750000 5.250000 2.500000
-5.750000 5.300000 2.490997
-5.750000 5.350000 2.482388
-5.750000 5.400000 2.474548
-5.750000 5.450000 2.467821
-5.750000 5.500000 2.462500
-5.750000 5.550000 2.458818
-5.750000 5.600000 2.456936
-5.750000 5.650000 2.456936
-5.750000 5.700000 2.458818
-5.750000 5.750000 2.462500
-5.750000 5.800000 2.467821
-5.750000 5.850000 2.474548
-5.750000 5.900000 2.482388
-5.750000 5.950000 2.490997
-5.750000 6.000000 2.500000
-5.700000 0.000000 2.500000
-5.700000 0.050000 2.509887
-5.700000 0.100000 2.519341
-5.700000 0.150000 2.527951
-5.700000 0.200000 2.535339
-5.700000 0.250000 2.541182
-5.700000 0.300000 2.545225
-5.700000 0.350000 2.547292
-5.700000 0.400000 2.547292
-5.700000 0.450000 2.545225
-5.700000 0.500000 2.541182
-5.700000 0.550000 2.535339
-5.700000 0.600000 2.527951
-5.700000 0.650000 2.519341
-5.700000 0.700000 2.509887
-5.700000 0.750000 2.500000
-5.700000 0.800000 2.490113
-5.700000 0.850000 2.480659
-5.700000 0.900000 2.472049
-5.700000 0.950000 2.464661
-5.700000 1.000000 2.458818
-5.700000 1.050000 2.454775
-5.700000 1.100000 2.452708
-5.700000 1.150000 2.452708
-5.700000 1.200000 2.454775
-5.700000 1.250000 2.458818
-5.700000 1.300000 2.464661
-5.700000 1.350000 2.472049
-5.700000 1.400000 2.480659
-5.700000 1.450000 2.490113
-5.700000 1.500000 2.500000
-5.700000 1.550000 2.509887
-5.700000 1.600000 2.519341
-5.700000 1.650000 2.527951
-5.700000 1.700000 2.535339
-5.700000 1.750000 2.541182
-5.700000 1.800000 2.545225
-5.700000 1.850000 2.547292
-5.700000 1.900000 2.547292
-5.700000 1.950000 2.545225
-5.700000 2.000000 2.541182
-5.700000 2.050000 2.535339
-5.700000 2.100000 2.527951
-5.700000 2.150000 2.519341
-5.700000 2.200000 2.509887
-5.700000 2.250000 2.500000
-5.700000 2.300000 2.490113
-5.700000 2.350000 2.480659
-5.700000 2.400000 2.472049
-5.700000 2.450000 2.464661
-5.700000 2.500000 2.458818
-5.700000 2.550000 2.454775
-5.700000 2.600000 2.452708
-5.700000 2.650000 2.452708
-5.700000 2.700000 2.454775
-5.700000 2.750000 2.458818
-5.700000 2.800000 2.464661
-5.700000 2.850000 2.472049
-5.700000 2.900000 2.480659
-5.700000 2.950000 2.490113
-5.700000 3.000000 2.500000
-5.700000 3.050000 2.509887
-5.700000 3.100000 2.519341
-5.700000 3.150000 2.527951
-5.700000 3.200000 2.535339
-5.700000 3.250000 2.541182
-5.700000 3.300000 2.545225
-5.700000 3.350000 2.547292
-5.700000 3.400000 2.547292
-5.700000 3.450000 2.545225
-5.700000 3.500000 2.541182
-5.700000 3.550000 2.535339
-5.700000 3.600000 2.527951
-5.700000 3.650000 2.519341
-5.700000 3.700000 2.509887
-5.700000 3.750000 2.500000
-5.700000 3.800000 2.490113
-5.700000 3.850000 2.480659
-5.700000 3.900000 2.472049
-5.700000 3.950000 2.464661
-5.700000 4.000000 2.458818
-5.700000 4.050000 2.454775
-5.700000 4.100000 2.452708
-5.700000 4.150000 2.452708
-5.700000 4.200000 2.454775
-5.700000 4.250000 2.458818
-5.700000 4.300000 2.464661
-5.700000 4.350000 2.472049
-5.700000 4.400000 2.480659
-5.700000 4.450000 2.490113
-5.700000 4.500000 2.500000
-5.700000 4.550000 2.509887
-5.700000 4.600000 2.519341
-5.700000 4.650000 2.527951
-5.700000 4.700000 2.535339
-5.700000 4.750000 2.541182
-5.700000 4.800000 2.545225
-5.700000 4.850000 2.547292
-5.700000 4.900000 2.547292
-5.700000 4.950000 2.545225
-5.700000 5.000000 2.541182
-5.700000 5.050000 2.535339
-5.700000 5.100000 2.527951
-5.700000 5.150000 2.519341
-5.700000 5.200000 2.509887
-5.700000 5.250000 2.500000
-5.700000 5.300000 2.490113
-5.700000 5.350000 2.480659
-5.700000 5.400000 2.472049
-5.700000 5.450000 2.464661
-5.700000 5.500000 2.458818
-5.700000 5.550000 2.454775
-5.700000 5.600000 2.452708
-5.700000 5.650000 2.452708
-5.700000 5.700000 2.454775
-5.700000 5.750000 2.458818
-5.700000 5.800000 2.464661
-5.700000 5.850000 2.472049
-5.700000 5.900000 2.480659
-5.700000 5.950000 2.490113
-5.700000 6.000000 2.500000
-5.650000 0.000000 2.500000
-5.650000 0.050000 2.510339
-5.650000 0.100000 2.520225
-5.650000 0.150000 2.529228
-5.650000 0.200000 2.536954
-5.650000 0.250000 2.543064
-5.650000 0.300000 2.547292
-5.650000 0.350000 2.549454
-5.650000 0.400000 2.549454
-5.650000 0.450000 2.547292
-5.650000 0.500000 2.543064
-5.650000 0.550000 2.536954
-5.650000 0.600000 2.529228
-5.650000 0.650000 2.520225
-5.650000 0.700000 2.510339
-5.650000 0.750000 2.500000
-5.650000 0.800000 2.489661
-5.650000 0.850000 2.479775
-5.650000 0.900000 2.470772
-5.650000 0.950000 2.463046
-5.650000 1.000000 2.456936
-5.650000 1.050000 2.452708
-5.650000 1.100000 2.450546
-5.650000 1.150000 2.450546
-5.650000 1.200000 2.452708
-5.650000 1.250000 2.456936
-5.650000 1.300000 2.463046
-5.650000 1.350000 2.470772
-5.650000 1.400000 2.479775
-5.650000 1.450000 2.489661
-5.650000 1.500000 2.500000
-5.650000 1.550000 2.510339
-5.650000 1.600000 2.520225
-5.650000 1.650000 2.529228
-5.650000 1.700000 2.536954
-5.650000 1.750000 2.543064
-5.650000 1.800000 2.547292
-5.650000 1.850000 2.549454
-5.650000 1.900000 2.549454
-5.650000 1.950000 2.547292
-5.650000 2.000000 2.543064
-5.650000 2.050000 2.536954
-5.650000 2.100000 2.529228
-5.650000 2.150000 2.520225
-5.650000 2.200000 2.510339
-5.650000 2.250000 2.500000
-5.650000 2.300000 2.489661
-5.650000 2.350000 2.479775
-5.650000 2.400000 2.470772
-5.650000 2.450000 2.463046
-5.650000 2.500000 2.456936
-5.650000 2.550000 2.452708
-5.650000 2.600000 2.450546
-5.650000 2.650000 2.450546
-5.650000 2.700000 2.452708
-5.650000 2.750000 2.456936
-5.650000 2.800000 2.463046
-5.650000 2.850000 2.470772
-5.650000 2.900000 2.479775
-5.650000 2.950000 2.489661
-5.650000 3.000000 2.500000
-5.650000 3.050000 2.510339
-5.650000 3.100000 2.520225
-5.650000 3.150000 2.529228
-5.650000 3.200000 2.536954
-5.650000 3.250000 2.543064
-5.650000 3.300000 2.547292
-5.650000 3.350000 2.549454
-5.650000 3.400000 2.549454
-5.650000 3.450000 2.547292
-5.650000 3.500000 2.543064
-5.650000 3.550000 2.536954
-5.650000 3.600000 2.529228
-5.650000 3.650000 2.520225
-5.650000 3.700000 2.510339
-5.650000 3.750000 2.500000
-5.650000 3.800000 2.489661
-5.650000 3.850000 2.479775
-5.650000 3.900000 2.470772
-5.650000 3.950000 2.463046
-5.650000 4.000000 2.456936
-5.650000 4.050000 2.452708
-5.650000 4.100000 2.450546
-5.650000 4.150000 2.450546
-5.650000 4.200000 2.452708
-5.650000 4.250000 2.456936
-5.650000 4.300000 2.463046
-5.650000 4.350000 2.470772
-5.650000 4.400000 2.479775
-5.650000 4.450000 2.489661
-5.650000 4.500000 2.500000
-5.650000 4.550000 2.510339
-5.650000 4.600000 2.520225
-5.650000 4.650000 2.529228
-5.650000 4.700000 2.536954
-5.650000 4.750000 2.543064
-5.650000 4.800000 2.547292
-5.650000 4.850000 2.549454
-5.650000 4.900000 2.549454
-5.650000 4.950000 2.547292
-5.650000 5.000000 2.543064
-5.650000 5.050000 2.536954
-5.650000 5.100000 2.529228
-5.650000 5.150000 2.520225
-5.650000 5.200000 2.510339
-5.650000 5.250000 2.500000
-5.650000 5.300000 2.489661
-5.650000 5.350000 2.479775
-5.650000 5.400000 2.470772
-5.650000 5.450000 2.463046
-5.650000 5.500000 2.456936
-5.650000 5.550000 2.452708
-5.650000 5.600000 2.450546
-5.650000 5.650000 2.450546
-5.650000 5.700000 2.452708
-5.650000 5.750000 2.456936
-5.650000 5.800000 2.463046
-5.650000 5.850000 2.470772
-5.650000 5.900000 2.479775
-5.650000 5.950000 2.489661
-5.650000 6.000000 2.500000
-5.600000 0.000000 2.500000
-5.600000 0.050000 2.510339
-5.600000 0.100000 2.520225
-5.600000 0.150000 2.529228
-5.600000 0.200000 2.536954
-5.600000 0.250000 2.543064
-5.600000 0.300000 2.547292
-5.600000 0.350000 2.549454
-5.600000 0.400000 2.549454
-5.600000 0.450000 2.547292
-5.600000 0.500000 2.543064
-5.600000 0.550000 2.536954
-5.600000 0.600000 2.529228
-5.600000 0.650000 2.520225
-5.600000 0.700000 2.510339
-5.600000 0.750000 2.500000
-5.600000 0.800000 2.489661
-5.600000 0.850000 2.479775
-5.600000 0.900000 2.470772
-5.600000 0.950000 2.463046
-5.600000 1.000000 2.456936
-5.600000 1.050000 2.452708
-5.600000 1.100000 2.450546
-5.600000 1.150000 2.450546
-5.600000 1.200000 2.452708
-5.600000 1.250000 2.456936
-5.600000 1.300000 2.463046
-5.600000 1.350000 2.470772
-5.600000 1.400000 2.479775
-5.600000 1.450000 2.489661
-5.600000 1.500000 2.500000
-5.600000 1.550000 2.510339
-5.600000 1.600000 2.520225
-5.600000 1.650000 2.529228
-5.600000 1.700000 2.536954
-5.600000 1.750000 2.543064
-5.600000 1.800000 2.547292
-5.600000 1.850000 2.549454
-5.600000 1.900000 2.549454
-5.600000 1.950000 2.547292
-5.600000 2.000000 2.543064
-5.600000 2.050000 2.536954
-5.600000 2.100000 2.529228
-5.600000 2.150000 2.520225
-5.600000 2.200000 2.510339
-5.600000 2.250000 2.500000
-5.600000 2.300000 2.489661
-5.600000 2.350000 2.479775
-5.600000 2.400000 2.470772
-5.600000 2.450000 2.463046
-5.600000 2.500000 2.456936
-5.600000 2.550000 2.452708
-5.600000 2.600000 2.450546
-5.600000 2.650000 2.450546
-5.600000 2.700000 2.452708
-5.600000 2.750000 2.456936
-5.600000 2.800000 2.463046
-5.600000 2.850000 2.470772
-5.600000 2.900000 2.479775
-5.600000 2.950000 2.489661
-5.600000 3.000000 2.500000
-5.600000 3.050000 2.510339
-5.600000 3.100000 2.520225
-5.600000 3.150000 2.529228
-5.600000 3.200000 2.536954
-5.600000 3.250000 2.543064
-5.600000 3.300000 2.547292
-5.600000 3.350000 2.549454
-5.600000 3.400000 2.549454
-5.600000 3.450000 2.547292
-5.600000 3.500000 2.543064
-5.600000 3.550000 2.536954
-5.600000 3.600000 2.529228
-5.600000 3.650000 2.520225
-5.600000 3.700000 2.510339
-5.600000 3.750000 2.500000
-5.600000 3.800000 2.489661
-5.600000 3.850000 2.479775
-5.600000 3.900000 2.470772
-5.600000 3.950000 2.463046
-5.600000 4.000000 2.456936
-5.600000 4.050000 2.452708
-5.600000 4.100000 2.450546
-5.600000 4.150000 2.450546
-5.600000 4.200000 2.452708
-5.600000 4.250000 2.456936
-5.600000 4.300000 2.463046
-5.600000 4.350000 2.470772
-5.600000 4.400000 2.479775
-5.600000 4.450000 2.489661
-5.600000 4.500000 2.500000
-5.600000 4.550000 2.510339
-5.600000 4.600000 2.520225
-5.600000 4.650000 2.529228
-5.600000 4.700000 2.536954
-5.600000 4.750000 2.543064
-5.600000 4.800000 2.547292
-5.600000 4.850000 2.549454
-5.600000 4.900000 2.549454
-5.600000 4.950000 2.547292
-5.600000 5.000000 2.543064
-5.600000 5.050000 2.536954
-5.600000 5.100000 2.529228
-5.600000 5.150000 2.520225
-5.600000 5.200000 2.510339
-5.600000 5.250000 2.500000
-5.600000 5.300000 2.489661
-5.600000 5.350000 2.479775
-5.600000 5.400000 2.470772
-5.600000 5.450000 2.463046
-5.600000 5.500000 2.456936
-5.600000 5.550000 2.452708
-5.600000 5.600000 2.450546
-5.600000 5.650000 2.450546
-5.600000 5.700000 2.452708
-5.600000 5.750000 2.456936
-5.600000 5.800000 2.463046
-5.600000 5.850000 2.470772
-5.600000 5.900000 2.479775
-5.600000 5.950000 2.489661
-5.600000 6.000000 2.500000
-5.550000 0.000000 2.500000
-5.550000 0.050000 2.509887
-5.550000 0.100000 2.519341
-5.550000 0.150000 2.527951
-5.550000 0.200000 2.535339
-5.550000 0.250000 2.541182
-5.550000 0.300000 2.545225
-5.550000 0.350000 2.547292
-5.550000 0.400000 2.547292
-5.550000 0.450000 2.545225
-5.550000 0.500000 2.541182
-5.550000 0.550000 2.535339
-5.550000 0.600000 2.527951
-5.550000 0.650000 2.519341
-5.550000 0.700000 2.509887
-5.550000 0.750000 2.500000
-5.550000 0.800000 2.490113
-5.550000 0.850000 2.480659
-5.550000 0.900000 2.472049
-5.550000 0.950000 2.464661
-5.550000 1.000000 2.458818
-5.550000 1.050000 2.454775
-5.550000 1.100000 2.452708
-5.550000 1.150000 2.452708
-5.550000 1.200000 2.454775
-5.550000 1.250000 2.458818
-5.550000 1.300000 2.464661
-5.550000 1.350000 2.472049
-5.550000 1.400000 2.480659
-5.550000 1.450000 2.490113
-5.550000 1.500000 2.500000
-5.550000 1.550000 2.509887
-5.550000 1.600000 2.519341
-5.550000 1.650000 2.527951
-5.550000 1.700000 2.535339
-5.550000 1.750000 2.541182
-5.550000 1.800000 2.545225
-5.550000 1.850000 2.547292
-5.550000 1.900000 2.547292
-5.550000 1.950000 2.545225
-5.550000 2.000000 2.541182
-5.550000 2.050000 2.535339
-5.550000 2.100000 2.527951
-5.550000 2.150000 2.519341
-5.550000 2.200000 2.509887
-5.550000 2.250000 2.500000
-5.550000 2.300000 2.490113
-5.550000 2.350000 2.480659
-5.550000 2.400000 2.472049
-5.550000 2.450000 2.464661
-5.550000 2.500000 2.458818
-5.550000 2.550000 2.454775
-5.550000 2.600000 2.452708
-5.550000 2.650000 2.452708
-5.550000 2.700000 2.454775
-5.550000 2.750000 2.458818
-5.550000 2.800000 2.464661
-5.550000 2.850000 2.472049
-5.550000 2.900000 2.480659
-5.550000 2.950000 2.490113
-5.550000 3.000000 2.500000
-5.550000 3.050000 2.509887
-5.550000 3.100000 2.519341
-5.550000 3.150000 2.527951
-5.550000 3.200000 2.535339
-5.550000 3.250000 2.541182
-5.550000 3.300000 2.545225
-5.550000 3.350000 2.547292
-5.550000 3.400000 2.547292
-5.550000 3.450000 2.545225
-5.550000 3.500000 2.541182
-5.550000 3.550000 2.535339
-5.550000 3.600000 2.527951
-5.550000 3.650000 2.519341
-5.550000 3.700000 2.509887
-5.550000 3.750000 2.500000
-5.550000 3.800000 2.490113
-5.550000 3.850000 2.480659
-5.550000 3.900000 2.472049
-5.550000 3.950000 2.464661
-5.550000 4.000000 2.458818
-5.550000 4.050000 2.454775
-5.550000 4.100000 2.452708
-5.550000 4.150000 2.452708
-5.550000 4.200000 2.454775
-5.550000 4.250000 2.458818
-5.550000 4.300000 2.464661
-5.550000 4.350000 2.472049
-5.550000 4.400000 2.480659
-5.550000 4.450000 2.490113
-5.550000 4.500000 2.500000
-5.550000 4.550000 2.509887
-5.550000 4.600000 2.519341
-5.550000 4.650000 2.527951
-5.550000 4.700000 2.535339
-5.550000 4.750000 2.541182
-5.550000 4.800000 2.545225
-5.550000 4.850000 2.547292
-5.550000 4.900000 2.547292
-5.550000 4.950000 2.545225
-5.550000 5.000000 2.541182
-5.550000 5.050000 2.535339
-5.550000 5.100000 2.527951
-5.550000 5.150000 2.519341
-5.550000 5.200000 2.509887
-5.550000 5.250000 2.500000
-5.550000 5.300000 2.490113
-5.550000 5.350000 2.480659
-5.550000 5.400000 2.472049
-5.550000 5.450000 2.464661
-5.550000 5.500000 2.458818
-5.550000 5.550000 2.454775
-5.550000 5.600000 2.452708
-5.550000 5.650000 2.452708
-5.550000 5.700000 2.454775
-5.550000 5.750000 2.458818
-5.550000 5.800000 2.464661
-5.550000 5.850000 2.472049
-5.550000 5.900000 2.480659
-5.550000 5.950000 2.490113
-5.550000 6.000000 2.500000
-5.500000 0.000000 2.500000
-5.500000 0.050000 2.509003
-5.500000 0.100000 2.517612
-5.500000 0.150000 2.525452
-5.500000 0.200000 2.532179
-5.500000 0.250000 2.537500
-5.500000 0.300000 2.541182
-5.500000 0.350000 2.543064
-5.500000 0.400000 2.543064
-5.500000 0.450000 2.541182
-5.500000 0.500000 2.537500
-5.500000 0.550000 2.532179
-5.500000 0.600000 2.525452
-5.500000 0.650000 2.517612
-5.500000 0.700000 2.509003
-5.500000 0.750000 2.500000
-5.500000 0.800000 2.490997
-5.500000 0.850000 2.482388
-5.500000 0.900000 2.474548
-5.500000 0.950000 2.467821
-5.500000 1.000000 2.462500
-5.500000 1.050000 2.458818
-5.500000 1.100000 2.456936
-5.500000 1.150000 2.456936
-5.500000 1.200000 2.458818
-5.500000 1.250000 2.462500
-5.500000 1.300000 2.467821
-5.500000 1.350000 2.474548
-5.500000 1.400000 2.482388
-5.500000 1.450000 2.490997
-5.500000 1.500000 2.500000
-5.500000 1.550000 2.509003
-5.500000 1.600000 2.517612
-5.500000 1.650000 2.525452
-5.500000 1.700000 2.532179
-5.500000 1.750000 2.537500
-5.500000 1.800000 2.541182
-5.500000 1.850000 2.543064
-5.500000 1.900000 2.543064
-5.500000 1.950000 2.541182
-5.500000 2.000000 2.537500
-5.500000 2.050000 2.532179
-5.500000 2.100000 2.525452
-5.500000 2.150000 2.517612
-5.500000 2.200000 2.509003
-5.500000 2.250000 2.500000
-5.500000 2.300000 2.490997
-5.500000 2.350000 2.482388
-5.500000 2.400000 2.474548
-5.500000 2.450000 2.467821
-5.500000 2.500000 2.462500
-5.500000 2.550000 2.458818
-5.500000 2.600000 2.456936
-5.500000 2.650000 2.456936
-5.500000 2.700000 2.458818
-5.500000 2.750000 2.462500
-5.500000 2.800000 2.467821
-5.500000 2.850000 2.474548
-5.500000 2.900000 2.482388
-5.500000 2.950000 2.490997
-5.500000 3.000000 2.500000
-5.500000 3.050000 2.509003
-5.500000 3.100000 2.517612
-5.500000 3.150000 2.525452
-5.500000 3.200000 2.532179
-5.500000 3.250000 2.537500
-5.500000 3.300000 2.541182
-5.500000 3.350000 2.543064
-5.500000 3.400000 2.543064
-5.500000 3.450000 2.541182
-5.500000 3.500000 2.537500
-5.500000 3.550000 2.532179
-5.500000 3.600000 2.525452
-5.500000 3.650000 2.517612
-5.500000 3.700000 2.509003
-5.500000 3.750000 2.500000
-5.500000 3.800000 2.490997
-5.500000 3.850000 2.482388
-5.500000 3.900000 2.474548
-5.500000 3.950000 2.467821
-5.500000 4.000000 2.462500
-5.500000 4.050000 2.458818
-5.500000 4.100000 2.456936
-5.500000 4.150000 2.456936
-5.500000 4.200000 2.458818
-5.500000 4.250000 2.462500
-5.500000 4.300000 2.467821
-5.500000 4.350000 2.474548
-5.500000 4.400000 2.482388
-5.500000 4.450000 2.490997
-5.500000 4.500000 2.500000
-5.500000 4.550000 2.509003
-5.500000 4.600000 2.517612
-5.500000 4.650000 2.525452
-5.500000 4.700000 2.532179
-5.500000 4.750000 2.537500
-5.500000 4.800000 2.541182
-5.500000 4.850000 2.543064
-5.500000 4.900000 2.543064
-5.500000 4.950000 2.541182
-5.500000 5.000000 2.537500
-5.500000 5.050000 2.532179
-5.500000 5.100000 2.525452
-5.500000 5.150000 2.517612
-5.500000 5.200000 2.509003
-5.500000 5.250000 2.500000
-5.500000 5.300000 2.490997
-5.500000 5.350000 2.482388
-5.500000 5.400000 2.474548
-5.500000 5.450000 2.467821
-5.500000 5.500000 2.462500
-5.500000 5.550000 2.458818
-5.500000 5.600000 2.456936
-5.500000 5.650000 2.456936
-5.500000 5.700000 2.458818
-5.500000 5.750000 2.462500
-5.500000 5.800000 2.467821
-5.500000 5.850000 2.474548
-5.500000 5.900000 2.482388
-5.500000 5.950000 2.490997
-5.500000 6.000000 2.500000
-5.450000 0.000000 2.500000
-5.450000 0.050000 2.507725
-5.450000 0.100000 2.515113
-5.450000 0.150000 2.521840
-5.450000 0.200000 2.527613
-5.450000 0.250000 2.532179
-5.450000 0.300000 2.535339
-5.450000 0.350000 2.536954
-5.450000 0.400000 2.536954
-5.450000 0.450000 2.535339
-5.450000 0.500000 2.532179
-5.450000 0.550000 2.527613
-5.450000 0.600000 2.521840
-5.450000 0.650000 2.515113
-5.450000 0.700000 2.507725
-5.450000 0.750000 2.500000
-5.450000 0.800000 2.492275
-5.450000 0.850000 2.484887
-5.450000 0.900000 2.478160
-5.450000 0.950000 2.472387
-5.450000 1.000000 2.467821
-5.450000 1.050000 2.464661
-5.450000 1.100000 2.463046
-5.450000 1.150000 2.463046
-5.450000 1.200000 2.464661
-5.450000 1.250000 2.467821
-5.450000 1.300000 2.472387
-5.450000 1.350000 2.478160
-5.450000 1.400000 2.484887
-5.450000 1.450000 2.492275
-5.450000 1.500000 2.500000
-5.450000 1.550000 2.507725
-5.450000 1.600000 2.515113
-5.450000 1.650000 2.521840
-5.450000 1.700000 2.527613
-5.450000 1.750000 2.532179
-5.450000 1.800000 2.535339
-5.450000 1.850000 2.536954
-5.450000 1.900000 2.536954
-5.450000 1.950000 2.535339
-5.450000 2.000000 2.532179
-5.450000 2.050000 2.527613
-5.450000 2.100000 2.521840
-5.450000 2.150000 2.515113
-5.450000 2.200000 2.507725
-5.450000 2.250000 2.500000
-5.450000 2.300000 2.492275
-5.450000 2.350000 2.484887
-5.450000 2.400000 2.478160
-5.450000 2.450000 2.472387
-5.450000 2.500000 2.467821
-5.450000 2.550000 2.464661
-5.450000 2.600000 2.463046
-5.450000 2.650000 2.463046
-5.450000 2.700000 2.464661
-5.450000 2.750000 2.467821
-5.450000 2.800000 2.472387
-5.450000 2.850000 2.478160
-5.450000 2.900000 2.484887
-5.450000 2.950000 2.492275
-5.450000 3.000000 2.500000
-5.450000 3.050000 2.507725
-5.450000 3.100000 2.515113
-5.450000 3.150000 2.521840
-5.450000 3.200000 2.527613
-5.450000 3.250000 2.532179
-5.450000 3.300000 2.535339
-5.450000 3.350000 2.536954
-5.450000 3.400000 2.536954
-5.450000 3.450000 2.535339
-5.450000 3.500000 2.532179
-5.450000 3.550000 2.527613
-5.450000 3.600000 2.521840
-5.450000 3.650000 2.515113
-5.450000 3.700000 2.507725
-5.450000 3.750000 2.500000
-5.450000 3.800000 2.492275
-5.450000 3.850000 2.484887
-5.450000 3.900000 2.478160
-5.450000 3.950000 2.472387
-5.450000 4.000000 2.467821
-5.450000 4.050000 2.464661
-5.450000 4.100000 2.463046
-5.450000 4.150000 2.463046
-5.450000 4.200000 2.464661
-5.450000 4.250000 2.467821
-5.450000 4.300000 2.472387
-5.450000 4.350000 2.478160
-5.450000 4.400000 2.484887
-5.450000 4.450000 2.492275
-5.450000 4.500000 2.500000
-5.450000 4.550000 2.507725
-5.450000 4.600000 2.515113
-5.450000 4.650000 2.521840
-5.450000 4.700000 2.527613
-5.450000 4.750000 2.532179
-5.450000 4.800000 2.535339
-5.450000 4.850000 2.536954
-5.450000 4.900000 2.536954
-5.450000 4.950000 2.535339
-5.450000 5.000000 2.532179
-5.450000 5.050000 2.527613
-5.450000 5.100000 2.521840
-5.450000 5.150000 2.515113
-5.450000 5.200000 2.507725
-5.450000 5.250000 2.500000
-5.450000 5.300000 2.492275
-5.450000 5.350000 2.484887
-5.450000 5.400000 2.478160
-5.450000 5.450000 2.472387
-5.450000 5.500000 2.467821
-5.450000 5.550000 2.464661
-5.450000 5.600000 2.463046
-5.450000 5.650000 2.463046
-5.450000 5.700000 2.464661
-5.450000 5.750000 2.467821
-5.450000 5.800000 2.472387
-5.450000 5.850000 2.478160
-5.450000 5.900000 2.484887
-5.450000 5.950000 2.492275
-5.450000 6.000000 2.500000
-5.400000 0.000000 2.500000
-5.400000 0.050000 2.506110
-5.400000 0.100000 2.511954
-5.400000 0.150000 2.517275
-5.400000 0.200000 2.521840
-5.400000 0.250000 2.525452
-5.400000 0.300000 2.527951
-5.400000 0.350000 2.529228
-5.400000 0.400000 2.529228
-5.400000 0.450000 2.527951
-5.400000 0.500000 2.525452
-5.400000 0.550000 2.521840
-5.400000 0.600000 2.517275
-5.400000 0.650000 2.511954
-5.400000 0.700000 2.506110
-5.400000 0.750000 2.500000
-5.400000 0.800000 2.493890
-5.400000 0.850000 2.488046
-5.400000 0.900000 2.482725
-5.400000 0.950000 2.478160
-5.400000 1.000000 2.474548
-5.400000 1.050000 2.472049
-5.400000 1.100000 2.470772
-5.400000 1.150000 2.470772
-5.400000 1.200000 2.472049
-5.400000 1.250000 2.474548
-5.400000 1.300000 2.478160
-5.400000 1.350000 2.482725
-5.400000 1.400000 2.488046
-5.400000 1.450000 2.493890
-5.400000 1.500000 2.500000
-5.400000 1.550000 2.506110
-5.400000 1.600000 2.511954
-5.400000 1.650000 2.517275
-5.400000 1.700000 2.521840
-5.400000 1.750000 2.525452
-5.400000 1.800000 2.527951
-5.400000 1.850000 2.529228
-5.400000 1.900000 2.529228
-5.400000 1.950000 2.527951
-5.400000 2.000000 2.525452
-5.400000 2.050000 2.521840
-5.400000 2.100000 2.517275
-5.400000 2.150000 2.511954
-5.400000 2.200000 2.506110
-5.400000 2.250000 2.500000
-5.400000 2.300000 2.493890
-5.400000 2.350000 2.488046
-5.400000 2.400000 2.482725
-5.400000 2.450000 2.478160
-5.400000 2.500000 2.474548
-5.400000 2.550000 2.472049
-5.400000 2.600000 2.470772
-5.400000 2.650000 2.470772
-5.400000 2.700000 2.472049
-5.400000 2.750000 2.474548
-5.400000 2.800000 2.478160
-5.400000 2.850000 2.482725
-5.400000 2.900000 2.488046
-5.400000 2.950000 2.493890
-5.400000 3.000000 2.500000
-5.400000 3.050000 2.506110
-5.400000 3.100000 2.511954
-5.400000 3.150000 2.517275
-5.400000 3.200000 2.521840
-5.400000 3.250000 2.525452
-5.400000 3.300000 2.527951
-5.400000 3.350000 2.529228
-5.400000 3.400000 2.529228
-5.400000 3.450000 2.527951
-5.400000 3.500000 2.525452
-5.400000 3.550000 2.521840
-5.400000 3.600000 2.517275
-5.400000 3.650000 2.511954
-5.400000 3.700000 2.506110
-5.400000 3.750000 2.500000
-5.400000 3.800000 2.493890
-5.400000 3.850000 2.488046
-5.400000 3.900000 2.482725
-5.400000 3.950000 2.478160
-5.400000 4.000000 2.474548
-5.400000 4.050000 2.472049
-5.400000 4.100000 2.470772
-5.400000 4.150000 2.470772
-5.400000 4.200000 2.472049
-5.400000 4.250000 2.474548
-5.400000 4.300000 2.478160
-5.400000 4.350000 2.482725
-5.400000 4.400000 2.488046
-5.400000 4.450000 2.493890
-5.400000 4.500000 2.500000
-5.400000 4.550000 2.506110
-5.400000 4.600000 2.511954
-5.400000 4.650000 2.517275
-5.400000 4.700000 2.521840
-5.400000 4.750000 2.525452
-5.400000 4.800000 2.527951
-5.400000 4.850000 2.529228
-5.400000 4.900000 2.529228
-5.400000 4.950000 2.527951
-5.400000 5.000000 2.525452
-5.400000 5.050000 2.521840
-5.400000 5.100000 2.517275
-5.400000 5.150000 2.511954
-5.400000 5.200000 2.506110
-5.400000 5.250000 2.500000
-5.400000 5.300000 2.493890
-5.400000 5.350000 2.488046
-5.400000 5.400000 2.482725
-5.400000 5.450000 2.478160
-5.400000 5.500000 2.474548
-5.400000 5.550000 2.472049
-5.400000 5.600000 2.470772
-5.400000 5.650000 2.470772
-5.400000 5.700000 2.472049
-5.400000 5.750000 2.474548
-5.400000 5.800000 2.478160
-5.400000 5.850000 2.482725
-5.400000 5.900000 2.488046
-5.400000 5.950000 2.493890
-5.400000 6.000000 2.500000
-5.350000 0.000000 2.500000
-5.350000 0.050000 2.504228
-5.350000 0.100000 2.508272
-5.350000 0.150000 2.511954
-5.350000 0.200000 2.515113
-5.350000 0.250000 2.517612
-5.350000 0.300000 2.519341
-5.350000 0.350000 2.520225
-5.350000 0.400000 2.520225
-5.350000 0.450000 2.519341
-5.350000 0.500000 2.517612
-5.350000 0.550000 2.515113
-5.350000 0.600000 2.511954
-5.350000 0.650000 2.508272
-5.350000 0.700000 2.504228
-5.350000 0.750000 2.500000
-5.350000 0.800000 2.495772
-5.350000 0.850000 2.491728
-5.350000 0.900000 2.488046
-5.350000 0.950000 2.484887
-5.350000 1.000000 2.482388
-5.350000 1.050000 2.480659
-5.350000 1.100000 2.479775
-5.350000 1.150000 2.479775
-5.350000 1.200000 2.480659
-5.350000 1.250000 2.482388
-5.350000 1.300000 2.484887
-5.350000 1.350000 2.488046
-5.350000 1.400000 2.491728
-5.350000 1.450000 2.495772
-5.350000 1.500000 2.500000
-5.350000 1.550000 2.504228
-5.350000 1.600000 2.508272
-5.350000 1.650000 2.511954
-5.350000 1.700000 2.515113
-5.350000 1.750000 2.517612
-5.350000 1.800000 2.519341
-5.350000 1.850000 2.520225
-5.350000 1.900000 2.520225
-5.350000 1.950000 2.519341
-5.350000 2.000000 2.517612
-5.350000 2.050000 2.515113
-5.350000 2.100000 2.511954
-5.350000 2.150000 2.508272
-5.350000 2.200000 2.504228
-5.350000 2.250000 2.500000
-5.350000 2.300000 2.495772
-5.350000 2.350000 2.491728
-5.350000 2.400000 2.488046
-5.350000 2.450000 2.484887
-5.350000 2.500000 2.482388
-5.350000 2.550000 2.480659
-5.350000 2.600000 2.479775
-5.350000 2.650000 2.479775
-5.350000 2.700000 2.480659
-5.350000 2.750000 2.482388
-5.350000 2.800000 2.484887
-5.350000 2.850000 2.488046
-5.350000 2.900000 2.491728
-5.350000 2.950000 2.495772
-5.350000 3.000000 2.500000
-5.350000 3.050000 2.504228
-5.350000 3.100000 2.508272
-5.350000 3.150000 2.511954
-5.350000 3.200000 2.515113
-5.350000 3.250000 2.517612
-5.350000 3.300000 2.519341
-5.350000 3.350000 2.520225
-5.350000 3.400000 2.520225
-5.350000 3.450000 2.519341
-5.350000 3.500000 2.517612
-5.350000 3.550000 2.515113
-5.350000 3.600000 2.511954
-5.350000 3.650000 2.508272
-5.350000 3.700000 2.504228
-5.350000 3.750000 2.500000
-5.350000 3.800000 2.495772
-5.350000 3.850000 2.491728
-5.350000 3.900000 2.488046
-5.350000 3.950000 2.484887
-5.350000 4.000000 2.482388
-5.350000 4.050000 2.480659
-5.350000 4.100000 2.479775
-5.350000 4.150000 2.479775
-5.350000 4.200000 2.480659
-5.350000 4.250000 2.482388
-5.350000 4.300000 2.484887
-5.350000 4.350000 2.488046
-5.350000 4.400000 2.491728
-5.350000 4.450000 2.495772
-5.350000 4.500000 2.500000
-5.350000 4.550000 2.504228
-5.350000 4.600000 2.508272
-5.350000 4.650000 2.511954
-5.350000 4.700000 2.515113
-5.350000 4.750000 2.517612
-5.350000 4.800000 2.519341
-5.350000 4.850000 2.520225
-5.350000 4.900000 2.520225
-5.350000 4.950000 2.519341
-5.350000 5.000000 2.517612
-5.350000 5.050000 2.515113
-5.350000 5.100000 2.511954
-5.350000 5.150000 2.508272
-5.350000 5.200000 2.504228
-5.350000 5.250000 2.500000
-5.350000 5.300000 2.495772
-5.350000 5.350000 2.491728
-5.350000 5.400000 2.488046
-5.350000 5.450000 2.484887
-5.350000 5.500000 2.482388
-5.350000 5.550000 2.480659
-5.350000 5.600000 2.479775
-5.350000 5.650000 2.479775
-5.350000 5.700000 2.480659
-5.350000 5.750000 2.482388
-5.350000 5.800000 2.484887
-5.350000 5.850000 2.488046
-5.350000 5.900000 2.491728
-5.350000 5.950000 2.495772
-5.350000 6.000000 2.500000
-5.300000 0.000000 2.500000
-5.300000 0.050000 2.502161
-5.300000 0.100000 2.504228
-5.300000 0.150000 2.506110
-5.300000 0.200000 2.507725
-5.300000 0.250000 2.509003
-5.300000 0.300000 2.509887
-5.300000 0.350000 2.510339
-5.300000 0.400000 2.510339
-5.300000 0.450000 2.509887
-5.300000 0.500000 2.509003
-5.300000 0.550000 2.507725
-5.300000 0.600000 2.506110
-5.300000 0.650000 2.504228
-5.300000 0.700000 2.502161
-5.300000 0.750000 2.500000
-5.300000 0.800000 2.497839
-5.300000 0.850000 2.495772
-5.300000 0.900000 2.493890
-5.300000 0.950000 2.492275
-5.300000 1.000000 2.490997
-5.300000 1.050000 2.490113
-5.300000 1.100000 2.489661
-5.300000 1.150000 2.489661
-5.300000 1.200000 2.490113
-5.300000 1.250000 2.490997
-5.300000 1.300000 2.492275
-5.300000 1.350000 2.493890
-5.300000 1.400000 2.495772
-5.300000 1.450000 2.497839
-5.300000 1.500000 2.500000
-5.300000 1.550000 2.502161
-5.300000 1.600000 2.504228
-5.300000 1.650000 2.506110
-5.300000 1.700000 2.507725
-5.300000 1.750000 2.509003
-5.300000 1.800000 2.509887
-5.300000 1.850000 2.510339
-5.300000 1.900000 2.510339
-5.300000 1.950000 2.509887
-5.300000 2.000000 2.509003
-5.300000 2.050000 2.507725
-5.300000 2.100000 2.506110
-5.300000 2.150000 2.504228
-5.300000 2.200000 2.502161
-5.300000 2.250000 2.500000
-5.300000 2.300000 2.497839
-5.300000 2.350000 2.495772
-5.300000 2.400000 2.493890
-5.300000 2.450000 2.492275
-5.300000 2.500000 2.490997
-5.300000 2.550000 2.490113
-5.300000 2.600000 2.489661
-5.300000 2.650000 2.489661
-5.300000 2.700000 2.490113
-5.300000 2.750000 2.490997
-5.300000 2.800000 2.492275
-5.300000 2.850000 2.493890
-5.300000 2.900000 2.495772
-5.300000 2.950000 2.497839
-5.300000 3.000000 2.500000
-5.300000 3.050000 2.502161
-5.300000 3.100000 2.504228
-5.300000 3.150000 2.506110
-5.300000 3.200000 2.507725
-5.300000 3.250000 2.509003
-5.300000 3.300000 2.509887
-5.300000 3.350000 2.510339
-5.300000 3.400000 2.510339
-5.300000 3.450000 2.509887
-5.300000 3.500000 2.509003
-5.300000 3.550000 2.507725
-5.300000 3.600000 2.506110
-5.300000 3.650000 2.504228
-5.300000 3.700000 2.502161
-5.300000 3.750000 2.500000
-5.300000 3.800000 2.497839
-5.300000 3.850000 2.495772
-5.300000 3.900000 2.493890
-5.300000 3.950000 2.492275
-5.300000 4.000000 2.490997
-5.300000 4.050000 2.490113
-5.300000 4.100000 2.489661
-5.300000 4.150000 2.489661
-5.300000 4.200000 2.490113
-5.300000 4.250000 2.490997
-5.300000 4.300000 2.492275
-5.300000 4.350000 2.493890
-5.300000 4.400000 2.495772
-5.300000 4.450000 2.497839
-5.300000 4.500000 2.500000
-5.300000 4.550000 2.502161
-5.300000 4.600000 2.504228
-5.300000 4.650000 2.506110
-5.300000 4.700000 2.507725
-5.300000 4.750000 2.509003
-5.300000 4.800000 2.509887
-5.300000 4.850000 2.510339
-5.300000 4.900000 2.510339
-5.300000 4.950000 2.509887
-5.300000 5.000000 2.509003
-5.300000 5.050000 2.507725
-5.300000 5.100000 2.506110
-5.300000 5.150000 2.504228
-5.300000 5.200000 2.502161
-5.300000 5.250000 2.500000
-5.300000 5.300000 2.497839
-5.300000 5.350000 2.495772
-5.300000 5.400000 2.493890
-5.300000 5.450000 2.492275
-5.300000 5.500000 2.490997
-5.300000 5.550000 2.490113
-5.300000 5.600000 2.489661
-5.300000 5.650000 2.489661
-5.300000 5.700000 2.490113
-5.300000 5.750000 2.490997
-5.300000 5.800000 2.492275
-5.300000 5.850000 2.493890
-5.300000 5.900000 2.495772
-5.300000 5.950000 2.497839
-5.300000 6.000000 2.500000
-5.250000 0.000000 2.500000
-5.250000 0.050000 2.500000
-5.250000 0.100000 2.500000
-5.250000 0.150000 2.500000
-5.250000 0.200000 2.500000
-5.250000 0.250000 2.500000
-5.250000 0.300000 2.500000
-5.250000 0.350000 2.500000
-5.250000 0.400000 2.500000
-5.250000 0.450000 2.500000
-5.250000 0.500000 2.500000
-5.250000 0.550000 2.500000
-5.250000 0.600000 2.500000
-5.250000 0.650000 2.500000
-5.250000 0.700000 2.500000
-5.250000 0.750000 2.500000
-5.250000 0.800000 2.500000
-5.250000 0.850000 2.500000
-5.250000 0.900000 2.500000
-5.250000 0.950000 2.500000
-5.250000 1.000000 2.500000
-5.250000 1.050000 2.500000
-5.250000 1.100000 2.500000
-5.250000 1.150000 2.500000
-5.250000 1.200000 2.500000
-5.250000 1.250000 2.500000
-5.250000 1.300000 2.500000
-5.250000 1.350000 2.500000
-5.250000 1.400000 2.500000
-5.250000 1.450000 2.500000
-5.250000 1.500000 2.500000
-5.250000 1.550000 2.500000
-5.250000 1.600000 2.500000
-5.250000 1.650000 2.500000
-5.250000 1.700000 2.500000
-5.250000 1.750000 2.500000
-5.250000 1.800000 2.500000
-5.250000 1.850000 2.500000
-5.250000 1.900000 2.500000
-5.250000 1.950000 2.500000
-5.250000 2.000000 2.500000
-5.250000 2.050000 2.500000
-5.250000 2.100000 2.500000
-5.250000 2.150000 2.500000
-5.250000 2.200000 2.500000
-5.250000 2.250000 2.500000
-5.250000 2.300000 2.500000
-5.250000 2.350000 2.500000
-5.250000 2.400000 2.500000
-5.250000 2.450000 2.500000
-5.250000 2.500000 2.500000
-5.250000 2.550000 2.500000
-5.250000 2.600000 2.500000
-5.250000 2.650000 2.500000
-5.250000 2.700000 2.500000
-5.250000 2.750000 2.500000
-5.250000 2.800000 2.500000
-5.250000 2.850000 2.500000
-5.250000 2.900000 2.500000
-5.250000 2.950000 2.500000
-5.250000 3.000000 2.500000
-5.250000 3.050000 2.500000
-5.250000 3.100000 2.500000
-5.250000 3.150000 2.500000
-5.250000 3.200000 2.500000
-5.250000 3.250000 2.500000
-5.250000 3.300000 2.500000
-5.250000 3.350000 2.500000
-5.250000 3.400000 2.500000
-5.250000 3.450000 2.500000
-5.250000 3.500000 2.500000
-5.250000 3.550000 2.500000
-5.250000 3.600000 2.500000
-5.250000 3.650000 2.500000
-5.250000 3.700000 2.500000
-5.250000 3.750000 2.500000
-5.250000 3.800000 2.500000
-5.250000 3.850000 2.500000
-5.250000 3.900000 2.500000
-5.250000 3.950000 2.500000
-5.250000 4.000000 2.500000
-5.250000 4.050000 2.500000
-5.250000 4.100000 2.500000
-5.250000 4.150000 2.500000
-5.250000 4.200000 2.500000
-5.250000 4.250000 2.500000
-5.250000 4.300000 2.500000
-5.250000 4.350000 2.500000
-5.250000 4.400000 2.500000
-5.250000 4.450000 2.500000
-5.250000 4.500000 2.500000
-5.250000 4.550000 2.500000
-5.250000 4.600000 2.500000
-5.250000 4.650000 2.500000
-5.250000 4.700000 2.500000
-5.250000 4.750000 2.500000
-5.250000 4.800000 2.500000
-5.250000 4.850000 2.500000
-5.250000 4.900000 2.500000
-5.250000 4.950000 2.500000
-5.250000 5.000000 2.500000
-5.250000 5.050000 2.500000
-5.250000 5.100000 2.500000
-5.250000 5.150000 2.500000
-5.250000 5.200000 2.500000
-5.250000 5.250000 2.500000
-5.250000 5.300000 2.500000
-5.250000 5.350000 2.500000
-5.250000 5.400000 2.500000
-5.250000 5.450000 2.500000
-5.250000 5.500000 2.500000
-5.250000 5.550000 2.500000
-5.250000 5.600000 2.500000
-5.250000 5.650000 2.500000
-5.250000 5.700000 2.500000
-5.250000 5.750000 2.500000
-5.250000 5.800000 2.500000
-5.250000 5.850000 2.500000
-5.250000 5.900000 2.500000
-5.250000 5.950000 2.500000
-5.250000 6.000000 2.500000
-5.200000 0.000000 2.500000
-5.200000 0.050000 2.497839
-5.200000 0.100000 2.495772
-5.200000 0.150000 2.493890
-5.200000 0.200000 2.492275
-5.200000 0.250000 2.490997
-5.200000 0.300000 2.490113
-5.200000 0.350000 2.489661
-5.200000 0.400000 2.489661
-5.200000 0.450000 2.490113
-5.200000 0.500000 2.490997
-5.200000 0.550000 2.492275
-5.200000 0.600000 2.493890
-5.200000 0.650000 2.495772
-5.200000 0.700000 2.497839
-5.200000 0.750000 2.500000
-5.200000 0.800000 2.502161
-5.200000 0.850000 2.504228
-5.200000 0.900000 2.506110
-5.200000 0.950000 2.507725
-5.200000 1.000000 2.509003
-5.200000 1.050000 2.509887
-5.200000 1.100000 2.510339
-5.200000 1.150000 2.510339
-5.200000 1.200000 2.509887
-5.200000 1.250000 2.509003
-5.200000 1.300000 2.507725
-5.200000 1.350000 2.506110
-5.200000 1.400000 2.504228
-5.200000 1.450000 2.502161
-5.200000 1.500000 2.500000
-5.200000 1.550000 2.497839
-5.200000 1.600000 2.495772
-5.200000 1.650000 2.493890
-5.200000 1.700000 2.492275
-5.200000 1.750000 2.490997
-5.200000 1.800000 2.490113
-5.200000 1.850000 2.489661
-5.200000 1.900000 2.489661
-5.200000 1.950000 2.490113
-5.200000 2.000000 2.490997
-5.200000 2.050000 2.492275
-5.200000 2.100000 2.493890
-5.200000 2.150000 2.495772
-5.200000 2.200000 2.497839
-5.200000 2.250000 2.500000
-5.200000 2.300000 2.502161
-5.200000 2.350000 2.504228
-5.200000 2.400000 2.506110
-5.200000 2.450000 2.507725
-5.200000 2.500000 2.509003
-5.200000 2.550000 2.509887
-5.200000 2.600000 2.510339
-5.200000 2.650000 2.510339
-5.200000 2.700000 2.509887
-5.200000 2.750000 2.509003
-5.200000 2.800000 2.507725
-5.200000 2.850000 2.506110
-5.200000 2.900000 2.504228
-5.200000 2.950000 2.502161
-5.200000 3.000000 2.500000
-5.200000 3.050000 2.497839
-5.200000 3.100000 2.495772
-5.200000 3.150000 2.493890
-5.200000 3.200000 2.492275
-5.200000 3.250000 2.490997
-5.200000 3.300000 2.490113
-5.200000 3.350000 2.489661
-5.200000 3.400000 2.489661
-5.200000 3.450000 2.490113
-5.200000 3.500000 2.490997
-5.200000 3.550000 2.492275
-5.200000 3.600000 2.493890
-5.200000 3.650000 2.495772
-5.200000 3.700000 2.497839
-5.200000 3.750000 2.500000
-5.200000 3.800000 2.502161
-5.200000 3.850000 2.504228
-5.200000 3.900000 2.506110
-5.200000 3.950000 2.507725
-5.200000 4.000000 2.509003
-5.200000 4.050000 2.509887
-5.200000 4.100000 2.510339
-5.200000 4.150000 2.510339
-5.200000 4.200000 2.509887
-5.200000 4.250000 2.509003
-5.200000 4.300000 2.507725
-5.200000 4.350000 2.506110
-5.200000 4.400000 2.504228
-5.200000 4.450000 2.502161
-5.200000 4.500000 2.500000
-5.200000 4.550000 2.497839
-5.200000 4.600000 2.495772
-5.200000 4.650000 2.493890
-5.200000 4.700000 2.492275
-5.200000 4.750000 2.490997
-5.200000 4.800000 2.490113
-5.200000 4.850000 2.489661
-5.200000 4.900000 2.489661
-5.200000 4.950000 2.490113
-5.200000 5.000000 2.490997
-5.200000 5.050000 2.492275
-5.200000 5.100000 2.493890
-5.200000 5.150000 2.495772
-5.200000 5.200000 2.497839
-5.200000 5.250000 2.500000
-5.200000 5.300000 2.502161
-5.200000 5.350000 2.504228
-5.200000 5.400000 2.506110
-5.200000 5.450000 2.507725
-5.200000 5.500000 2.509003
-5.200000 5.550000 2.509887
-5.200000 5.600000 2.510339
-5.200000 5.650000 2.510339
-5.200000 5.700000 2.509887
-5.200000 5.750000 2.509003
-5.200000 5.800000 2.507725
-5.200000 5.850000 2.506110
-5.200000 5.900000 2.504228
-5.200000 5.950000 2.502161
-5.200000 6.000000 2.500000
-5.150000 0.000000 2.500000
-5.150000 0.050000 2.495772
-5.150000 0.100000 2.491728
-5.150000 0.150000 2.488046
-5.150000 0.200000 2.484887
-5.150000 0.250000 2.482388
-5.150000 0.300000 2.480659
-5.150000 0.350000 2.479775
-5.150000 0.400000 2.479775
-5.150000 0.450000 2.480659
-5.150000 0.500000 2.482388
-5.150000 0.550000 2.484887
-5.150000 0.600000 2.488046
-5.150000 0.650000 2.491728
-5.150000 0.700000 2.495772
-5.150000 0.750000 2.500000
-5.150000 0.800000 2.504228
-5.150000 0.850000 2.508272
-5.150000 0.900000 2.511954
-5.150000 0.950000 2.515113
-5.150000 1.000000 2.517612
-5.150000 1.050000 2.519341
-5.150000 1.100000 2.520225
-5.150000 1.150000 2.520225
-5.150000 1.200000 2.519341
-5.150000 1.250000 2.517612
-5.150000 1.300000 2.515113
-5.150000 1.350000 2.511954
-5.150000 1.400000 2.508272
-5.150000 1.450000 2.504228
-5.150000 1.500000 2.500000
-5.150000 1.550000 2.495772
-5.150000 1.600000 2.491728
-5.150000 1.650000 2.488046
-5.150000 1.700000 2.484887
-5.150000 1.750000 2.482388
-5.150000 1.800000 2.480659
-5.150000 1.850000 2.479775
-5.150000 1.900000 2.479775
-5.150000 1.950000 2.480659
-5.150000 2.000000 2.482388
-5.150000 2.050000 2.484887
-5.150000 2.100000 2.488046
-5.150000 2.150000 2.491728
-5.150000 2.200000 2.495772
-5.150000 2.250000 2.500000
-5.150000 2.300000 2.504228
-5.150000 2.350000 2.508272
-5.150000 2.400000 2.511954
-5.150000 2.450000 2.515113
-5.150000 2.500000 2.517612
-5.150000 2.550000 2.519341
-5.150000 2.600000 2.520225
-5.150000 2.650000 2.520225
-5.150000 2.700000 2.519341
-5.150000 2.750000 2.517612
-5.150000 2.800000 2.515113
-5.150000 2.850000 2.511954
-5.150000 2.900000 2.508272
-5.150000 2.950000 2.504228
-5.150000 3.000000 2.500000
-5.150000 3.050000 2.495772
-5.150000 3.100000 2.491728
-5.150000 3.150000 2.488046
-5.150000 3.200000 2.484887
-5.150000 3.250000 2.482388
-5.150000 3.300000 2.480659
-5.150000 3.350000 2.479775
-5.150000 3.400000 2.479775
-5.150000 3.450000 2.480659
-5.150000 3.500000 2.482388
-5.150000 3.550000 2.484887
-5.150000 3.600000 2.488046
-5.150000 3.650000 2.491728
-5.150000 3.700000 2.495772
-5.150000 3.750000 2.500000
-5.150000 3.800000 2.504228
-5.150000 3.850000 2.508272
-5.150000 3.900000 2.511954
-5.150000 3.950000 2.515113
-5.150000 4.000000 2.517612
-5.150000 4.050000 2.519341
-5.150000 4.100000 2.520225
-5.150000 4.150000 2.520225
-5.150000 4.200000 2.519341
-5.150000 4.250000 2.517612
-5.150000 4.300000 2.515113
-5.150000 4.350000 2.511954
-5.150000 4.400000 2.508272
-5.150000 4.450000 2.504228
-5.150000 4.500000 2.500000
-5.150000 4.550000 2.495772
-5.150000 4.600000 2.491728
-5.150000 4.650000 2.488046
-5.150000 4.700000 2.484887
-5.150000 4.750000 2.482388
-5.150000 4.800000 2.480659
-5.150000 4.850000 2.479775
-5.150000 4.900000 2.479775
-5.150000 4.950000 2.480659
-5.150000 5.000000 2.482388
-5.150000 5.050000 2.484887
-5.150000 5.100000 2.488046
-5.150000 5.150000 2.491728
-5.150000 5.200000 2.495772
-5.150000 5.250000 2.500000
-5.150000 5.300000 2.504228
-5.150000 5.350000 2.508272
-5.150000 5.400000 2.511954
-5.150000 5.450000 2.515113
-5.150000 5.500000 2.517612
-5.150000 5.550000 2.519341
-5.150000 5.600000 2.520225
-5.150000 5.650000 2.520225
-5.150000 5.700000 2.519341
-5.150000 5.750000 2.517612
-5.150000 5.800000 2.515113
-5.150000 5.850000 2.511954
-5.150000 5.900000 2.508272
-5.150000 5.950000 2.504228
-5.150000 6.000000 2.500000
-5.100000 0.000000 2.500000
-5.100000 0.050000 2.493890
-5.100000 0.100000 2.488046
-5.100000 0.150000 2.482725
-5.100000 0.200000 2.478160
-5.100000 0.250000 2.474548
-5.100000 0.300000 2.472049
-5.100000 0.350000 2.470772
-5.100000 0.400000 2.470772
-5.100000 0.450000 2.472049
-5.100000 0.500000 2.474548
-5.100000 0.550000 2.478160
-5.100000 0.600000 2.482725
-5.100000 0.650000 2.488046
-5.100000 0.700000 2.493890
-5.100000 0.750000 2.500000
-5.100000 0.800000 2.506110
-5.100000 0.850000 2.511954
-5.100000 0.900000 2.517275
-5.100000 0.950000 2.521840
-5.100000 1.000000 2.525452
-5.100000 1.050000 2.527951
-5.100000 1.100000 2.529228
-5.100000 1.150000 2.529228
-5.100000 1.200000 2.527951
-5.100000 1.250000 2.525452
-5.100000 1.300000 2.521840
-5.100000 1.350000 2.517275
-5.100000 1.400000 2.511954
-5.100000 1.450000 2.506110
-5.100000 1.500000 2.500000
-5.100000 1.550000 2.493890
-5.100000 1.600000 2.488046
-5.100000 1.650000 2.482725
-5.100000 1.700000 2.478160
-5.100000 1.750000 2.474548
-5.100000 1.800000 2.472049
-5.100000 1.850000 2.470772
-5.100000 1.900000 2.470772
-5.100000 1.950000 2.472049
-5.100000 2.000000 2.474548
-5.100000 2.050000 2.478160
-5.100000 2.100000 2.482725
-5.100000 2.150000 2.488046
-5.100000 2.200000 2.493890
-5.100000 2.250000 2.500000
-5.100000 2.300000 2.506110
-5.100000 2.350000 2.511954
-5.100000 2.400000 2.517275
-5.100000 2.450000 2.521840
-5.100000 2.500000 2.525452
-5.100000 2.550000 2.527951
-5.100000 2.600000 2.529228
-5.100000 2.650000 2.529228
-5.100000 2.700000 2.527951
-5.100000 2.750000 2.525452
-5.100000 2.800000 2.521840
-5.100000 2.850000 2.517275
-5.100000 2.900000 2.511954
-5.100000 2.950000 2.506110
-5.100000 3.000000 2.500000
-5.100000 3.050000 2.493890
-5.100000 3.100000 2.488046
-5.100000 3.150000 2.482725
-5.100000 3.200000 2.478160
-5.100000 3.250000 2.474548
-5.100000 3.300000 2.472049
-5.100000 3.350000 2.470772
-5.100000 3.400000 2.470772
-5.100000 3.450000 2.472049
-5.100000 3.500000 2.474548
-5.100000 3.550000 2.478160
-5.100000 3.600000 2.482725
-5.100000 3.650000 2.488046
-5.100000 3.700000 2.493890
-5.100000 3.750000 2.500000
-5.100000 3.800000 2.506110
-5.100000 3.850000 2.511954
-5.100000 3.900000 2.517275
-5.100000 3.950000 2.521840
-5.100000 4.000000 2.525452
-5.100000 4.050000 2.527951
-5.100000 4.100000 2.529228
-5.100000 4.150000 2.529228
-5.100000 4.200000 2.527951
-5.100000 4.250000 2.525452
-5.100000 4.300000 2.521840
-5.100000 4.350000 2.517275
-5.100000 4.400000 2.511954
-5.100000 4.450000 2.506110
-5.100000 4.500000 2.500000
-5.100000 4.550000 2.493890
-5.100000 4.600000 2.488046
-5.100000 4.650000 2.482725
-5.100000 4.700000 2.478160
-5.100000 4.750000 2.474548
-5.100000 4.800000 2.472049
-5.100000 4.850000 2.470772
-5.100000 4.900000 2.470772
-5.100000 4.950000 2.472049
-5.100000 5.000000 2.474548
-5.100000 5.050000 2.478160
-5.100000 5.100000 2.482725
-5.100000 5.150000 2.488046
-5.100000 5.200000 2.493890
-5.100000 5.250000 2.500000
-5.100000 5.300000 2.506110
-5.100000 5.350000 2.511954
-5.100000 5.400000 2.517275
-5.100000 5.450000 2.521840
-5.100000 5.500000 2.525452
-5.100000 5.550000 2.527951
-5.100000 5.600000 2.529228
-5.100000 5.650000 2.529228
-5.100000 5.700000 2.527951
-5.100000 5.750000 2.525452
-5.100000 5.800000 2.521840
-5.100000 5.850000 2.517275
-5.100000 5.900000 2.511954
-5.100000 5.950000 2.506110
-5.100000 6.000000 2.500000
-5.050000 0.000000 2.500000
-5.050000 0.050000 2.492275
-5.050000 0.100000 2.484887
-5.050000 0.150000 2.478160
-5.050000 0.200000 2.472387
-5.050000 0.250000 2.467821
-5.050000 0.300000 2.464661
-5.050000 0.350000 2.463046
-5.050000 0.400000 2.463046
-5.050000 0.450000 2.464661
-5.050000 0.500000 2.467821
-5.050000 0.550000 2.472387
-5.050000 0.600000 2.478160
-5.050000 0.650000 2.484887
-5.050000 0.700000 2.492275
-5.050000 0.750000 2.500000
-5.050000 0.800000 2.507725
-5.050000 0.850000 2.515113
-5.050000 0.900000 2.521840
-5.050000 0.950000 2.527613
-5.050000 1.000000 2.532179
-5.050000 1.050000 2.535339
-5.050000 1.100000 2.536954
-5.050000 1.150000 2.536954
-5.050000 1.200000 2.535339
-5.050000 1.250000 2.532179
-5.050000 1.300000 2.527613
-5.050000 1.350000 2.521840
-5.050000 1.400000 2.515113
-5.050000 1.450000 2.507725
-5.050000 1.500000 2.500000
-5.050000 1.550000 2.492275
-5.050000 1.600000 2.484887
-5.050000 1.650000 2.478160
-5.050000 1.700000 2.472387
-5.050000 1.750000 2.467821
-5.050000 1.800000 2.464661
-5.050000 1.850000 2.463046
-5.050000 1.900000 2.463046
-5.050000 1.950000 2.464661
-5.050000 2.000000 2.467821
-5.050000 2.050000 2.472387
-5.050000 2.100000 2.478160
-5.050000 2.150000 2.484887
-5.050000 2.200000 2.492275
-5.050000 2.250000 2.500000
-5.050000 2.300000 2.507725
-5.050000 2.350000 2.515113
-5.050000 2.400000 2.521840
-5.050000 2.450000 2.527613
-5.050000 2.500000 2.532179
-5.050000 2.550000 2.535339
-5.050000 2.600000 2.536954
-5.050000 2.650000 2.536954
-5.050000 2.700000 2.535339
-5.050000 2.750000 2.532179
-5.050000 2.800000 2.527613
-5.050000 2.850000 2.521840
-5.050000 2.900000 2.515113
-5.050000 2.950000 2.507725
-5.050000 3.000000 2.500000
-5.050000 3.050000 2.492275
-5.050000 3.100000 2.484887
-5.050000 3.150000 2.478160
-5.050000 3.200000 2.472387
-5.050000 3.250000 2.467821
-5.050000 3.300000 2.464661
-5.050000 3.350000 2.463046
-5.050000 3.400000 2.463046
-5.050000 3.450000 2.464661
-5.050000 3.500000 2.467821
-5.050000 3.550000 2.472387
-5.050000 3.600000 2.478160
-5.050000 3.650000 2.484887
-5.050000 3.700000 2.492275
-5.050000 3.750000 2.500000
-5.050000 3.800000 2.507725
-5.050000 3.850000 2.515113
-5.050000 3.900000 2.521840
-5.050000 3.950000 2.527613
-5.050000 4.000000 2.532179
-5.050000 4.050000 2.535339
-5.050000 4.100000 2.536954
-5.050000 4.150000 2.536954
-5.050000 4.200000 2.535339
-5.050000 4.250000 2.532179
-5.050000 4.300000 2.527613
-5.050000 4.350000 2.521840
-5.050000 4.400000 2.515113
-5.050000 4.450000 2.507725
-5.050000 4.500000 2.500000
-5.050000 4.550000 2.492275
-5.050000 4.600000 2.484887
-5.050000 4.650000 2.478160
-5.050000 4.700000 2.472387
-5.050000 4.750000 2.467821
-5.050000 4.800000 2.464661
-5.050000 4.850000 2.463046
-5.050000 4.900000 2.463046
-5.050000 4.950000 2.464661
-5.050000 5.000000 2.467821
-5.050000 5.050000 2.472387
-5.050000 5.100000 2.478160
-5.050000 5.150000 2.484887
-5.050000 5.200000 2.492275
-5.050000 5.250000 2.500000
-5.050000 5.300000 2.507725
-5.050000 5.350000 2.515113
-5.050000 5.400000 2.521840
-5.050000 5.450000 2.527613
-5.050000 5.500000 2.532179
-5.050000 5.550000 2.535339
-5.050000 5.600000 2.536954
-5.050000 5.650000 2.536954
-5.050000 5.700000 2.535339
-5.050000 5.750000 2.532179
-5.050000 5.800000 2.527613
-5.050000 5.850000 2.521840
-5.050000 5.900000 2.515113
-5.050000 5.950000 2.507725
-5.050000 6.000000 2.500000
-5.000000 0.000000 2.500000
-5.000000 0.050000 2.490997
-5.000000 0.100000 2.482388
-5.000000 0.150000 2.474548
-5.000000 0.200000 2.467821
-5.000000 0.250000 2.462500
-5.000000 0.300000 2.458818
-5.000000 0.350000 2.456936
-5.000000 0.400000 2.456936
-5.000000 0.450000 2.458818
-5.000000 0.500000 2.462500
-5.000000 0.550000 2.467821
-5.000000 0.600000 2.474548
-5.000000 0.650000 2.482388
-5.000000 0.700000 2.490997
-5.000000 0.750000 2.500000
-5.000000 0.800000 2.509003
-5.000000 0.850000 2.517612
-5.000000 0.900000 2.525452
-5.000000 0.950000 2.532179
-5.000000 1.000000 2.537500
-5.000000 1.050000 2.541182
-5.000000 1.100000 2.543064
-5.000000 1.150000 2.543064
-5.000000 1.200000 2.541182
-5.000000 1.250000 2.537500
-5.000000 1.300000 2.532179
-5.000000 1.350000 2.525452
-5.000000 1.400000 2.517612
-5.000000 1.450000 2.509003
-5.000000 1.500000 2.500000
-5.000000 1.550000 2.490997
-5.000000 1.600000 2.482388
-5.000000 1.650000 2.474548
-5.000000 1.700000 2.467821
-5.000000 1.750000 2.462500
-5.000000 1.800000 2.458818
-5.000000 1.850000 2.456936
-5.000000 1.900000 2.456936
-5.000000 1.950000 2.458818
-5.000000 2.000000 2.462500
-5.000000 2.050000 2.467821
-5.000000 2.100000 2.474548
-5.000000 2.150000 2.482388
-5.000000 2.200000 2.490997
-5.000000 2.250000 2.500000
-5.000000 2.300000 2.509003
-5.000000 2.350000 2.517612
-5.000000 2.400000 2.525452
-5.000000 2.450000 2.532179
-5.000000 2.500000 2.537500
-5.000000 2.550000 2.541182
-5.000000 2.600000 2.543064
-5.000000 2.650000 2.543064
-5.000000 2.700000 2.541182
-5.000000 2.750000 2.537500
-5.000000 2.800000 2.532179
-5.000000 2.850000 2.525452
-5.000000 2.900000 2.517612
-5.000000 2.950000 2.509003
-5.000000 3.000000 2.500000
-5.000000 3.050000 2.490997
-5.000000 3.100000 2.482388
-5.000000 3.150000 2.474548
-5.000000 3.200000 2.467821
-5.000000 3.250000 2.462500
-5.000000 3.300000 2.458818
-5.000000 3.350000 2.456936
-5.000000 3.400000 2.456936
-5.000000 3.450000 2.458818
-5.000000 3.500000 2.462500
-5.000000 3.550000 2.467821
-5.000000 3.600000 2.474548
-5.000000 3.650000 2.482388
-5.000000 3.700000 2.490997
-5.000000 3.750000 2.500000
-5.000000 3.800000 2.509003
-5.000000 3.850000 2.517612
-5.000000 3.900000 2.525452
-5.000000 3.950000 2.532179
-5.000000 4.000000 2.537500
-5.000000 4.050000 2.541182
-5.000000 4.100000 2.543064
-5.000000 4.150000 2.543064
-5.000000 4.200000 2.541182
-5.000000 4.250000 2.537500
-5.000000 4.300000 2.532179
-5.000000 4.350000 2.525452
-5.000000 4.400000 2.517612
-5.000000 4.450000 2.509003
-5.000000 4.500000 2.500000
-5.000000 4.550000 2.490997
-5.000000 4.600000 2.482388
-5.000000 4.650000 2.474548
-5.000000 4.700000 2.467821
-5.000000 4.750000 2.462500
-5.000000 4.800000 2.458818
-5.000000 4.850000 2.456936
-5.000000 4.900000 2.456936
-5.000000 4.950000 2.458818
-5.000000 5.000000 2.462500
-5.000000 5.050000 2.467821
-5.000000 5.100000 2.474548
-5.000000 5.150000 2.482388
-5.000000 5.200000 2.490997
-5.000000 5.250000 2.500000
-5.000000 5.300000 2.509003
-5.000000 5.350000 2.517612
-5.000000 5.400000 2.525452
-5.000000 5.450000 2.532179
-5.000000 5.500000 2.537500
-5.000000 5.550000 2.541182
-5.000000 5.600000 2.543064
-5.000000 5.650000 2.543064
-5.000000 5.700000 2.541182
-5.000000 5.750000 2.537500
-5.000000 5.800000 2.532179
-5.000000 5.850000 2.525452
-5.000000 5.900000 2.517612
-5.000000 5.950000 2.509003
-5.000000 6.000000 2.500000
-4.950000 0.000000 2.500000
-4.950000 0.050000 2.490113
-4.950000 0.100000 2.480659
-4.950000 0.150000 2.472049
-4.950000 0.200000 2.464661
-4.950000 0.250000 2.458818
-4.950000 0.300000 2.454775
-4.950000 0.350000 2.452708
-4.950000 0.400000 2.452708
-4.950000 0.450000 2.454775
-4.950000 0.500000 2.458818
-4.950000 0.550000 2.464661
-4.950000 0.600000 2.472049
-4.950000 0.650000 2.480659
-4.950000 0.700000 2.490113
-4.950000 0.750000 2.500000
-4.950000 0.800000 2.509887
-4.950000 0.850000 2.519341
-4.950000 0.900000 2.527951
-4.950000 0.950000 2.535339
-4.950000 1.000000 2.541182
-4.950000 1.050000 2.545225
-4.950000 1.100000 2.547292
-4.950000 1.150000 2.547292
-4.950000 1.200000 2.545225
-4.950000 1.250000 2.541182
-4.950000 1.300000 2.535339
-4.950000 1.350000 2.527951
-4.950000 1.400000 2.519341
-4.950000 1.450000 2.509887
-4.950000 1.500000 2.500000
-4.950000 1.550000 2.490113
-4.950000 1.600000 2.480659
-4.950000 1.650000 2.472049
-4.950000 1.700000 2.464661
-4.950000 1.750000 2.458818
-4.950000 1.800000 2.454775
-4.950000 1.850000 2.452708
-4.950000 1.900000 2.452708
-4.950000 1.950000 2.454775
-4.950000 2.000000 2.458818
-4.950000 2.050000 2.464661
-4.950000 2.100000 2.472049
-4.950000 2.150000 2.480659
-4.950000 2.200000 2.490113
-4.950000 2.250000 2.500000
-4.950000 2.300000 2.509887
-4.950000 2.350000 2.519341
-4.950000 2.400000 2.527951
-4.950000 2.450000 2.535339
-4.950000 2.500000 2.541182
-4.950000 2.550000 2.545225
-4.950000 2.600000 2.547292
-4.950000 2.650000 2.547292
-4.950000 2.700000 2.545225
-4.950000 2.750000 2.541182
-4.950000 2.800000 2.535339
-4.950000 2.850000 2.527951
-4.950000 2.900000 2.519341
-4.950000 2.950000 2.509887
-4.950000 3.000000 2.500000
-4.950000 3.050000 2.490113
-4.950000 3.100000 2.480659
-4.950000 3.150000 2.472049
-4.950000 3.200000 2.464661
-4.950000 3.250000 2.458818
-4.950000 3.300000 2.454775
-4.950000 3.350000 2.452708
-4.950000 3.400000 2.452708
-4.950000 3.450000 2.454775
-4.950000 3.500000 2.458818
-4.950000 3.550000 2.464661
-4.950000 3.600000 2.472049
-4.950000 3.650000 2.480659
-4.950000 3.700000 2.490113
-4.950000 3.750000 2.500000
-4.950000 3.800000 2.509887
-4.950000 3.850000 2.519341
-4.950000 3.900000 2.527951
-4.950000 3.950000 2.535339
-4.950000 4.000000 2.541182
-4.950000 4.050000 2.545225
-4.950000 4.100000 2.547292
-4.950000 4.150000 2.547292
-4.950000 4.200000 2.545225
-4.950000 4.250000 2.541182
-4.950000 4.300000 2.535339
-4.950000 4.350000 2.527951
-4.950000 4.400000 2.519341
-4.950000 4.450000 2.509887
-4.950000 4.500000 2.500000
-4.950000 4.550000 2.490113
-4.950000 4.600000 2.480659
-4.950000 4.650000 2.472049
-4.950000 4.700000 2.464661
-4.950000 4.750000 2.458818
-4.950000 4.800000 2.454775
-4.950000 4.850000 2.452708
-4.950000 4.900000 2.452708
-4.950000 4.950000 2.454775
-4.950000 5.000000 2.458818
-4.950000 5.050000 2.464661
-4.950000 5.100000 2.472049
-4.950000 5.150000 2.480659
-4.950000 5.200000 2.490113
-4.950000 5.250000 2.500000
-4.950000 5.300000 2.509887
-4.950000 5.350000 2.519341
-4.950000 5.400000 2.527951
-4.950000 5.450000 2.535339
-4.950000 5.500000 2.541182
-4.950000 5.550000 2.545225
-4.950000 5.600000 2.547292
-4.950000 5.650000 2.547292
-4.950000 5.700000 2.545225
-4.950000 5.750000 2.541182
-4.950000 5.800000 2.535339
-4.950000 5.850000 2.527951
-4.950000 5.900000 2.519341
-4.950000 5.950000 2.509887
-4.950000 6.000000 2.500000
-4.900000 0.000000 2.500000
-4.900000 0.050000 2.489661
-4.900000 0.100000 2.479775
-4.900000 0.150000 2.470772
-4.900000 0.200000 2.463046
-4.900000 0.250000 2.456936
-4.900000 0.300000 2.452708
-4.900000 0.350000 2.450546
-4.900000 0.400000 2.450546
-4.900000 0.450000 2.452708
-4.900000 0.500000 2.456936
-4.900000 0.550000 2.463046
-4.900000 0.600000 2.470772
-4.900000 0.650000 2.479775
-4.900000 0.700000 2.489661
-4.900000 0.750000 2.500000
-4.900000 0.800000 2.510339
-4.900000 0.850000 2.520225
-4.900000 0.900000 2.529228
-4.900000 0.950000 2.536954
-4.900000 1.000000 2.543064
-4.900000 1.050000 2.547292
-4.900000 1.100000 2.549454
-4.900000 1.150000 2.549454
-4.900000 1.200000 2.547292
-4.900000 1.250000 2.543064
-4.900000 1.300000 2.536954
-4.900000 1.350000 2.529228
-4.900000 1.400000 2.520225
-4.900000 1.450000 2.510339
-4.900000 1.500000 2.500000
-4.900000 1.550000 2.489661
-4.900000 1.600000 2.479775
-4.900000 1.650000 2.470772
-4.900000 1.700000 2.463046
-4.900000 1.750000 2.456936
-4.900000 1.800000 2.452708
-4.900000 1.850000 2.450546
-4.900000 1.900000 2.450546
-4.900000 1.950000 2.452708
-4.900000 2.000000 2.456936
-4.900000 2.050000 2.463046
-4.900000 2.100000 2.470772
-4.900000 2.150000 2.479775
-4.900000 2.200000 2.489661
-4.900000 2.250000 2.500000
-4.900000 2.300000 2.510339
-4.900000 2.350000 2.520225
-4.900000 2.400000 2.529228
-4.900000 2.450000 2.536954
-4.900000 2.500000 2.543064
-4.900000 2.550000 2.547292
-4.900000 2.600000 2.549454
-4.900000 2.650000 2.549454
-4.900000 2.700000 2.547292
-4.900000 2.750000 2.543064
-4.900000 2.800000 2.536954
-4.900000 2.850000 2.529228
-4.900000 2.900000 2.520225
-4.900000 2.950000 2.510339
-4.900000 3.000000 2.500000
-4.900000 3.050000 2.489661
-4.900000 3.100000 2.479775
-4.900000 3.150000 2.470772
-4.900000 3.200000 2.463046
-4.900000 3.250000 2.456936
-4.900000 3.300000 2.452708
-4.900000 3.350000 2.450546
-4.900000 3.400000 2.450546
-4.900000 3.450000 2.452708
-4.900000 3.500000 2.456936
-4.900000 3.550000 2.463046
-4.900000 3.600000 2.470772
-4.900000 3.650000 2.479775
-4.900000 3.700000 2.489661
-4.900000 3.750000 2.500000
-4.900000 3.800000 2.510339
-4.900000 3.850000 2.520225
-4.900000 3.900000 2.529228
-4.900000 3.950000 2.536954
-4.900000 4.000000 2.543064
-4.900000 4.050000 2.547292
-4.900000 4.100000 2.549454
-4.900000 4.150000 2.549454
-4.900000 4.200000 2.547292
-4.900000 4.250000 2.543064
-4.900000 4.300000 2.536954
-4.900000 4.350000 2.529228
-4.900000 4.400000 2.520225
-4.900000 4.450000 2.510339
-4.900000 4.500000 2.500000
-4.900000 4.550000 2.489661
-4.900000 4.600000 2.479775
-4.900000 4.650000 2.470772
-4.900000 4.700000 2.463046
-4.900000 4.750000 2.456936
-4.900000 4.800000 2.452708
-4.900000 4.850000 2.450546
-4.900000 4.900000 2.450546
-4.900000 4.950000 2.452708
-4.900000 5.000000 2.456936
-4.900000 5.050000 2.463046
-4.900000 5.100000 2.470772
-4.900000 5.150000 2.479775
-4.900000 5.200000 2.489661
-4.900000 5.250000 2.500000
-4.900000 5.300000 2.510339
-4.900000 5.350000 2.520225
-4.900000 5.400000 2.529228
-4.900000 5.450000 2.536954
-4.900000 5.500000 2.543064
-4.900000 5.550000 2.547292
-4.900000 5.600000 2.549454
-4.900000 5.650000 2.549454
-4.900000 5.700000 2.547292
-4.900000 5.750000 2.543064
-4.900000 5.800000 2.536954
-4.900000 5.850000 2.529228
-4.900000 5.900000 2.520225
-4.900000 5.950000 2.510339
-4.900000 6.000000 2.500000
-4.850000 0.000000 2.500000
-4.850000 0.050000 2.489661
-4.850000 0.100000 2.479775
-4.850000 0.150000 2.470772
-4.850000 0.200000 2.463046
-4.850000 0.250000 2.456936
-4.850000 0.300000 2.452708
-4.850000 0.350000 2.450546
-4.850000 0.400000 2.450546
-4.850000 0.450000 2.452708
-4.850000 0.500000 2.456936
-4.850000 0.550000 2.463046
-4.850000 0.600000 2.470772
-4.850000 0.650000 2.479775
-4.850000 0.700000 2.489661
-4.850000 0.750000 2.500000
-4.850000 0.800000 2.510339
-4.850000 0.850000 2.520225
-4.850000 0.900000 2.529228
-4.850000 0.950000 2.536954
-4.850000 1.000000 2.543064
-4.850000 1.050000 2.547292
-4.850000 1.100000 2.549454
-4.850000 1.150000 2.549454
-4.850000 1.200000 2.547292
-4.850000 1.250000 2.543064
-4.850000 1.300000 2.536954
-4.850000 1.350000 2.529228
-4.850000 1.400000 2.520225
-4.850000 1.450000 2.510339
-4.850000 1.500000 2.500000
-4.850000 1.550000 2.489661
-4.850000 1.600000 2.479775
-4.850000 1.650000 2.470772
-4.850000 1.700000 2.463046
-4.850000 1.750000 2.456936
-4.850000 1.800000 2.452708
-4.850000 1.850000 2.450546
-4.850000 1.900000 2.450546
-4.850000 1.950000 2.452708
-4.850000 2.000000 2.456936
-4.850000 2.050000 2.463046
-4.850000 2.100000 2.470772
-4.850000 2.150000 2.479775
-4.850000 2.200000 2.489661
-4.850000 2.250000 2.500000
-4.850000 2.300000 2.510339
-4.850000 2.350000 2.520225
-4.850000 2.400000 2.529228
-4.850000 2.450000 2.536954
-4.850000 2.500000 2.543064
-4.850000 2.550000 2.547292
-4.850000 2.600000 2.549454
-4.850000 2.650000 2.549454
-4.850000 2.700000 2.547292
-4.850000 2.750000 2.543064
-4.850000 2.800000 2.536954
-4.850000 2.850000 2.529228
-4.850000 2.900000 2.520225
-4.850000 2.950000 2.510339
-4.850000 3.000000 2.500000
-4.850000 3.050000 2.489661
-4.850000 3.100000 2.479775
-4.850000 3.150000 2.470772
-4.850000 3.200000 2.463046
-4.850000 3.250000 2.456936
-4.850000 3.300000 2.452708
-4.850000 3.350000 2.450546
-4.850000 3.400000 2.450546
-4.850000 3.450000 2.452708
-4.850000 3.500000 2.456936
-4.850000 3.550000 2.463046
-4.850000 3.600000 2.470772
-4.850000 3.650000 2.479775
-4.850000 3.700000 2.489661
-4.850000 3.750000 2.500000
-4.850000 3.800000 2.510339
-4.850000 3.850000 2.520225
-4.850000 3.900000 2.529228
-4.850000 3.950000 2.536954
-4.850000 4.000000 2.543064
-4.850000 4.050000 2.547292
-4.850000 4.100000 2.549454
-4.850000 4.150000 2.549454
-4.850000 4.200000 2.547292
-4.850000 4.250000 2.543064
-4.850000 4.300000 2.536954
-4.850000 4.350000 2.529228
-4.850000 4.400000 2.520225
-4.850000 4.450000 2.510339
-4.850000 4.500000 2.500000
-4.850000 4.550000 2.489661
-4.850000 4.600000 2.479775
-4.850000 4.650000 2.470772
-4.850000 4.700000 2.463046
-4.850000 4.750000 2.456936
-4.850000 4.800000 2.452708
-4.850000 4.850000 2.450546
-4.850000 4.900000 2.450546
-4.850000 4.950000 2.452708
-4.850000 5.000000 2.456936
-4.850000 5.050000 2.463046
-4.850000 5.100000 2.470772
-4.850000 5.150000 2.479775
-4.850000 5.200000 2.489661
-4.850000 5.250000 2.500000
-4.850000 5.300000 2.510339
-4.850000 5.350000 2.520225
-4.850000 5.400000 2.529228
-4.850000 5.450000 2.536954
-4.850000 5.500000 2.543064
-4.850000 5.550000 2.547292
-4.850000 5.600000 2.549454
-4.850000 5.650000 2.549454
-4.850000 5.700000 2.547292
-4.850000 5.750000 2.543064
-4.850000 5.800000 2.536954
-4.850000 5.850000 2.529228
-4.850000 5.900000 2.520225
-4.850000 5.950000 2.510339
-4.850000 6.000000 2.500000
-4.800000 0.000000 2.500000
-4.800000 0.050000 2.490113
-4.800000 0.100000 2.480659
-4.800000 0.150000 2.472049
-4.800000 0.200000 2.464661
-4.800000 0.250000 2.458818
-4.800000 0.300000 2.454775
-4.800000 0.350000 2.452708
-4.800000 0.400000 2.452708
-4.800000 0.450000 2.454775
-4.800000 0.500000 2.458818
-4.800000 0.550000 2.464661
-4.800000 0.600000 2.472049
-4.800000 0.650000 2.480659
-4.800000 0.700000 2.490113
-4.800000 0.750000 2.500000
-4.800000 0.800000 2.509887
-4.800000 0.850000 2.519341
-4.800000 0.900000 2.527951
-4.800000 0.950000 2.535339
-4.800000 1.000000 2.541182
-4.800000 1.050000 2.545225
-4.800000 1.100000 2.547292
-4.800000 1.150000 2.547292
-4.800000 1.200000 2.545225
-4.800000 1.250000 2.541182
-4.800000 1.300000 2.535339
-4.800000 1.350000 2.527951
-4.800000 1.400000 2.519341
-4.800000 1.450000 2.509887
-4.800000 1.500000 2.500000
-4.800000 1.550000 2.490113
-4.800000 1.600000 2.480659
-4.800000 1.650000 2.472049
-4.800000 1.700000 2.464661
-4.800000 1.750000 2.458818
-4.800000 1.800000 2.454775
-4.800000 1.850000 2.452708
-4.800000 1.900000 2.452708
-4.800000 1.950000 2.454775
-4.800000 2.000000 2.458818
-4.800000 2.050000 2.464661
-4.800000 2.100000 2.472049
-4.800000 2.150000 2.480659
-4.800000 2.200000 2.490113
-4.800000 2.250000 2.500000
-4.800000 2.300000 2.509887
-4.800000 2.350000 2.519341
-4.800000 2.400000 2.527951
-4.800000 2.450000 2.535339
-4.800000 2.500000 2.541182
-4.800000 2.550000 2.545225
-4.800000 2.600000 2.547292
-4.800000 2.650000 2.547292
-4.800000 2.700000 2.545225
-4.800000 2.750000 2.541182
-4.800000 2.800000 2.535339
-4.800000 2.850000 2.527951
-4.800000 2.900000 2.519341
-4.800000 2.950000 2.509887
-4.800000 3.000000 2.500000
-4.800000 3.050000 2.490113
-4.800000 3.100000 2.480659
-4.800000 3.150000 2.472049
-4.800000 3.200000 2.464661
-4.800000 3.250000 2.458818
-4.800000 3.300000 2.454775
-4.800000 3.350000 2.452708
-4.800000 3.400000 2.452708
-4.800000 3.450000 2.454775
-4.800000 3.500000 2.458818
-4.800000 3.550000 2.464661
-4.800000 3.600000 2.472049
-4.800000 3.650000 2.480659
-4.800000 3.700000 2.490113
-4.800000 3.750000 2.500000
-4.800000 3.800000 2.509887
-4.800000 3.850000 2.519341
-4.800000 3.900000 2.527951
-4.800000 3.950000 2.535339
-4.800000 4.000000 2.541182
-4.800000 4.050000 2.545225
-4.800000 4.100000 2.547292
-4.800000 4.150000 2.547292
-4.800000 4.200000 2.545225
-4.800000 4.250000 2.541182
-4.800000 4.300000 2.535339
-4.800000 4.350000 2.527951
-4.800000 4.400000 2.519341
-4.800000 4.450000 2.509887
-4.800000 4.500000 2.500000
-4.800000 4.550000 2.490113
-4.800000 4.600000 2.480659
-4.800000 4.650000 2.472049
-4.800000 4.700000 2.464661
-4.800000 4.750000 2.458818
-4.800000 4.800000 2.454775
-4.800000 4.850000 2.452708
-4.800000 4.900000 2.452708
-4.800000 4.950000 2.454775
-4.800000 5.000000 2.458818
-4.800000 5.050000 2.464661
-4.800000 5.100000 2.472049
-4.800000 5.150000 2.480659
-4.800000 5.200000 2.490113
-4.800000 5.250000 2.500000
-4.800000 5.300000 2.509887
-4.800000 5.350000 2.519341
-4.800000 5.400000 2.527951
-4.800000 5.450000 2.535339
-4.800000 5.500000 2.541182
-4.800000 5.550000 2.545225
-4.800000 5.600000 2.547292
-4.800000 5.650000 2.547292
-4.800000 5.700000 2.545225
-4.800000 5.750000 2.541182
-4.800000 5.800000 2.535339
-4.800000 5.850000 2.527951
-4.800000 5.900000 2.519341
-4.800000 5.950000 2.509887
-4.800000 6.000000 2.500000
-4.750000 0.000000 2.500000
-4.750000 0.050000 2.490997
-4.750000 0.100000 2.482388
-4.750000 0.150000 2.474548
-4.750000 0.200000 2.467821
-4.750000 0.250000 2.462500
-4.750000 0.300000 2.458818
-4.750000 0.350000 2.456936
-4.750000 0.400000 2.456936
-4.750000 0.450000 2.458818
-4.750000 0.500000 2.462500
-4.750000 0.550000 2.467821
-4.750000 0.600000 2.474548
-4.750000 0.650000 2.482388
-4.750000 0.700000 2.490997
-4.750000 0.750000 2.500000
-4.750000 0.800000 2.509003
-4.750000 0.850000 2.517612
-4.750000 0.900000 2.525452
-4.750000 0.950000 2.532179
-4.750000 1.000000 2.537500
-4.750000 1.050000 2.541182
-4.750000 1.100000 2.543064
-4.750000 1.150000 2.543064
-4.750000 1.200000 2.541182
-4.750000 1.250000 2.537500
-4.750000 1.300000 2.532179
-4.750000 1.350000 2.525452
-4.750000 1.400000 2.517612
-4.750000 1.450000 2.509003
-4.750000 1.500000 2.500000
-4.750000 1.550000 2.490997
-4.750000 1.600000 2.482388
-4.750000 1.650000 2.474548
-4.750000 1.700000 2.467821
-4.750000 1.750000 2.462500
-4.750000 1.800000 2.458818
-4.750000 1.850000 2.456936
-4.750000 1.900000 2.456936
-4.750000 1.950000 2.458818
-4.750000 2.000000 2.462500
-4.750000 2.050000 2.467821
-4.750000 2.100000 2.474548
-4.750000 2.150000 2.482388
-4.750000 2.200000 2.490997
-4.750000 2.250000 2.500000
-4.750000 2.300000 2.509003
-4.750000 2.350000 2.517612
-4.750000 2.400000 2.525452
-4.750000 2.450000 2.532179
-4.750000 2.500000 2.537500
-4.750000 2.550000 2.541182
-4.750000 2.600000 2.543064
-4.750000 2.650000 2.543064
-4.750000 2.700000 2.541182
-4.750000 2.750000 2.537500
-4.750000 2.800000 2.532179
-4.750000 2.850000 2.525452
-4.750000 2.900000 2.517612
-4.750000 2.950000 2.509003
-4.750000 3.000000 2.500000
-4.750000 3.050000 2.490997
-4.750000 3.100000 2.482388
-4.750000 3.150000 2.474548
-4.750000 3.200000 2.467821
-4.750000 3.250000 2.462500
-4.750000 3.300000 2.458818
-4.750000 3.350000 2.456936
-4.750000 3.400000 2.456936
-4.750000 3.450000 2.458818
-4.750000 3.500000 2.462500
-4.750000 3.550000 2.467821
-4.750000 3.600000 2.474548
-4.750000 3.650000 2.482388
-4.750000 3.700000 2.490997
-4.750000 3.750000 2.500000
-4.750000 3.800000 2.509003
-4.750000 3.850000 2.517612
-4.750000 3.900000 2.525452
-4.750000 3.950000 2.532179
-4.750000 4.000000 2.537500
-4.750000 4.050000 2.541182
-4.750000 4.100000 2.543064
-4.750000 4.150000 2.543064
-4.750000 4.200000 2.541182
-4.750000 4.250000 2.537500
-4.750000 4.300000 2.532179
-4.750000 4.350000 2.525452
-4.750000 4.400000 2.517612
-4.750000 4.450000 2.509003
-4.750000 4.500000 2.500000
-4.750000 4.550000 2.490997
-4.750000 4.600000 2.482388
-4.750000 4.650000 2.474548
-4.750000 4.700000 2.467821
-4.750000 4.750000 2.462500
-4.750000 4.800000 2.458818
-4.750000 4.850000 2.456936
-4.750000 4.900000 2.456936
-4.750000 4.950000 2.458818
-4.750000 5.000000 2.462500
-4.750000 5.050000 2.467821
-4.750000 5.100000 2.474548
-4.750000 5.150000 2.482388
-4.750000 5.200000 2.490997
-4.750000 5.250000 2.500000
-4.750000 5.300000 2.509003
-4.750000 5.350000 2.517612
-4.750000 5.400000 2.525452
-4.750000 5.450000 2.532179
-4.750000 5.500000 2.537500
-4.750000 5.550000 2.541182
-4.750000 5.600000 2.543064
-4.750000 5.650000 2.543064
-4.750000 5.700000 2.541182
-4.750000 5.750000 2.537500
-4.750000 5.800000 2.532179
-4.750000 5.850000 2.525452
-4.750000 5.900000 2.517612
-4.750000 5.950000 2.509003
-4.750000 6.000000 2.500000
-4.700000 0.000000 2.500000
-4.700000 0.050000 2.492275
-4.700000 0.100000 2.484887
-4.700000 0.150000 2.478160
-4.700000 0.200000 2.472387
-4.700000 0.250000 2.467821
-4.700000 0.300000 2.464661
-4.700000 0.350000 2.463046
-4.700000 0.400000 2.463046
-4.700000 0.450000 2.464661
-4.700000 0.500000 2.467821
-4.700000 0.550000 2.472387
-4.700000 0.600000 2.478160
-4.700000 0.650000 2.484887
-4.700000 0.700000 2.492275
-4.700000 0.750000 2.500000
-4.700000 0.800000 2.507725
-4.700000 0.850000 2.515113
-4.700000 0.900000 2.521840
-4.700000 0.950000 2.527613
-4.700000 1.000000 2.532179
-4.700000 1.050000 2.535339
-4.700000 1.100000 2.536954
-4.700000 1.150000 2.536954
-4.700000 1.200000 2.535339
-4.700000 1.250000 2.532179
-4.700000 1.300000 2.527613
-4.700000 1.350000 2.521840
-4.700000 1.400000 2.515113
-4.700000 1.450000 2.507725
-4.700000 1.500000 2.500000
-4.700000 1.550000 2.492275
-4.700000 1.600000 2.484887
-4.700000 1.650000 2.478160
-4.700000 1.700000 2.472387
-4.700000 1.750000 2.467821
-4.700000 1.800000 2.464661
-4.700000 1.850000 2.463046
-4.700000 1.900000 2.463046
-4.700000 1.950000 2.464661
-4.700000 2.000000 2.467821
-4.700000 2.050000 2.472387
-4.700000 2.100000 2.478160
-4.700000 2.150000 2.484887
-4.700000 2.200000 2.492275
-4.700000 2.250000 2.500000
-4.700000 2.300000 2.507725
-4.700000 2.350000 2.515113
-4.700000 2.400000 2.521840
-4.700000 2.450000 2.527613
-4.700000 2.500000 2.532179
-4.700000 2.550000 2.535339
-4.700000 2.600000 2.536954
-4.700000 2.650000 2.536954
-4.700000 2.700000 2.535339
-4.700000 2.750000 2.532179
-4.700000 2.800000 2.527613
-4.700000 2.850000 2.521840
-4.700000 2.900000 2.515113
-4.700000 2.950000 2.507725
-4.700000 3.000000 2.500000
-4.700000 3.050000 2.492275
-4.700000 3.100000 2.484887
-4.700000 3.150000 2.478160
-4.700000 3.200000 2.472387
-4.700000 3.250000 2.467821
-4.700000 3.300000 2.464661
-4.700000 3.350000 2.463046
-4.700000 3.400000 2.463046
-4.700000 3.450000 2.464661
-4.700000 3.500000 2.467821
-4.700000 3.550000 2.472387
-4.700000 3.600000 2.478160
-4.700000 3.650000 2.484887
-4.700000 3.700000 2.492275
-4.700000 3.750000 2.500000
-4.700000 3.800000 2.507725
-4.700000 3.850000 2.515113
-4.700000 3.900000 2.521840
-4.700000 3.950000 2.527613
-4.700000 4.000000 2.532179
-4.700000 4.050000 2.535339
-4.700000 4.100000 2.536954
-4.700000 4.150000 2.536954
-4.700000 4.200000 2.535339
-4.700000 4.250000 2.532179
-4.700000 4.300000 2.527613
-4.700000 4.350000 2.521840
-4.700000 4.400000 2.515113
-4.700000 4.450000 2.507725
-4.700000 4.500000 2.500000
-4.700000 4.550000 2.492275
-4.700000 4.600000 2.484887
-4.700000 4.650000 2.478160
-4.700000 4.700000 2.472387
-4.700000 4.750000 2.467821
-4.700000 4.800000 2.464661
-4.700000 4.850000 2.463046
-4.700000 4.900000 2.463046
-4.700000 4.950000 2.464661
-4.700000 5.000000 2.467821
-4.700000 5.050000 2.472387
-4.700000 5.100000 2.478160
-4.700000 5.150000 2.484887
-4.700000 5.200000 2.492275
-4.700000 5.250000 2.500000
-4.700000 5.300000 2.507725
-4.700000 5.350000 2.515113
-4.700000 5.400000 2.521840
-4.700000 5.450000 2.527613
-4.700000 5.500000 2.532179
-4.700000 5.550000 2.535339
-4.700000 5.600000 2.536954
-4.700000 5.650000 2.536954
-4.700000 5.700000 2.535339
-4.700000 5.750000 2.532179
-4.700000 5.800000 2.527613
-4.700000 5.850000 2.521840
-4.700000 5.900000 2.515113
-4.700000 5.950000 2.507725
-4.700000 6.000000 2.500000
-4.650000 0.000000 2.500000
-4.650000 0.050000 2.493890
-4.650000 0.100000 2.488046
-4.650000 0.150000 2.482725
-4.650000 0.200000 2.478160
-4.650000 0.250000 2.474548
-4.650000 0.300000 2.472049
-4.650000 0.350000 2.470772
-4.650000 0.400000 2.470772
-4.650000 0.450000 2.472049
-4.650000 0.500000 2.474548
-4.650000 0.550000 2.478160
-4.650000 0.600000 2.482725
-4.650000 0.650000 2.488046
-4.650000 0.700000 2.493890
-4.650000 0.750000 2.500000
-4.650000 0.800000 2.506110
-4.650000 0.850000 2.511954
-4.650000 0.900000 2.517275
-4.650000 0.950000 2.521840
-4.650000 1.000000 2.525452
-4.650000 1.050000 2.527951
-4.650000 1.100000 2.529228
-4.650000 1.150000 2.529228
-4.650000 1.200000 2.527951
-4.650000 1.250000 2.525452
-4.650000 1.300000 2.521840
-4.650000 1.350000 2.517275
-4.650000 1.400000 2.511954
-4.650000 1.450000 2.506110
-4.650000 1.500000 2.500000
-4.650000 1.550000 2.493890
-4.650000 1.600000 2.488046
-4.650000 1.650000 2.482725
-4.650000 1.700000 2.478160
-4.650000 1.750000 2.474548
-4.650000 1.800000 2.472049
-4.650000 1.850000 2.470772
-4.650000 1.900000 2.470772
-4.650000 1.950000 2.472049
-4.650000 2.000000 2.474548
-4.650000 2.050000 2.478160
-4.650000 2.100000 2.482725
-4.650000 2.150000 2.488046
-4.650000 2.200000 2.493890
-4.650000 2.250000 2.500000
-4.650000 2.300000 2.506110
-4.650000 2.350000 2.511954
-4.650000 2.400000 2.517275
-4.650000 2.450000 2.521840
-4.650000 2.500000 2.525452
-4.650000 2.550000 2.527951
-4.650000 2.600000 2.529228
-4.650000 2.650000 2.529228
-4.650000 2.700000 2.527951
-4.650000 2.750000 2.525452
-4.650000 2.800000 2.521840
-4.650000 2.850000 2.517275
-4.650000 2.900000 2.511954
-4.650000 2.950000 2.506110
-4.650000 3.000000 2.500000
-4.650000 3.050000 2.493890
-4.650000 3.100000 2.488046
-4.650000 3.150000 2.482725
-4.650000 3.200000 2.478160
-4.650000 3.250000 2.474548
-4.650000 3.300000 2.472049
-4.650000 3.350000 2.470772
-4.650000 3.400000 2.470772
-4.650000 3.450000 2.472049
-4.650000 3.500000 2.474548
-4.650000 3.550000 2.478160
-4.650000 3.600000 2.482725
-4.650000 3.650000 2.488046
-4.650000 3.700000 2.493890
-4.650000 3.750000 2.500000
-4.650000 3.800000 2.506110
-4.650000 3.850000 2.511954
-4.650000 3.900000 2.517275
-4.650000 3.950000 2.521840
-4.650000 4.000000 2.525452
-4.650000 4.050000 2.527951
-4.650000 4.100000 2.529228
-4.650000 4.150000 2.529228
-4.650000 4.200000 2.527951
-4.650000 4.250000 2.525452
-4.650000 4.300000 2.521840
-4.650000 4.350000 2.517275
-4.650000 4.400000 2.511954
-4.650000 4.450000 2.506110
-4.650000 4.500000 2.500000
-4.650000 4.550000 2.493890
-4.650000 4.600000 2.488046
-4.650000 4.650000 2.482725
-4.650000 4.700000 2.478160
-4.650000 4.750000 2.474548
-4.650000 4.800000 2.472049
-4.650000 4.850000 2.470772
-4.650000 4.900000 2.470772
-4.650000 4.950000 2.472049
-4.650000 5.000000 2.474548
-4.650000 5.050000 2.478160
-4.650000 5.100000 2.482725
-4.650000 5.150000 2.488046
-4.650000 5.200000 2.493890
-4.650000 5.250000 2.500000
-4.650000 5.300000 2.506110
-4.650000 5.350000 2.511954
-4.650000 5.400000 2.517275
-4.650000 5.450000 2.521840
-4.650000 5.500000 2.525452
-4.650000 5.550000 2.527951
-4.650000 5.600000 2.529228
-4.650000 5.650000 2.529228
-4.650000 5.700000 2.527951
-4.650000 5.750000 2.525452
-4.650000 5.800000 2.521840
-4.650000 5.850000 2.517275
-4.650000 5.900000 2.511954
-4.650000 5.950000 2.506110
-4.650000 6.000000 2.500000
-4.600000 0.000000 2.500000
-4.600000 0.050000 2.495772
-4.600000 0.100000 2.491728
-4.600000 0.150000 2.488046
-4.600000 0.200000 2.484887
-4.600000 0.250000 2.482388
-4.600000 0.300000 2.480659
-4.600000 0.350000 2.479775
-4.600000 0.400000 2.479775
-4.600000 0.450000 2.480659
-4.600000 0.500000 2.482388
-4.600000 0.550000 2.484887
-4.600000 0.600000 2.488046
-4.600000 0.650000 2.491728
-4.600000 0.700000 2.495772
-4.600000 0.750000 2.500000
-4.600000 0.800000 2.504228
-4.600000 0.850000 2.508272
-4.600000 0.900000 2.511954
-4.600000 0.950000 2.515113
-4.600000 1.000000 2.517612
-4.600000 1.050000 2.519341
-4.600000 1.100000 2.520225
-4.600000 1.150000 2.520225
-4.600000 1.200000 2.519341
-4.600000 1.250000 2.517612
-4.600000 1.300000 2.515113
-4.600000 1.350000 2.511954
-4.600000 1.400000 2.508272
-4.600000 1.450000 2.504228
-4.600000 1.500000 2.500000
-4.600000 1.550000 2.495772
-4.600000 1.600000 2.491728
-4.600000 1.650000 2.488046
-4.600000 1.700000 2.484887
-4.600000 1.750000 2.482388
-4.600000 1.800000 2.480659
-4.600000 1.850000 2.479775
-4.600000 1.900000 2.479775
-4.600000 1.950000 2.480659
-4.600000 2.000000 2.482388
-4.600000 2.050000 2.484887
-4.600000 2.100000 2.488046
-4.600000 2.150000 2.491728
-4.600000 2.200000 2.495772
-4.600000 2.250000 2.500000
-4.600000 2.300000 2.504228
-4.600000 2.350000 2.508272
-4.600000 2.400000 2.511954
-4.600000 2.450000 2.515113
-4.600000 2.500000 2.517612
-4.600000 2.550000 2.519341
-4.600000 2.600000 2.520225
-4.600000 2.650000 2.520225
-4.600000 2.700000 2.519341
-4.600000 2.750000 2.517612
-4.600000 2.800000 2.515113
-4.600000 2.850000 2.511954
-4.600000 2.900000 2.508272
-4.600000 2.950000 2.504228
-4.600000 3.000000 2.500000
-4.600000 3.050000 2.495772
-4.600000 3.100000 2.491728
-4.600000 3.150000 2.488046
-4.600000 3.200000 2.484887
-4.600000 3.250000 2.482388
-4.600000 3.300000 2.480659
-4.600000 3.350000 2.479775
-4.600000 3.400000 2.479775
-4.600000 3.450000 2.480659
-4.600000 3.500000 2.482388
-4.600000 3.550000 2.484887
-4.600000 3.600000 2.488046
-4.600000 3.650000 2.491728
-4.600000 3.700000 2.495772
-4.600000 3.750000 2.500000
-4.600000 3.800000 2.504228
-4.600000 3.850000 2.508272
-4.600000 3.900000 2.511954
-4.600000 3.950000 2.515113
-4.600000 4.000000 2.517612
-4.600000 4.050000 2.519341
-4.600000 4.100000 2.520225
-4.600000 4.150000 2.520225
-4.600000 4.200000 2.519341
-4.600000 4.250000 2.517612
-4.600000 4.300000 2.515113
-4.600000 4.350000 2.511954
-4.600000 4.400000 2.508272
-4.600000 4.450000 2.504228
-4.600000 4.500000 2.500000
-4.600000 4.550000 2.495772
-4.600000 4.600000 2.491728
-4.600000 4.650000 2.488046
-4.600000 4.700000 2.484887
-4.600000 4.750000 2.482388
-4.600000 4.800000 2.480659
-4.600000 4.850000 2.479775
-4.600000 4.900000 2.479775
-4.600000 4.950000 2.480659
-4.600000 5.000000 2.482388
-4.600000 5.050000 2.484887
-4.600000 5.100000 2.488046
-4.600000 5.150000 2.491728
-4.600000 5.200000 2.495772
-4.600000 5.250000 2.500000
-4.600000 5.300000 2.504228
-4.600000 5.350000 2.508272
-4.600000 5.400000 2.511954
-4.600000 5.450000 2.515113
-4.600000 5.500000 2.517612
-4.600000 5.550000 2.519341
-4.600000 5.600000 2.520225
-4.600000 5.650000 2.520225
-4.600000 5.700000 2.519341
-4.600000 5.750000 2.517612
-4.600000 5.800000 2.515113
-4.600000 5.850000 2.511954
-4.600000 5.900000 2.508272
-4.600000 5.950000 2.504228
-4.600000 6.000000 2.500000
-4.550000 0.000000 2.500000
-4.550000 0.050000 2.497839
-4.550000 0.100000 2.495772
-4.550000 0.150000 2.493890
-4.550000 0.200000 2.492275
-4.550000 0.250000 2.490997
-4.550000 0.300000 2.490113
-4.550000 0.350000 2.489661
-4.550000 0.400000 2.489661
-4.550000 0.450000 2.490113
-4.550000 0.500000 2.490997
-4.550000 0.550000 2.492275
-4.550000 0.600000 2.493890
-4.550000 0.650000 2.495772
-4.550000 0.700000 2.497839
-4.550000 0.750000 2.500000
-4.550000 0.800000 2.502161
-4.550000 0.850000 2.504228
-4.550000 0.900000 2.506110
-4.550000 0.950000 2.507725
-4.550000 1.000000 2.509003
-4.550000 1.050000 2.509887
-4.550000 1.100000 2.510339
-4.550000 1.150000 2.510339
-4.550000 1.200000 2.509887
-4.550000 1.250000 2.509003
-4.550000 1.300000 2.507725
-4.550000 1.350000 2.506110
-4.550000 1.400000 2.504228
-4.550000 1.450000 2.502161
-4.550000 1.500000 2.500000
-4.550000 1.550000 2.497839
-4.550000 1.600000 2.495772
-4.550000 1.650000 2.493890
-4.550000 1.700000 2.492275
-4.550000 1.750000 2.490997
-4.550000 1.800000 2.490113
-4.550000 1.850000 2.489661
-4.550000 1.900000 2.489661
-4.550000 1.950000 2.490113
-4.550000 2.000000 2.490997
-4.550000 2.050000 2.492275
-4.550000 2.100000 2.493890
-4.550000 2.150000 2.495772
-4.550000 2.200000 2.497839
-4.550000 2.250000 2.500000
-4.550000 2.300000 2.502161
-4.550000 2.350000 2.504228
-4.550000 2.400000 2.506110
-4.550000 2.450000 2.507725
-4.550000 2.500000 2.509003
-4.550000 2.550000 2.509887
-4.550000 2.600000 2.510339
-4.550000 2.650000 2.510339
-4.550000 2.700000 2.509887
-4.550000 2.750000 2.509003
-4.550000 2.800000 2.507725
-4.550000 2.850000 2.506110
-4.550000 2.900000 2.504228
-4.550000 2.950000 2.502161
-4.550000 3.000000 2.500000
-4.550000 3.050000 2.497839
-4.550000 3.100000 2.495772
-4.550000 3.150000 2.493890
-4.550000 3.200000 2.492275
-4.550000 3.250000 2.490997
-4.550000 3.300000 2.490113
-4.550000 3.350000 2.489661
-4.550000 3.400000 2.489661
-4.550000 3.450000 2.490113
-4.550000 3.500000 2.490997
-4.550000 3.550000 2.492275
-4.550000 3.600000 2.493890
-4.550000 3.650000 2.495772
-4.550000 3.700000 2.497839
-4.550000 3.750000 2.500000
-4.550000 3.800000 2.502161
-4.550000 3.850000 2.504228
-4.550000 3.900000 2.506110
-4.550000 3.950000 2.507725
-4.550000 4.000000 2.509003
-4.550000 4.050000 2.509887
-4.550000 4.100000 2.510339
-4.550000 4.150000 2.510339
-4.550000 4.200000 2.509887
-4.550000 4.250000 2.509003
-4.550000 4.300000 2.507725
-4.550000 4.350000 2.506110
-4.550000 4.400000 2.504228
-4.550000 4.450000 2.502161
-4.550000 4.500000 2.500000
-4.550000 4.550000 2.497839
-4.550000 4.600000 2.495772
-4.550000 4.650000 2.493890
-4.550000 4.700000 2.492275
-4.550000 4.750000 2.490997
-4.550000 4.800000 2.490113
-4.550000 4.850000 2.489661
-4.550000 4.900000 2.489661
-4.550000 4.950000 2.490113
-4.550000 5.000000 2.490997
-4.550000 5.050000 2.492275
-4.550000 5.100000 2.493890
-4.550000 5.150000 2.495772
-4.550000 5.200000 2.497839
-4.550000 5.250000 2.500000
-4.550000 5.300000 2.502161
-4.550000 5.350000 2.504228
-4.550000 5.400000 2.506110
-4.550000 5.450000 2.507725
-4.550000 5.500000 2.509003
-4.550000 5.550000 2.509887
-4.550000 5.600000 2.510339
-4.550000 5.650000 2.510339
-4.550000 5.700000 2.509887
-4.550000 5.750000 2.509003
-4.550000 5.800000 2.507725
-4.550000 5.850000 2.506110
-4.550000 5.900000 2.504228
-4.550000 5.950000 2.502161
-4.550000 6.000000 2.500000
-4.500000 0.000000 2.500000
-4.500000 0.050000 2.500000
-4.500000 0.100000 2.500000
-4.500000 0.150000 2.500000
-4.500000 0.200000 2.500000
-4.500000 0.250000 2.500000
-4.500000 0.300000 2.500000
-4.500000 0.350000 2.500000
-4.500000 0.400000 2.500000
-4.500000 0.450000 2.500000
-4.500000 0.500000 2.500000
-4.500000 0.550000 2.500000
-4.500000 0.600000 2.500000
-4.500000 0.650000 2.500000
-4.500000 0.700000 2.500000
-4.500000 0.750000 2.500000
-4.500000 0.800000 2.500000
-4.500000 0.850000 2.500000
-4.500000 0.900000 2.500000
-4.500000 0.950000 2.500000
-4.500000 1.000000 2.500000
-4.500000 1.050000 2.500000
-4.500000 1.100000 2.500000
-4.500000 1.150000 2.500000
-4.500000 1.200000 2.500000
-4.500000 1.250000 2.500000
-4.500000 1.300000 2.500000
-4.500000 1.350000 2.500000
-4.500000 1.400000 2.500000
-4.500000 1.450000 2.500000
-4.500000 1.500000 2.500000
-4.500000 1.550000 2.500000
-4.500000 1.600000 2.500000
-4.500000 1.650000 2.500000
-4.500000 1.700000 2.500000
-4.500000 1.750000 2.500000
-4.500000 1.800000 2.500000
-4.500000 1.850000 2.500000
-4.500000 1.900000 2.500000
-4.500000 1.950000 2.500000
-4.500000 2.000000 2.500000
-4.500000 2.050000 2.500000
-4.500000 2.100000 2.500000
-4.500000 2.150000 2.500000
-4.500000 2.200000 2.500000
-4.500000 2.250000 2.500000
-4.500000 2.300000 2.500000
-4.500000 2.350000 2.500000
-4.500000 2.400000 2.500000
-4.500000 2.450000 2.500000
-4.500000 2.500000 2.500000
-4.500000 2.550000 2.500000
-4.500000 2.600000 2.500000
-4.500000 2.650000 2.500000
-4.500000 2.700000 2.500000
-4.500000 2.750000 2.500000
-4.500000 2.800000 2.500000
-4.500000 2.850000 2.500000
-4.500000 2.900000 2.500000
-4.500000 2.950000 2.500000
-4.500000 3.000000 2.500000
-4.500000 3.050000 2.500000
-4.500000 3.100000 2.500000
-4.500000 3.150000 2.500000
-4.500000 3.200000 2.500000
-4.500000 3.250000 2.500000
-4.500000 3.300000 2.500000
-4.500000 3.350000 2.500000
-4.500000 3.400000 2.500000
-4.500000 3.450000 2.500000
-4.500000 3.500000 2.500000
-4.500000 3.550000 2.500000
-4.500000 3.600000 2.500000
-4.500000 3.650000 2.500000
-4.500000 3.700000 2.500000
-4.500000 3.750000 2.500000
-4.500000 3.800000 2.500000
-4.500000 3.850000 2.500000
-4.500000 3.900000 2.500000
-4.500000 3.950000 2.500000
-4.500000 4.000000 2.500000
-4.500000 4.050000 2.500000
-4.500000 4.100000 2.500000
-4.500000 4.150000 2.500000
-4.500000 4.200000 2.500000
-4.500000 4.250000 2.500000
-4.500000 4.300000 2.500000
-4.500000 4.350000 2.500000
-4.500000 4.400000 2.500000
-4.500000 4.450000 2.500000
-4.500000 4.500000 2.500000
-4.500000 4.550000 2.500000
-4.500000 4.600000 2.500000
-4.500000 4.650000 2.500000
-4.500000 4.700000 2.500000
-4.500000 4.750000 2.500000
-4.500000 4.800000 2.500000
-4.500000 4.850000 2.500000
-4.500000 4.900000 2.500000
-4.500000 4.950000 2.500000
-4.500000 5.000000 2.500000
-4.500000 5.050000 2.500000
-4.500000 5.100000 2.500000
-4.500000 5.150000 2.500000
-4.500000 5.200000 2.500000
-4.500000 5.250000 2.500000
-4.500000 5.300000 2.500000
-4.500000 5.350000 2.500000
-4.500000 5.400000 2.500000
-4.500000 5.450000 2.500000
-4.500000 5.500000 2.500000
-4.500000 5.550000 2.500000
-4.500000 5.600000 2.500000
-4.500000 5.650000 2.500000
-4.500000 5.700000 2.500000
-4.500000 5.750000 2.500000
-4.500000 5.800000 2.500000
-4.500000 5.850000 2.500000
-4.500000 5.900000 2.500000
-4.500000 5.950000 2.500000
-4.500000 6.000000 2.500000
-4.450000 0.000000 2.500000
-4.450000 0.050000 2.502161
-4.450000 0.100000 2.504228
-4.450000 0.150000 2.506110
-4.450000 0.200000 2.507725
-4.450000 0.250000 2.509003
-4.450000 0.300000 2.509887
-4.450000 0.350000 2.510339
-4.450000 0.400000 2.510339
-4.450000 0.450000 2.509887
-4.450000 0.500000 2.509003
-4.450000 0.550000 2.507725
-4.450000 0.600000 2.506110
-4.450000 0.650000 2.504228
-4.450000 0.700000 2.502161
-4.450000 0.750000 2.500000
-4.450000 0.800000 2.497839
-4.450000 0.850000 2.495772
-4.450000 0.900000 2.493890
-4.450000 0.950000 2.492275
-4.450000 1.000000 2.490997
-4.450000 1.050000 2.490113
-4.450000 1.100000 2.489661
-4.450000 1.150000 2.489661
-4.450000 1.200000 2.490113
-4.450000 1.250000 2.490997
-4.450000 1.300000 2.492275
-4.450000 1.350000 2.493890
-4.450000 1.400000 2.495772
-4.450000 1.450000 2.497839
-4.450000 1.500000 2.500000
-4.450000 1.550000 2.502161
-4.450000 1.600000 2.504228
-4.450000 1.650000 2.506110
-4.450000 1.700000 2.507725
-4.450000 1.750000 2.509003
-4.450000 1.800000 2.509887
-4.450000 1.850000 2.510339
-4.450000 1.900000 2.510339
-4.450000 1.950000 2.509887
-4.450000 2.000000 2.509003
-4.450000 2.050000 2.507725
-4.450000 2.100000 2.506110
-4.450000 2.150000 2.504228
-4.450000 2.200000 2.502161
-4.450000 2.250000 2.500000
-4.450000 2.300000 2.497839
-4.450000 2.350000 2.495772
-4.450000 2.400000 2.493890
-4.450000 2.450000 2.492275
-4.450000 2.500000 2.490997
-4.450000 2.550000 2.490113
-4.450000 2.600000 2.489661
-4.450000 2.650000 2.489661
-4.450000 2.700000 2.490113
-4.450000 2.750000 2.490997
-4.450000 2.800000 2.492275
-4.450000 2.850000 2.493890
-4.450000 2.900000 2.495772
-4.450000 2.950000 2.497839
-4.450000 3.000000 2.500000
-4.450000 3.050000 2.502161
-4.450000 3.100000 2.504228
-4.450000 3.150000 2.506110
-4.450000 3.200000 2.507725
-4.450000 3.250000 2.509003
-4.450000 3.300000 2.509887
-4.450000 3.350000 2.510339
-4.450000 3.400000 2.510339
-4.450000 3.450000 2.509887
-4.450000 3.500000 2.509003
-4.450000 3.550000 2.507725
-4.450000 3.600000 2.506110
-4.450000 3.650000 2.504228
-4.450000 3.700000 2.502161
-4.450000 3.750000 2.500000
-4.450000 3.800000 2.497839
-4.450000 3.850000 2.495772
-4.450000 3.900000 2.493890
-4.450000 3.950000 2.492275
-4.450000 4.000000 2.490997
-4.450000 4.050000 2.490113
-4.450000 4.100000 2.489661
-4.450000 4.150000 2.489661
-4.450000 4.200000 2.490113
-4.450000 4.250000 2.490997
-4.450000 4.300000 2.492275
-4.450000 4.350000 2.493890
-4.450000 4.400000 2.495772
-4.450000 4.450000 2.497839
-4.450000 4.500000 2.500000
-4.450000 4.550000 2.502161
-4.450000 4.600000 2.504228
-4.450000 4.650000 2.506110
-4.450000 4.700000 2.507725
-4.450000 4.750000 2.509003
-4.450000 4.800000 2.509887
-4.450000 4.850000 2.510339
-4.450000 4.900000 2.510339
-4.450000 4.950000 2.509887
-4.450000 5.000000 2.509003
-4.450000 5.050000 2.507725
-4.450000 5.100000 2.506110
-4.450000 5.150000 2.504228
-4.450000 5.200000 2.502161
-4.450000 5.250000 2.500000
-4.450000 5.300000 2.497839
-4.450000 5.350000 2.495772
-4.450000 5.400000 2.493890
-4.450000 5.450000 2.492275
-4.450000 5.500000 2.490997
-4.450000 5.550000 2.490113
-4.450000 5.600000 2.489661
-4.450000 5.650000 2.489661
-4.450000 5.700000 2.490113
-4.450000 5.750000 2.490997
-4.450000 5.800000 2.492275
-4.450000 5.850000 2.493890
-4.450000 5.900000 2.495772
-4.450000 5.950000 2.497839
-4.450000 6.000000 2.500000
-4.400000 0.000000 2.500000
-4.400000 0.050000 2.504228
-4.400000 0.100000 2.508272
-4.400000 0.150000 2.511954
-4.400000 0.200000 2.515113
-4.400000 0.250000 2.517612
-4.400000 0.300000 2.519341
-4.400000 0.350000 2.520225
-4.400000 0.400000 2.520225
-4.400000 0.450000 2.519341
-4.400000 0.500000 2.517612
-4.400000 0.550000 2.515113
-4.400000 0.600000 2.511954
-4.400000 0.650000 2.508272
-4.400000 0.700000 2.504228
-4.400000 0.750000 2.500000
-4.400000 0.800000 2.495772
-4.400000 0.850000 2.491728
-4.400000 0.900000 2.488046
-4.400000 0.950000 2.484887
-4.400000 1.000000 2.482388
-4.400000 1.050000 2.480659
-4.400000 1.100000 2.479775
-4.400000 1.150000 2.479775
-4.400000 1.200000 2.480659
-4.400000 1.250000 2.482388
-4.400000 1.300000 2.484887
-4.400000 1.350000 2.488046
-4.400000 1.400000 2.491728
-4.400000 1.450000 2.495772
-4.400000 1.500000 2.500000
-4.400000 1.550000 2.504228
-4.400000 1.600000 2.508272
-4.400000 1.650000 2.511954
-4.400000 1.700000 2.515113
-4.400000 1.750000 2.517612
-4.400000 1.800000 2.519341
-4.400000 1.850000 2.520225
-4.400000 1.900000 2.520225
-4.400000 1.950000 2.519341
-4.400000 2.000000 2.517612
-4.400000 2.050000 2.515113
-4.400000 2.100000 2.511954
-4.400000 2.150000 2.508272
-4.400000 2.200000 2.504228
-4.400000 2.250000 2.500000
-4.400000 2.300000 2.495772
-4.400000 2.350000 2.491728
-4.400000 2.400000 2.488046
-4.400000 2.450000 2.484887
-4.400000 2.500000 2.482388
-4.400000 2.550000 2.480659
-4.400000 2.600000 2.479775
-4.400000 2.650000 2.479775
-4.400000 2.700000 2.480659
-4.400000 2.750000 2.482388
-4.400000 2.800000 2.484887
-4.400000 2.850000 2.488046
-4.400000 2.900000 2.491728
-4.400000 2.950000 2.495772
-4.400000 3.000000 2.500000
-4.400000 3.050000 2.504228
-4.400000 3.100000 2.508272
-4.400000 3.150000 2.511954
-4.400000 3.200000 2.515113
-4.400000 3.250000 2.517612
-4.400000 3.300000 2.519341
-4.400000 3.350000 2.520225
-4.400000 3.400000 2.520225
-4.400000 3.450000 2.519341
-4.400000 3.500000 2.517612
-4.400000 3.550000 2.515113
-4.400000 3.600000 2.511954
-4.400000 3.650000 2.508272
-4.400000 3.700000 2.504228
-4.400000 3.750000 2.500000
-4.400000 3.800000 2.495772
-4.400000 3.850000 2.491728
-4.400000 3.900000 2.488046
-4.400000 3.950000 2.484887
-4.400000 4.000000 2.482388
-4.400000 4.050000 2.480659
-4.400000 4.100000 2.479775
-4.400000 4.150000 2.479775
-4.400000 4.200000 2.480659
-4.400000 4.250000 2.482388
-4.400000 4.300000 2.484887
-4.400000 4.350000 2.488046
-4.400000 4.400000 2.491728
-4.400000 4.450000 2.495772
-4.400000 4.500000 2.500000
-4.400000 4.550000 2.504228
-4.400000 4.600000 2.508272
-4.400000 4.650000 2.511954
-4.400000 4.700000 2.515113
-4.400000 4.750000 2.517612
-4.400000 4.800000 2.519341
-4.400000 4.850000 2.520225
-4.400000 4.900000 2.520225
-4.400000 4.950000 2.519341
-4.400000 5.000000 2.517612
-4.400000 5.050000 2.515113
-4.400000 5.100000 2.511954
-4.400000 5.150000 2.508272
-4.400000 5.200000 2.504228
-4.400000 5.250000 2.500000
-4.400000 5.300000 2.495772
-4.400000 5.350000 2.491728
-4.400000 5.400000 2.488046
-4.400000 5.450000 2.484887
-4.400000 5.500000 2.482388
-4.400000 5.550000 2.480659
-4.400000 5.600000 2.479775
-4.400000 5.650000 2.479775
-4.400000 5.700000 2.480659
-4.400000 5.750000 2.482388
-4.400000 5.800000 2.484887
-4.400000 5.850000 2.488046
-4.400000 5.900000 2.491728
-4.400000 5.950000 2.495772
-4.400000 6.000000 2.500000
-4.350000 0.000000 2.500000
-4.350000 0.050000 2.506110
-4.350000 0.100000 2.511954
-4.350000 0.150000 2.517275
-4.350000 0.200000 2.521840
-4.350000 0.250000 2.525452
-4.350000 0.300000 2.527951
-4.350000 0.350000 2.529228
-4.350000 0.400000 2.529228
-4.350000 0.450000 2.527951
-4.350000 0.500000 2.525452
-4.350000 0.550000 2.521840
-4.350000 0.600000 2.517275
-4.350000 0.650000 2.511954
-4.350000 0.700000 2.506110
-4.350000 0.750000 2.500000
-4.350000 0.800000 2.493890
-4.350000 0.850000 2.488046
-4.350000 0.900000 2.482725
-4.350000 0.950000 2.478160
-4.350000 1.000000 2.474548
-4.350000 1.050000 2.472049
-4.350000 1.100000 2.470772
-4.350000 1.150000 2.470772
-4.350000 1.200000 2.472049
-4.350000 1.250000 2.474548
-4.350000 1.300000 2.478160
-4.350000 1.350000 2.482725
-4.350000 1.400000 2.488046
-4.350000 1.450000 2.493890
-4.350000 1.500000 2.500000
-4.350000 1.550000 2.506110
-4.350000 1.600000 2.511954
-4.350000 1.650000 2.517275
-4.350000 1.700000 2.521840
-4.350000 1.750000 2.525452
-4.350000 1.800000 2.527951
-4.350000 1.850000 2.529228
-4.350000 1.900000 2.529228
-4.350000 1.950000 2.527951
-4.350000 2.000000 2.525452
-4.350000 2.050000 2.521840
-4.350000 2.100000 2.517275
-4.350000 2.150000 2.511954
-4.350000 2.200000 2.506110
-4.350000 2.250000 2.500000
-4.350000 2.300000 2.493890
-4.350000 2.350000 2.488046
-4.350000 2.400000 2.482725
-4.350000 2.450000 2.478160
-4.350000 2.500000 2.474548
-4.350000 2.550000 2.472049
-4.350000 2.600000 2.470772
-4.350000 2.650000 2.470772
-4.350000 2.700000 2.472049
-4.350000 2.750000 2.474548
-4.350000 2.800000 2.478160
-4.350000 2.850000 2.482725
-4.350000 2.900000 2.488046
-4.350000 2.950000 2.493890
-4.350000 3.000000 2.500000
-4.350000 3.050000 2.506110
-4.350000 3.100000 2.511954
-4.350000 3.150000 2.517275
-4.350000 3.200000 2.521840
-4.350000 3.250000 2.525452
-4.350000 3.300000 2.527951
-4.350000 3.350000 2.529228
-4.350000 3.400000 2.529228
-4.350000 3.450000 2.527951
-4.350000 3.500000 2.525452
-4.350000 3.550000 2.521840
-4.350000 3.600000 2.517275
-4.350000 3.650000 2.511954
-4.350000 3.700000 2.506110
-4.350000 3.750000 2.500000
-4.350000 3.800000 2.493890
-4.350000 3.850000 2.488046
-4.350000 3.900000 2.482725
-4.350000 3.950000 2.478160
-4.350000 4.000000 2.474548
-4.350000 4.050000 2.472049
-4.350000 4.100000 2.470772
-4.350000 4.150000 2.470772
-4.350000 4.200000 2.472049
-4.350000 4.250000 2.474548
-4.350000 4.300000 2.478160
-4.350000 4.350000 2.482725
-4.350000 4.400000 2.488046
-4.350000 4.450000 2.493890
-4.350000 4.500000 2.500000
-4.350000 4.550000 2.506110
-4.350000 4.600000 2.511954
-4.350000 4.650000 2.517275
-4.350000 4.700000 2.521840
-4.350000 4.750000 2.525452
-4.350000 4.800000 2.527951
-4.350000 4.850000 2.529228
-4.350000 4.900000 2.529228
-4.350000 4.950000 2.527951
-4.350000 5.000000 2.525452
-4.350000 5.050000 2.521840
-4.350000 5.100000 2.517275
-4.350000 5.150000 2.511954
-4.350000 5.200000 2.506110
-4.350000 5.250000 2.500000
-4.350000 5.300000 2.493890
-4.350000 5.350000 2.488046
-4.350000 5.400000 2.482725
-4.350000 5.450000 2.478160
-4.350000 5.500000 2.474548
-4.350000 5.550000 2.472049
-4.350000 5.600000 2.470772
-4.350000 5.650000 2.470772
-4.350000 5.700000 2.472049
-4.350000 5.750000 2.474548
-4.350000 5.800000 2.478160
-4.350000 5.850000 2.482725
-4.350000 5.900000 2.488046
-4.350000 5.950000 2.493890
-4.350000 6.000000 2.500000
-4.300000 0.000000 2.500000
-4.300000 0.050000 2.507725
-4.300000 0.100000 2.515113
-4.300000 0.150000 2.521840
-4.300000 0.200000 2.527613
-4.300000 0.250000 2.532179
-4.300000 0.300000 2.535339
-4.300000 0.350000 2.536954
-4.300000 0.400000 2.536954
-4.300000 0.450000 2.535339
-4.300000 0.500000 2.532179
-4.300000 0.550000 2.527613
-4.300000 0.600000 2.521840
-4.300000 0.650000 2.515113
-4.300000 0.700000 2.507725
-4.300000 0.750000 2.500000
-4.300000 0.800000 2.492275
-4.300000 0.850000 2.484887
-4.300000 0.900000 2.478160
-4.300000 0.950000 2.472387
-4.300000 1.000000 2.467821
-4.300000 1.050000 2.464661
-4.300000 1.100000 2.463046
-4.300000 1.150000 2.463046
-4.300000 1.200000 2.464661
-4.300000 1.250000 2.467821
-4.300000 1.300000 2.472387
-4.300000 1.350000 2.478160
-4.300000 1.400000 2.484887
-4.300000 1.450000 2.492275
-4.300000 1.500000 2.500000
-4.300000 1.550000 2.507725
-4.300000 1.600000 2.515113
-4.300000 1.650000 2.521840
-4.300000 1.700000 2.527613
-4.300000 1.750000 2.532179
-4.300000 1.800000 2.535339
-4.300000 1.850000 2.536954
-4.300000 1.900000 2.536954
-4.300000 1.950000 2.535339
-4.300000 2.000000 2.532179
-4.300000 2.050000 2.527613
-4.300000 2.100000 2.521840
-4.300000 2.150000 2.515113
-4.300000 2.200000 2.507725
-4.300000 2.250000 2.500000
-4.300000 2.300000 2.492275
-4.300000 2.350000 2.484887
-4.300000 2.400000 2.478160
-4.300000 2.450000 2.472387
-4.300000 2.500000 2.467821
-4.300000 2.550000 2.464661
-4.300000 2.600000 2.463046
-4.300000 2.650000 2.463046
-4.300000 2.700000 2.464661
-4.300000 2.750000 2.467821
-4.300000 2.800000 2.472387
-4.300000 2.850000 2.478160
-4.300000 2.900000 2.484887
-4.300000 2.950000 2.492275
-4.300000 3.000000 2.500000
-4.300000 3.050000 2.507725
-4.300000 3.100000 2.515113
-4.300000 3.150000 2.521840
-4.300000 3.200000 2.527613
-4.300000 3.250000 2.532179
-4.300000 3.300000 2.535339
-4.300000 3.350000 2.536954
-4.300000 3.400000 2.536954
-4.300000 3.450000 2.535339
-4.300000 3.500000 2.532179
-4.300000 3.550000 2.527613
-4.300000 3.600000 2.521840
-4.300000 3.650000 2.515113
-4.300000 3.700000 2.507725
-4.300000 3.750000 2.500000
-4.300000 3.800000 2.492275
-4.300000 3.850000 2.484887
-4.300000 3.900000 2.478160
-4.300000 3.950000 2.472387
-4.300000 4.000000 2.467821
-4.300000 4.050000 2.464661
-4.300000 4.100000 2.463046
-4.300000 4.150000 2.463046
-4.300000 4.200000 2.464661
-4.300000 4.250000 2.467821
-4.300000 4.300000 2.472387
-4.300000 4.350000 2.478160
-4.300000 4.400000 2.484887
-4.300000 4.450000 2.492275
-4.300000 4.500000 2.500000
-4.300000 4.550000 2.507725
-4.300000 4.600000 2.515113
-4.300000 4.650000 2.521840
-4.300000 4.700000 2.527613
-4.300000 4.750000 2.532179
-4.300000 4.800000 2.535339
-4.300000 4.850000 2.536954
-4.300000 4.900000 2.536954
-4.300000 4.950000 2.535339
-4.300000 5.000000 2.532179
-4.300000 5.050000 2.527613
-4.300000 5.100000 2.521840
-4.300000 5.150000 2.515113
-4.300000 5.200000 2.507725
-4.300000 5.250000 2.500000
-4.300000 5.300000 2.492275
-4.300000 5.350000 2.484887
-4.300000 5.400000 2.478160
-4.300000 5.450000 2.472387
-4.300000 5.500000 2.467821
-4.300000 5.550000 2.464661
-4.300000 5.600000 2.463046
-4.300000 5.650000 2.463046
-4.300000 5.700000 2.464661
-4.300000 5.750000 2.467821
-4.300000 5.800000 2.472387
-4.300000 5.850000 2.478160
-4.300000 5.900000 2.484887
-4.300000 5.950000 2.492275
-4.300000 6.000000 2.500000
-4.250000 0.000000 2.500000
-4.250000 0.050000 2.509003
-4.250000 0.100000 2.517612
-4.250000 0.150000 2.525452
-4.250000 0.200000 2.532179
-4.250000 0.250000 2.537500
-4.250000 0.300000 2.541182
-4.250000 0.350000 2.543064
-4.250000 0.400000 2.543064
-4.250000 0.450000 2.541182
-4.250000 0.500000 2.537500
-4.250000 0.550000 2.532179
-4.250000 0.600000 2.525452
-4.250000 0.650000 2.517612
-4.250000 0.700000 2.509003
-4.250000 0.750000 2.500000
-4.250000 0.800000 2.490997
-4.250000 0.850000 2.482388
-4.250000 0.900000 2.474548
-4.250000 0.950000 2.467821
-4.250000 1.000000 2.462500
-4.250000 1.050000 2.458818
-4.250000 1.100000 2.456936
-4.250000 1.150000 2.456936
-4.250000 1.200000 2.458818
-4.250000 1.250000 2.462500
-4.250000 1.300000 2.467821
-4.250000 1.350000 2.474548
-4.250000 1.400000 2.482388
-4.250000 1.450000 2.490997
-4.250000 1.500000 2.500000
-4.250000 1.550000 2.509003
-4.250000 1.600000 2.517612
-4.250000 1.650000 2.525452
-4.250000 1.700000 2.532179
-4.250000 1.750000 2.537500
-4.250000 1.800000 2.541182
-4.250000 1.850000 2.543064
-4.250000 1.900000 2.543064
-4.250000 1.950000 2.541182
-4.250000 2.000000 2.537500
-4.250000 2.050000 2.532179
-4.250000 2.100000 2.525452
-4.250000 2.150000 2.517612
-4.250000 2.200000 2.509003
-4.250000 2.250000 2.500000
-4.250000 2.300000 2.490997
-4.250000 2.350000 2.482388
-4.250000 2.400000 2.474548
-4.250000 2.450000 2.467821
-4.250000 2.500000 2.462500
-4.250000 2.550000 2.458818
-4.250000 2.600000 2.456936
-4.250000 2.650000 2.456936
-4.250000 2.700000 2.458818
-4.250000 2.750000 2.462500
-4.250000 2.800000 2.467821
-4.250000 2.850000 2.474548
-4.250000 2.900000 2.482388
-4.250000 2.950000 2.490997
-4.250000 3.000000 2.500000
-4.250000 3.050000 2.509003
-4.250000 3.100000 2.517612
-4.250000 3.150000 2.525452
-4.250000 3.200000 2.532179
-4.250000 3.250000 2.537500
-4.250000 3.300000 2.541182
-4.250000 3.350000 2.543064
-4.250000 3.400000 2.543064
-4.250000 3.450000 2.541182
-4.250000 3.500000 2.537500
-4.250000 3.550000 2.532179
-4.250000 3.600000 2.525452
-4.250000 3.650000 2.517612
-4.250000 3.700000 2.509003
-4.250000 3.750000 2.500000
-4.250000 3.800000 2.490997
-4.250000 3.850000 2.482388
-4.250000 3.900000 2.474548
-4.250000 3.950000 2.467821
-4.250000 4.000000 2.462500
-4.250000 4.050000 2.458818
-4.250000 4.100000 2.456936
-4.250000 4.150000 2.456936
-4.250000 4.200000 2.458818
-4.250000 4.250000 2.462500
-4.250000 4.300000 2.467821
-4.250000 4.350000 2.474548
-4.250000 4.400000 2.482388
-4.250000 4.450000 2.490997
-4.250000 4.500000 2.500000
-4.250000 4.550000 2.509003
-4.250000 4.600000 2.517612
-4.250000 4.650000 2.525452
-4.250000 4.700000 2.532179
-4.250000 4.750000 2.537500
-4.250000 4.800000 2.541182
-4.250000 4.850000 2.543064
-4.250000 4.900000 2.543064
-4.250000 4.950000 2.541182
-4.250000 5.000000 2.537500
-4.250000 5.050000 2.532179
-4.250000 5.100000 2.525452
-4.250000 5.150000 2.517612
-4.250000 5.200000 2.509003
-4.250000 5.250000 2.500000
-4.250000 5.300000 2.490997
-4.250000 5.350000 2.482388
-4.250000 5.400000 2.474548
-4.250000 5.450000 2.467821
-4.250000 5.500000 2.462500
-4.250000 5.550000 2.458818
-4.250000 5.600000 2.456936
-4.250000 5.650000 2.456936
-4.250000 5.700000 2.458818
-4.250000 5.750000 2.462500
-4.250000 5.800000 2.467821
-4.250000 5.850000 2.474548
-4.250000 5.900000 2.482388
-4.250000 5.950000 2.490997
-4.250000 6.000000 2.500000
-4.200000 0.000000 2.500000
-4.200000 0.050000 2.509887
-4.200000 0.100000 2.519341
-4.200000 0.150000 2.527951
-4.200000 0.200000 2.535339
-4.200000 0.250000 2.541182
-4.200000 0.300000 2.545225
-4.200000 0.350000 2.547292
-4.200000 0.400000 2.547292
-4.200000 0.450000 2.545225
-4.200000 0.500000 2.541182
-4.200000 0.550000 2.535339
-4.200000 0.600000 2.527951
-4.200000 0.650000 2.519341
-4.200000 0.700000 2.509887
-4.200000 0.750000 2.500000
-4.200000 0.800000 2.490113
-4.200000 0.850000 2.480659
-4.200000 0.900000 2.472049
-4.200000 0.950000 2.464661
-4.200000 1.000000 2.458818
-4.200000 1.050000 2.454775
-4.200000 1.100000 2.452708
-4.200000 1.150000 2.452708
-4.200000 1.200000 2.454775
-4.200000 1.250000 2.458818
-4.200000 1.300000 2.464661
-4.200000 1.350000 2.472049
-4.200000 1.400000 2.480659
-4.200000 1.450000 2.490113
-4.200000 1.500000 2.500000
-4.200000 1.550000 2.509887
-4.200000 1.600000 2.519341
-4.200000 1.650000 2.527951
-4.200000 1.700000 2.535339
-4.200000 1.750000 2.541182
-4.200000 1.800000 2.545225
-4.200000 1.850000 2.547292
-4.200000 1.900000 2.547292
-4.200000 1.950000 2.545225
-4.200000 2.000000 2.541182
-4.200000 2.050000 2.535339
-4.200000 2.100000 2.527951
-4.200000 2.150000 2.519341
-4.200000 2.200000 2.509887
-4.200000 2.250000 2.500000
-4.200000 2.300000 2.490113
-4.200000 2.350000 2.480659
-4.200000 2.400000 2.472049
-4.200000 2.450000 2.464661
-4.200000 2.500000 2.458818
-4.200000 2.550000 2.454775
-4.200000 2.600000 2.452708
-4.200000 2.650000 2.452708
-4.200000 2.700000 2.454775
-4.200000 2.750000 2.458818
-4.200000 2.800000 2.464661
-4.200000 2.850000 2.472049
-4.200000 2.900000 2.480659
-4.200000 2.950000 2.490113
-4.200000 3.000000 2.500000
-4.200000 3.050000 2.509887
-4.200000 3.100000 2.519341
-4.200000 3.150000 2.527951
-4.200000 3.200000 2.535339
-4.200000 3.250000 2.541182
-4.200000 3.300000 2.545225
-4.200000 3.350000 2.547292
-4.200000 3.400000 2.547292
-4.200000 3.450000 2.545225
-4.200000 3.500000 2.541182
-4.200000 3.550000 2.535339
-4.200000 3.600000 2.527951
-4.200000 3.650000 2.519341
-4.200000 3.700000 2.509887
-4.200000 3.750000 2.500000
-4.200000 3.800000 2.490113
-4.200000 3.850000 2.480659
-4.200000 3.900000 2.472049
-4.200000 3.950000 2.464661
-4.200000 4.000000 2.458818
-4.200000 4.050000 2.454775
-4.200000 4.100000 2.452708
-4.200000 4.150000 2.452708
-4.200000 4.200000 2.454775
-4.200000 4.250000 2.458818
-4.200000 4.300000 2.464661
-4.200000 4.350000 2.472049
-4.200000 4.400000 2.480659
-4.200000 4.450000 2.490113
-4.200000 4.500000 2.500000
-4.200000 4.550000 2.509887
-4.200000 4.600000 2.519341
-4.200000 4.650000 2.527951
-4.200000 4.700000 2.535339
-4.200000 4.750000 2.541182
-4.200000 4.800000 2.545225
-4.200000 4.850000 2.547292
-4.200000 4.900000 2.547292
-4.200000 4.950000 2.545225
-4.200000 5.000000 2.541182
-4.200000 5.050000 2.535339
-4.200000 5.100000 2.527951
-4.200000 5.150000 2.519341
-4.200000 5.200000 2.509887
-4.200000 5.250000 2.500000
-4.200000 5.300000 2.490113
-4.200000 5.350000 2.480659
-4.200000 5.400000 2.472049
-4.200000 5.450000 2.464661
-4.200000 5.500000 2.458818
-4.200000 5.550000 2.454775
-4.200000 5.600000 2.452708
-4.200000 5.650000 2.452708
-4.200000 5.700000 2.454775
-4.200000 5.750000 2.458818
-4.200000 5.800000 2.464661
-4.200000 5.850000 2.472049
-4.200000 5.900000 2.480659
-4.200000 5.950000 2.490113
-4.200000 6.000000 2.500000
-4.150000 0.000000 2.500000
-4.150000 0.050000 2.510339
-4.150000 0.100000 2.520225
-4.150000 0.150000 2.529228
-4.150000 0.200000 2.536954
-4.150000 0.250000 2.543064
-4.150000 0.300000 2.547292
-4.150000 0.350000 2.549454
-4.150000 0.400000 2.549454
-4.150000 0.450000 2.547292
-4.150000 0.500000 2.543064
-4.150000 0.550000 2.536954
-4.150000 0.600000 2.529228
-4.150000 0.650000 2.520225
-4.150000 0.700000 2.510339
-4.150000 0.750000 2.500000
-4.150000 0.800000 2.489661
-4.150000 0.850000 2.479775
-4.150000 0.900000 2.470772
-4.150000 0.950000 2.463046
-4.150000 1.000000 2.456936
-4.150000 1.050000 2.452708
-4.150000 1.100000 2.450546
-4.150000 1.150000 2.450546
-4.150000 1.200000 2.452708
-4.150000 1.250000 2.456936
-4.150000 1.300000 2.463046
-4.150000 1.350000 2.470772
-4.150000 1.400000 2.479775
-4.150000 1.450000 2.489661
-4.150000 1.500000 2.500000
-4.150000 1.550000 2.510339
-4.150000 1.600000 2.520225
-4.150000 1.650000 2.529228
-4.150000 1.700000 2.536954
-4.150000 1.750000 2.543064
-4.150000 1.800000 2.547292
-4.150000 1.850000 2.549454
-4.150000 1.900000 2.549454
-4.150000 1.950000 2.547292
-4.150000 2.000000 2.543064
-4.150000 2.050000 2.536954
-4.150000 2.100000 2.529228
-4.150000 2.150000 2.520225
-4.150000 2.200000 2.510339
-4.150000 2.250000 2.500000
-4.150000 2.300000 2.489661
-4.150000 2.350000 2.479775
-4.150000 2.400000 2.470772
-4.150000 2.450000 2.463046
-4.150000 2.500000 2.456936
-4.150000 2.550000 2.452708
-4.150000 2.600000 2.450546
-4.150000 2.650000 2.450546
-4.150000 2.700000 2.452708
-4.150000 2.750000 2.456936
-4.150000 2.800000 2.463046
-4.150000 2.850000 2.470772
-4.150000 2.900000 2.479775
-4.150000 2.950000 2.489661
-4.150000 3.000000 2.500000
-4.150000 3.050000 2.510339
-4.150000 3.100000 2.520225
-4.150000 3.150000 2.529228
-4.150000 3.200000 2.536954
-4.150000 3.250000 2.543064
-4.150000 3.300000 2.547292
-4.150000 3.350000 2.549454
-4.150000 3.400000 2.549454
-4.150000 3.450000 2.547292
-4.150000 3.500000 2.543064
-4.150000 3.550000 2.536954
-4.150000 3.600000 2.529228
-4.150000 3.650000 2.520225
-4.150000 3.700000 2.510339
-4.150000 3.750000 2.500000
-4.150000 3.800000 2.489661
-4.150000 3.850000 2.479775
-4.150000 3.900000 2.470772
-4.150000 3.950000 2.463046
-4.150000 4.000000 2.456936
-4.150000 4.050000 2.452708
-4.150000 4.100000 2.450546
-4.150000 4.150000 2.450546
-4.150000 4.200000 2.452708
-4.150000 4.250000 2.456936
-4.150000 4.300000 2.463046
-4.150000 4.350000 2.470772
-4.150000 4.400000 2.479775
-4.150000 4.450000 2.489661
-4.150000 4.500000 2.500000
-4.150000 4.550000 2.510339
-4.150000 4.600000 2.520225
-4.150000 4.650000 2.529228
-4.150000 4.700000 2.536954
-4.150000 4.750000 2.543064
-4.150000 4.800000 2.547292
-4.150000 4.850000 2.549454
-4.150000 4.900000 2.549454
-4.150000 4.950000 2.547292
-4.150000 5.000000 2.543064
-4.150000 5.050000 2.536954
-4.150000 5.100000 2.529228
-4.150000 5.150000 2.520225
-4.150000 5.200000 2.510339
-4.150000 5.250000 2.500000
-4.150000 5.300000 2.489661
-4.150000 5.350000 2.479775
-4.150000 5.400000 2.470772
-4.150000 5.450000 2.463046
-4.150000 5.500000 2.456936
-4.150000 5.550000 2.452708
-4.150000 5.600000 2.450546
-4.150000 5.650000 2.450546
-4.150000 5.700000 2.452708
-4.150000 5.750000 2.456936
-4.150000 5.800000 2.463046
-4.150000 5.850000 2.470772
-4.150000 5.900000 2.479775
-4.150000 5.950000 2.489661
-4.150000 6.000000 2.500000
-4.100000 0.000000 2.500000
-4.100000 0.050000 2.510339
-4.100000 0.100000 2.520225
-4.100000 0.150000 2.529228
-4.100000 0.200000 2.536954
-4.100000 0.250000 2.543064
-4.100000 0.300000 2.547292
-4.100000 0.350000 2.549454
-4.100000 0.400000 2.549454
-4.100000 0.450000 2.547292
-4.100000 0.500000 2.543064
-4.100000 0.550000 2.536954
-4.100000 0.600000 2.529228
-4.100000 0.650000 2.520225
-4.100000 0.700000 2.510339
-4.100000 0.750000 2.500000
-4.100000 0.800000 2.489661
-4.100000 0.850000 2.479775
-4.100000 0.900000 2.470772
-4.100000 0.950000 2.463046
-4.100000 1.000000 2.456936
-4.100000 1.050000 2.452708
-4.100000 1.100000 2.450546
-4.100000 1.150000 2.450546
-4.100000 1.200000 2.452708
-4.100000 1.250000 2.456936
-4.100000 1.300000 2.463046
-4.100000 1.350000 2.470772
-4.100000 1.400000 2.479775
-4.100000 1.450000 2.489661
-4.100000 1.500000 2.500000
-4.100000 1.550000 2.510339
-4.100000 1.600000 2.520225
-4.100000 1.650000 2.529228
-4.100000 1.700000 2.536954
-4.100000 1.750000 2.543064
-4.100000 1.800000 2.547292
-4.100000 1.850000 2.549454
-4.100000 1.900000 2.549454
-4.100000 1.950000 2.547292
-4.100000 2.000000 2.543064
-4.100000 2.050000 2.536954
-4.100000 2.100000 2.529228
-4.100000 2.150000 2.520225
-4.100000 2.200000 2.510339
-4.100000 2.250000 2.500000
-4.100000 2.300000 2.489661
-4.100000 2.350000 2.479775
-4.100000 2.400000 2.470772
-4.100000 2.450000 2.463046
-4.100000 2.500000 2.456936
-4.100000 2.550000 2.452708
-4.100000 2.600000 2.450546
-4.100000 2.650000 2.450546
-4.100000 2.700000 2.452708
-4.100000 2.750000 2.456936
-4.100000 2.800000 2.463046
-4.100000 2.850000 2.470772
-4.100000 2.900000 2.479775
-4.100000 2.950000 2.489661
-4.100000 3.000000 2.500000
-4.100000 3.050000 2.510339
-4.100000 3.100000 2.520225
-4.100000 3.150000 2.529228
-4.100000 3.200000 2.536954
-4.100000 3.250000 2.543064
-4.100000 3.300000 2.547292
-4.100000 3.350000 2.549454
-4.100000 3.400000 2.549454
-4.100000 3.450000 2.547292
-4.100000 3.500000 2.543064
-4.100000 3.550000 2.536954
-4.100000 3.600000 2.529228
-4.100000 3.650000 2.520225
-4.100000 3.700000 2.510339
-4.100000 3.750000 2.500000
-4.100000 3.800000 2.489661
-4.100000 3.850000 2.479775
-4.100000 3.900000 2.470772
-4.100000 3.950000 2.463046
-4.100000 4.000000 2.456936
-4.100000 4.050000 2.452708
-4.100000 4.100000 2.450546
-4.100000 4.150000 2.450546
-4.100000 4.200000 2.452708
-4.100000 4.250000 2.456936
-4.100000 4.300000 2.463046
-4.100000 4.350000 2.470772
-4.100000 4.400000 2.479775
-4.100000 4.450000 2.489661
-4.100000 4.500000 2.500000
-4.100000 4.550000 2.510339
-4.100000 4.600000 2.520225
-4.100000 4.650000 2.529228
-4.100000 4.700000 2.536954
-4.100000 4.750000 2.543064
-4.100000 4.800000 2.547292
-4.100000 4.850000 2.549454
-4.100000 4.900000 2.549454
-4.100000 4.950000 2.547292
-4.100000 5.000000 2.543064
-4.100000 5.050000 2.536954
-4.100000 5.100000 2.529228
-4.100000 5.150000 2.520225
-4.100000 5.200000 2.510339
-4.100000 5.250000 2.500000
-4.100000 5.300000 2.489661
-4.100000 5.350000 2.479775
-4.100000 5.400000 2.470772
-4.100000 5.450000 2.463046
-4.100000 5.500000 2.456936
-4.100000 5.550000 2.452708
-4.100000 5.600000 2.450546
-4.100000 5.650000 2.450546
-4.100000 5.700000 2.452708
-4.100000 5.750000 2.456936
-4.100000 5.800000 2.463046
-4.100000 5.850000 2.470772
-4.100000 5.900000 2.479775
-4.100000 5.950000 2.489661
-4.100000 6.000000 2.500000
-4.050000 0.000000 2.500000
-4.050000 0.050000 2.509887
-4.050000 0.100000 2.519341
-4.050000 0.150000 2.527951
-4.050000 0.200000 2.535339
-4.050000 0.250000 2.541182
-4.050000 0.300000 2.545225
-4.050000 0.350000 2.547292
-4.050000 0.400000 2.547292
-4.050000 0.450000 2.545225
-4.050000 0.500000 2.541182
-4.050000 0.550000 2.535339
-4.050000 0.600000 2.527951
-4.050000 0.650000 2.519341
-4.050000 0.700000 2.509887
-4.050000 0.750000 2.500000
-4.050000 0.800000 2.490113
-4.050000 0.850000 2.480659
-4.050000 0.900000 2.472049
-4.050000 0.950000 2.464661
-4.050000 1.000000 2.458818
-4.050000 1.050000 2.454775
-4.050000 1.100000 2.452708
-4.050000 1.150000 2.452708
-4.050000 1.200000 2.454775
-4.050000 1.250000 2.458818
-4.050000 1.300000 2.464661
-4.050000 1.350000 2.472049
-4.050000 1.400000 2.480659
-4.050000 1.450000 2.490113
-4.050000 1.500000 2.500000
-4.050000 1.550000 2.509887
-4.050000 1.600000 2.519341
-4.050000 1.650000 2.527951
-4.050000 1.700000 2.535339
-4.050000 1.750000 2.541182
-4.050000 1.800000 2.545225
-4.050000 1.850000 2.547292
-4.050000 1.900000 2.547292
-4.050000 1.950000 2.545225
-4.050000 2.000000 2.541182
-4.050000 2.050000 2.535339
-4.050000 2.100000 2.527951
-4.050000 2.150000 2.519341
-4.050000 2.200000 2.509887
-4.050000 2.250000 2.500000
-4.050000 2.300000 2.490113
-4.050000 2.350000 2.480659
-4.050000 2.400000 2.472049
-4.050000 2.450000 2.464661
-4.050000 2.500000 2.458818
-4.050000 2.550000 2.454775
-4.050000 2.600000 2.452708
-4.050000 2.650000 2.452708
-4.050000 2.700000 2.454775
-4.050000 2.750000 2.458818
-4.050000 2.800000 2.464661
-4.050000 2.850000 2.472049
-4.050000 2.900000 2.480659
-4.050000 2.950000 2.490113
-4.050000 3.000000 2.500000
-4.050000 3.050000 2.509887
-4.050000 3.100000 2.519341
-4.050000 3.150000 2.527951
-4.050000 3.200000 2.535339
-4.050000 3.250000 2.541182
-4.050000 3.300000 2.545225
-4.050000 3.350000 2.547292
-4.050000 3.400000 2.547292
-4.050000 3.450000 2.545225
-4.050000 3.500000 2.541182
-4.050000 3.550000 2.535339
-4.050000 3.600000 2.527951
-4.050000 3.650000 2.519341
-4.050000 3.700000 2.509887
-4.050000 3.750000 2.500000
-4.050000 3.800000 2.490113
-4.050000 3.850000 2.480659
-4.050000 3.900000 2.472049
-4.050000 3.950000 2.464661
-4.050000 4.000000 2.458818
-4.050000 4.050000 2.454775
-4.050000 4.100000 2.452708
-4.050000 4.150000 2.452708
-4.050000 4.200000 2.454775
-4.050000 4.250000 2.458818
-4.050000 4.300000 2.464661
-4.050000 4.350000 2.472049
-4.050000 4.400000 2.480659
-4.050000 4.450000 2.490113
-4.050000 4.500000 2.500000
-4.050000 4.550000 2.509887
-4.050000 4.600000 2.519341
-4.050000 4.650000 2.527951
-4.050000 4.700000 2.535339
-4.050000 4.750000 2.541182
-4.050000 4.800000 2.545225
-4.050000 4.850000 2.547292
-4.050000 4.900000 2.547292
-4.050000 4.950000 2.545225
-4.050000 5.000000 2.541182
-4.050000 5.050000 2.535339
-4.050000 5.100000 2.527951
-4.050000 5.150000 2.519341
-4.050000 5.200000 2.509887
-4.050000 5.250000 2.500000
-4.050000 5.300000 2.490113
-4.050000 5.350000 2.480659
-4.050000 5.400000 2.472049
-4.050000 5.450000 2.464661
-4.050000 5.500000 2.458818
-4.050000 5.550000 2.454775
-4.050000 5.600000 2.452708
-4.050000 5.650000 2.452708
-4.050000 5.700000 2.454775
-4.050000 5.750000 2.458818
-4.050000 5.800000 2.464661
-4.050000 5.850000 2.472049
-4.050000 5.900000 2.480659
-4.050000 5.950000 2.490113
-4.050000 6.000000 2.500000
-4.000000 0.000000 2.500000
-4.000000 0.050000 2.509003
-4.000000 0.100000 2.517612
-4.000000 0.150000 2.525452
-4.000000 0.200000 2.532179
-4.000000 0.250000 2.537500
-4.000000 0.300000 2.541182
-4.000000 0.350000 2.543064
-4.000000 0.400000 2.543064
-4.000000 0.450000 2.541182
-4.000000 0.500000 2.537500
-4.000000 0.550000 2.532179
-4.000000 0.600000 2.525452
-4.000000 0.650000 2.517612
-4.000000 0.700000 2.509003
-4.000000 0.750000 2.500000
-4.000000 0.800000 2.490997
-4.000000 0.850000 2.482388
-4.000000 0.900000 2.474548
-4.000000 0.950000 2.467821
-4.000000 1.000000 2.462500
-4.000000 1.050000 2.458818
-4.000000 1.100000 2.456936
-4.000000 1.150000 2.456936
-4.000000 1.200000 2.458818
-4.000000 1.250000 2.462500
-4.000000 1.300000 2.467821
-4.000000 1.350000 2.474548
-4.000000 1.400000 2.482388
-4.000000 1.450000 2.490997
-4.000000 1.500000 2.500000
-4.000000 1.550000 2.509003
-4.000000 1.600000 2.517612
-4.000000 1.650000 2.525452
-4.000000 1.700000 2.532179
-4.000000 1.750000 2.537500
-4.000000 1.800000 2.541182
-4.000000 1.850000 2.543064
-4.000000 1.900000 2.543064
-4.000000 1.950000 2.541182
-4.000000 2.000000 2.537500
-4.000000 2.050000 2.532179
-4.000000 2.100000 2.525452
-4.000000 2.150000 2.517612
-4.000000 2.200000 2.509003
-4.000000 2.250000 2.500000
-4.000000 2.300000 2.490997
-4.000000 2.350000 2.482388
-4.000000 2.400000 2.474548
-4.000000 2.450000 2.467821
-4.000000 2.500000 2.462500
-4.000000 2.550000 2.458818
-4.000000 2.600000 2.456936
-4.000000 2.650000 2.456936
-4.000000 2.700000 2.458818
-4.000000 2.750000 2.462500
-4.000000 2.800000 2.467821
-4.000000 2.850000 2.474548
-4.000000 2.900000 2.482388
-4.000000 2.950000 2.490997
-4.000000 3.000000 2.500000
-4.000000 3.050000 2.509003
-4.000000 3.100000 2.517612
-4.000000 3.150000 2.525452
-4.000000 3.200000 2.532179
-4.000000 3.250000 2.537500
-4.000000 3.300000 2.541182
-4.000000 3.350000 2.543064
-4.000000 3.400000 2.543064
-4.000000 3.450000 2.541182
-4.000000 3.500000 2.537500
-4.000000 3.550000 2.532179
-4.000000 3.600000 2.525452
-4.000000 3.650000 2.517612
-4.000000 3.700000 2.509003
-4.000000 3.750000 2.500000
-4.000000 3.800000 2.490997
-4.000000 3.850000 2.482388
-4.000000 3.900000 2.474548
-4.000000 3.950000 2.467821
-4.000000 4.000000 2.462500
-4.000000 4.050000 2.458818
-4.000000 4.100000 2.456936
-4.000000 4.150000 2.456936
-4.000000 4.200000 2.458818
-4.000000 4.250000 2.462500
-4.000000 4.300000 2.467821
-4.000000 4.350000 2.474548
-4.000000 4.400000 2.482388
-4.000000 4.450000 2.490997
-4.000000 4.500000 2.500000
-4.000000 4.550000 2.509003
-4.000000 4.600000 2.517612
-4.000000 4.650000 2.525452
-4.000000 4.700000 2.532179
-4.000000 4.750000 2.537500
-4.000000 4.800000 2.541182
-4.000000 4.850000 2.543064
-4.000000 4.900000 2.543064
-4.000000 4.950000 2.541182
-4.000000 5.000000 2.537500
-4.000000 5.050000 2.532179
-4.000000 5.100000 2.525452
-4.000000 5.150000 2.517612
-4.000000 5.200000 2.509003
-4.000000 5.250000 2.500000
-4.000000 5.300000 2.490997
-4.000000 5.350000 2.482388
-4.000000 5.400000 2.474548
-4.000000 5.450000 2.467821
-4.000000 5.500000 2.462500
-4.000000 5.550000 2.458818
-4.000000 5.600000 2.456936
-4.000000 5.650000 2.456936
-4.000000 5.700000 2.458818
-4.000000 5.750000 2.462500
-4.000000 5.800000 2.467821
-4.000000 5.850000 2.474548
-4.000000 5.900000 2.482388
-4.000000 5.950000 2.490997
-4.000000 6.000000 2.500000
-3.950000 0.000000 2.500000
-3.950000 0.050000 2.507725
-3.950000 0.100000 2.515113
-3.950000 0.150000 2.521840
-3.950000 0.200000 2.527613
-3.950000 0.250000 2.532179
-3.950000 0.300000 2.535339
-3.950000 0.350000 2.536954
-3.950000 0.400000 2.536954
-3.950000 0.450000 2.535339
-3.950000 0.500000 2.532179
-3.950000 0.550000 2.527613
-3.950000 0.600000 2.521840
-3.950000 0.650000 2.515113
-3.950000 0.700000 2.507725
-3.950000 0.750000 2.500000
-3.950000 0.800000 2.492275
-3.950000 0.850000 2.484887
-3.950000 0.900000 2.478160
-3.950000 0.950000 2.472387
-3.950000 1.000000 2.467821
-3.950000 1.050000 2.464661
-3.950000 1.100000 2.463046
-3.950000 1.150000 2.463046
-3.950000 1.200000 2.464661
-3.950000 1.250000 2.467821
-3.950000 1.300000 2.472387
-3.950000 1.350000 2.478160
-3.950000 1.400000 2.484887
-3.950000 1.450000 2.492275
-3.950000 1.500000 2.500000
-3.950000 1.550000 2.507725
-3.950000 1.600000 2.515113
-3.950000 1.650000 2.521840
-3.950000 1.700000 2.527613
-3.950000 1.750000 2.532179
-3.950000 1.800000 2.535339
-3.950000 1.850000 2.536954
-3.950000 1.900000 2.536954
-3.950000 1.950000 2.535339
-3.950000 2.000000 2.532179
-3.950000 2.050000 2.527613
-3.950000 2.100000 2.521840
-3.950000 2.150000 2.515113
-3.950000 2.200000 2.507725
-3.950000 2.250000 2.500000
-3.950000 2.300000 2.492275
-3.950000 2.350000 2.484887
-3.950000 2.400000 2.478160
-3.950000 2.450000 2.472387
-3.950000 2.500000 2.467821
-3.950000 2.550000 2.464661
-3.950000 2.600000 2.463046
-3.950000 2.650000 2.463046
-3.950000 2.700000 2.464661
-3.950000 2.750000 2.467821
-3.950000 2.800000 2.472387
-3.950000 2.850000 2.478160
-3.950000 2.900000 2.484887
-3.950000 2.950000 2.492275
-3.950000 3.000000 2.500000
-3.950000 3.050000 2.507725
-3.950000 3.100000 2.515113
-3.950000 3.150000 2.521840
-3.950000 3.200000 2.527613
-3.950000 3.250000 2.532179
-3.950000 3.300000 2.535339
-3.950000 3.350000 2.536954
-3.950000 3.400000 2.536954
-3.950000 3.450000 2.535339
-3.950000 3.500000 2.532179
-3.950000 3.550000 2.527613
-3.950000 3.600000 2.521840
-3.950000 3.650000 2.515113
-3.950000 3.700000 2.507725
-3.950000 3.750000 2.500000
-3.950000 3.800000 2.492275
-3.950000 3.850000 2.484887
-3.950000 3.900000 2.478160
-3.950000 3.950000 2.472387
-3.950000 4.000000 2.467821
-3.950000 4.050000 2.464661
-3.950000 4.100000 2.463046
-3.950000 4.150000 2.463046
-3.950000 4.200000 2.464661
-3.950000 4.250000 2.467821
-3.950000 4.300000 2.472387
-3.950000 4.350000 2.478160
-3.950000 4.400000 2.484887
-3.950000 4.450000 2.492275
-3.950000 4.500000 2.500000
-3.950000 4.550000 2.507725
-3.950000 4.600000 2.515113
-3.950000 4.650000 2.521840
-3.950000 4.700000 2.527613
-3.950000 4.750000 2.532179
-3.950000 4.800000 2.535339
-3.950000 4.850000 2.536954
-3.950000 4.900000 2.536954
-3.950000 4.950000 2.535339
-3.950000 5.000000 2.532179
-3.950000 5.050000 2.527613
-3.950000 5.100000 2.521840
-3.950000 5.150000 2.515113
-3.950000 5.200000 2.507725
-3.950000 5.250000 2.500000
-3.950000 5.300000 2.492275
-3.950000 5.350000 2.484887
-3.950000 5.400000 2.478160
-3.950000 5.450000 2.472387
-3.950000 5.500000 2.467821
-3.950000 5.550000 2.464661
-3.950000 5.600000 2.463046
-3.950000 5.650000 2.463046
-3.950000 5.700000 2.464661
-3.950000 5.750000 2.467821
-3.950000 5.800000 2.472387
-3.950000 5.850000 2.478160
-3.950000 5.900000 2.484887
-3.950000 5.950000 2.492275
-3.950000 6.000000 2.500000
-3.900000 0.000000 2.500000
-3.900000 0.050000 2.506110
-3.900000 0.100000 2.511954
-3.900000 0.150000 2.517275
-3.900000 0.200000 2.521840
-3.900000 0.250000 2.525452
-3.900000 0.300000 2.527951
-3.900000 0.350000 2.529228
-3.900000 0.400000 2.529228
-3.900000 0.450000 2.527951
-3.900000 0.500000 2.525452
-3.900000 0.550000 2.521840
-3.900000 0.600000 2.517275
-3.900000 0.650000 2.511954
-3.900000 0.700000 2.506110
-3.900000 0.750000 2.500000
-3.900000 0.800000 2.493890
-3.900000 0.850000 2.488046
-3.900000 0.900000 2.482725
-3.900000 0.950000 2.478160
-3.900000 1.000000 2.474548
-3.900000 1.050000 2.472049
-3.900000 1.100000 2.470772
-3.900000 1.150000 2.470772
-3.900000 1.200000 2.472049
-3.900000 1.250000 2.474548
-3.900000 1.300000 2.478160
-3.900000 1.350000 2.482725
-3.900000 1.400000 2.488046
-3.900000 1.450000 2.493890
-3.900000 1.500000 2.500000
-3.900000 1.550000 2.506110
-3.900000 1.600000 2.511954
-3.900000 1.650000 2.517275
-3.900000 1.700000 2.521840
-3.900000 1.750000 2.525452
-3.900000 1.800000 2.527951
-3.900000 1.850000 2.529228
-3.900000 1.900000 2.529228
-3.900000 1.950000 2.527951
-3.900000 2.000000 2.525452
-3.900000 2.050000 2.521840
-3.900000 2.100000 2.517275
-3.900000 2.150000 2.511954
-3.900000 2.200000 2.506110
-3.900000 2.250000 2.500000
-3.900000 2.300000 2.493890
-3.900000 2.350000 2.488046
-3.900000 2.400000 2.482725
-3.900000 2.450000 2.478160
-3.900000 2.500000 2.474548
-3.900000 2.550000 2.472049
-3.900000 2.600000 2.470772
-3.900000 2.650000 2.470772
-3.900000 2.700000 2.472049
-3.900000 2.750000 2.474548
-3.900000 2.800000 2.478160
-3.900000 2.850000 2.482725
-3.900000 2.900000 2.488046
-3.900000 2.950000 2.493890
-3.900000 3.000000 2.500000
-3.900000 3.050000 2.506110
-3.900000 3.100000 2.511954
-3.900000 3.150000 2.517275
-3.900000 3.200000 2.521840
-3.900000 3.250000 2.525452
-3.900000 3.300000 2.527951
-3.900000 3.350000 2.529228
-3.900000 3.400000 2.529228
-3.900000 3.450000 2.527951
-3.900000 3.500000 2.525452
-3.900000 3.550000 2.521840
-3.900000 3.600000 2.517275
-3.900000 3.650000 2.511954
-3.900000 3.700000 2.506110
-3.900000 3.750000 2.500000
-3.900000 3.800000 2.493890
-3.900000 3.850000 2.488046
-3.900000 3.900000 2.482725
-3.900000 3.950000 2.478160
-3.900000 4.000000 2.474548
-3.900000 4.050000 2.472049
-3.900000 4.100000 2.470772
-3.900000 4.150000 2.470772
-3.900000 4.200000 2.472049
-3.900000 4.250000 2.474548
-3.900000 4.300000 2.478160
-3.900000 4.350000 2.482725
-3.900000 4.400000 2.488046
-3.900000 4.450000 2.493890
-3.900000 4.500000 2.500000
-3.900000 4.550000 2.506110
-3.900000 4.600000 2.511954
-3.900000 4.650000 2.517275
-3.900000 4.700000 2.521840
-3.900000 4.750000 2.525452
-3.900000 4.800000 2.527951
-3.900000 4.850000 2.529228
-3.900000 4.900000 2.529228
-3.900000 4.950000 2.527951
-3.900000 5.000000 2.525452
-3.900000 5.050000 2.521840
-3.900000 5.100000 2.517275
-3.900000 5.150000 2.511954
-3.900000 5.200000 2.506110
-3.900000 5.250000 2.500000
-3.900000 5.300000 2.493890
-3.900000 5.350000 2.488046
-3.900000 5.400000 2.482725
-3.900000 5.450000 2.478160
-3.900000 5.500000 2.474548
-3.900000 5.550000 2.472049
-3.900000 5.600000 2.470772
-3.900000 5.650000 2.470772
-3.900000 5.700000 2.472049
-3.900000 5.750000 2.474548
-3.900000 5.800000 2.478160
-3.900000 5.850000 2.482725
-3.900000 5.900000 2.488046
-3.900000 5.950000 2.493890
-3.900000 6.000000 2.500000
-3.850000 0.000000 2.500000
-3.850000 0.050000 2.504228
-3.850000 0.100000 2.508272
-3.850000 0.150000 2.511954
-3.850000 0.200000 2.515113
-3.850000 0.250000 2.517612
-3.850000 0.300000 2.519341
-3.850000 0.350000 2.520225
-3.850000 0.400000 2.520225
-3.850000 0.450000 2.519341
-3.850000 0.500000 2.517612
-3.850000 0.550000 2.515113
-3.850000 0.600000 2.511954
-3.850000 0.650000 2.508272
-3.850000 0.700000 2.504228
-3.850000 0.750000 2.500000
-3.850000 0.800000 2.495772
-3.850000 0.850000 2.491728
-3.850000 0.900000 2.488046
-3.850000 0.950000 2.484887
-3.850000 1.000000 2.482388
-3.850000 1.050000 2.480659
-3.850000 1.100000 2.479775
-3.850000 1.150000 2.479775
-3.850000 1.200000 2.480659
-3.850000 1.250000 2.482388
-3.850000 1.300000 2.484887
-3.850000 1.350000 2.488046
-3.850000 1.400000 2.491728
-3.850000 1.450000 2.495772
-3.850000 1.500000 2.500000
-3.850000 1.550000 2.504228
-3.850000 1.600000 2.508272
-3.850000 1.650000 2.511954
-3.850000 1.700000 2.515113
-3.850000 1.750000 2.517612
-3.850000 1.800000 2.519341
-3.850000 1.850000 2.520225
-3.850000 1.900000 2.520225
-3.850000 1.950000 2.519341
-3.850000 2.000000 2.517612
-3.850000 2.050000 2.515113
-3.850000 2.100000 2.511954
-3.850000 2.150000 2.508272
-3.850000 2.200000 2.504228
-3.850000 2.250000 2.500000
-3.850000 2.300000 2.495772
-3.850000 2.350000 2.491728
-3.850000 2.400000 2.488046
-3.850000 2.450000 2.484887
-3.850000 2.500000 2.482388
-3.850000 2.550000 2.480659
-3.850000 2.600000 2.479775
-3.850000 2.650000 2.479775
-3.850000 2.700000 2.480659
-3.850000 2.750000 2.482388
-3.850000 2.800000 2.484887
-3.850000 2.850000 2.488046
-3.850000 2.900000 2.491728
-3.850000 2.950000 2.495772
-3.850000 3.000000 2.500000
-3.850000 3.050000 2.504228
-3.850000 3.100000 2.508272
-3.850000 3.150000 2.511954
-3.850000 3.200000 2.515113
-3.850000 3.250000 2.517612
-3.850000 3.300000 2.519341
-3.850000 3.350000 2.520225
-3.850000 3.400000 2.520225
-3.850000 3.450000 2.519341
-3.850000 3.500000 2.517612
-3.850000 3.550000 2.515113
-3.850000 3.600000 2.511954
-3.850000 3.650000 2.508272
-3.850000 3.700000 2.504228
-3.850000 3.750000 2.500000
-3.850000 3.800000 2.495772
-3.850000 3.850000 2.491728
-3.850000 3.900000 2.488046
-3.850000 3.950000 2.484887
-3.850000 4.000000 2.482388
-3.850000 4.050000 2.480659
-3.850000 4.100000 2.479775
-3.850000 4.150000 2.479775
-3.850000 4.200000 2.480659
-3.850000 4.250000 2.482388
-3.850000 4.300000 2.484887
-3.850000 4.350000 2.488046
-3.850000 4.400000 2.491728
-3.850000 4.450000 2.495772
-3.850000 4.500000 2.500000
-3.850000 4.550000 2.504228
-3.850000 4.600000 2.508272
-3.850000 4.650000 2.511954
-3.850000 4.700000 2.515113
-3.850000 4.750000 2.517612
-3.850000 4.800000 2.519341
-3.850000 4.850000 2.520225
-3.850000 4.900000 2.520225
-3.850000 4.950000 2.519341
-3.850000 5.000000 2.517612
-3.850000 5.050000 2.515113
-3.850000 5.100000 2.511954
-3.850000 5.150000 2.508272
-3.850000 5.200000 2.504228
-3.850000 5.250000 2.500000
-3.850000 5.300000 2.495772
-3.850000 5.350000 2.491728
-3.850000 5.400000 2.488046
-3.850000 5.450000 2.484887
-3.850000 5.500000 2.482388
-3.850000 5.550000 2.480659
-3.850000 5.600000 2.479775
-3.850000 5.650000 2.479775
-3.850000 5.700000 2.480659
-3.850000 5.750000 2.482388
-3.850000 5.800000 2.484887
-3.850000 5.850000 2.488046
-3.850000 5.900000 2.491728
-3.850000 5.950000 2.495772
-3.850000 6.000000 2.500000
-3.800000 0.000000 2.500000
-3.800000 0.050000 2.502161
-3.800000 0.100000 2.504228
-3.800000 0.150000 2.506110
-3.800000 0.200000 2.507725
-3.800000 0.250000 2.509003
-3.800000 0.300000 2.509887
-3.800000 0.350000 2.510339
-3.800000 0.400000 2.510339
-3.800000 0.450000 2.509887
-3.800000 0.500000 2.509003
-3.800000 0.550000 2.507725
-3.800000 0.600000 2.506110
-3.800000 0.650000 2.504228
-3.800000 0.700000 2.502161
-3.800000 0.750000 2.500000
-3.800000 0.800000 2.497839
-3.800000 0.850000 2.495772
-3.800000 0.900000 2.493890
-3.800000 0.950000 2.492275
-3.800000 1.000000 2.490997
-3.800000 1.050000 2.490113
-3.800000 1.100000 2.489661
-3.800000 1.150000 2.489661
-3.800000 1.200000 2.490113
-3.800000 1.250000 2.490997
-3.800000 1.300000 2.492275
-3.800000 1.350000 2.493890
-3.800000 1.400000 2.495772
-3.800000 1.450000 2.497839
-3.800000 1.500000 2.500000
-3.800000 1.550000 2.502161
-3.800000 1.600000 2.504228
-3.800000 1.650000 2.506110
-3.800000 1.700000 2.507725
-3.800000 1.750000 2.509003
-3.800000 1.800000 2.509887
-3.800000 1.850000 2.510339
-3.800000 1.900000 2.510339
-3.800000 1.950000 2.509887
-3.800000 2.000000 2.509003
-3.800000 2.050000 2.507725
-3.800000 2.100000 2.506110
-3.800000 2.150000 2.504228
-3.800000 2.200000 2.502161
-3.800000 2.250000 2.500000
-3.800000 2.300000 2.497839
-3.800000 2.350000 2.495772
-3.800000 2.400000 2.493890
-3.800000 2.450000 2.492275
-3.800000 2.500000 2.490997
-3.800000 2.550000 2.490113
-3.800000 2.600000 2.489661
-3.800000 2.650000 2.489661
-3.800000 2.700000 2.490113
-3.800000 2.750000 2.490997
-3.800000 2.800000 2.492275
-3.800000 2.850000 2.493890
-3.800000 2.900000 2.495772
-3.800000 2.950000 2.497839
-3.800000 3.000000 2.500000
-3.800000 3.050000 2.502161
-3.800000 3.100000 2.504228
-3.800000 3.150000 2.506110
-3.800000 3.200000 2.507725
-3.800000 3.250000 2.509003
-3.800000 3.300000 2.509887
-3.800000 3.350000 2.510339
-3.800000 3.400000 2.510339
-3.800000 3.450000 2.509887
-3.800000 3.500000 2.509003
-3.800000 3.550000 2.507725
-3.800000 3.600000 2.506110
-3.800000 3.650000 2.504228
-3.800000 3.700000 2.502161
-3.800000 3.750000 2.500000
-3.800000 3.800000 2.497839
-3.800000 3.850000 2.495772
-3.800000 3.900000 2.493890
-3.800000 3.950000 2.492275
-3.800000 4.000000 2.490997
-3.800000 4.050000 2.490113
-3.800000 4.100000 2.489661
-3.800000 4.150000 2.489661
-3.800000 4.200000 2.490113
-3.800000 4.250000 2.490997
-3.800000 4.300000 2.492275
-3.800000 4.350000 2.493890
-3.800000 4.400000 2.495772
-3.800000 4.450000 2.497839
-3.800000 4.500000 2.500000
-3.800000 4.550000 2.502161
-3.800000 4.600000 2.504228
-3.800000 4.650000 2.506110
-3.800000 4.700000 2.507725
-3.800000 4.750000 2.509003
-3.800000 4.800000 2.509887
-3.800000 4.850000 2.510339
-3.800000 4.900000 2.510339
-3.800000 4.950000 2.509887
-3.800000 5.000000 2.509003
-3.800000 5.050000 2.507725
-3.800000 5.100000 2.506110
-3.800000 5.150000 2.504228
-3.800000 5.200000 2.502161
-3.800000 5.250000 2.500000
-3.800000 5.300000 2.497839
-3.800000 5.350000 2.495772
-3.800000 5.400000 2.493890
-3.800000 5.450000 2.492275
-3.800000 5.500000 2.490997
-3.800000 5.550000 2.490113
-3.800000 5.600000 2.489661
-3.800000 5.650000 2.489661
-3.800000 5.700000 2.490113
-3.800000 5.750000 2.490997
-3.800000 5.800000 2.492275
-3.800000 5.850000 2.493890
-3.800000 5.900000 2.495772
-3.800000 5.950000 2.497839
-3.800000 6.000000 2.500000
-3.750000 0.000000 2.500000
-3.750000 0.050000 2.500000
-3.750000 0.100000 2.500000
-3.750000 0.150000 2.500000
-3.750000 0.200000 2.500000
-3.750000 0.250000 2.500000
-3.750000 0.300000 2.500000
-3.750000 0.350000 2.500000
-3.750000 0.400000 2.500000
-3.750000 0.450000 2.500000
-3.750000 0.500000 2.500000
-3.750000 0.550000 2.500000
-3.750000 0.600000 2.500000
-3.750000 0.650000 2.500000
-3.750000 0.700000 2.500000
-3.750000 0.750000 2.500000
-3.750000 0.800000 2.500000
-3.750000 0.850000 2.500000
-3.750000 0.900000 2.500000
-3.750000 0.950000 2.500000
-3.750000 1.000000 2.500000
-3.750000 1.050000 2.500000
-3.750000 1.100000 2.500000
-3.750000 1.150000 2.500000
-3.750000 1.200000 2.500000
-3.750000 1.250000 2.500000
-3.750000 1.300000 2.500000
-3.750000 1.350000 2.500000
-3.750000 1.400000 2.500000
-3.750000 1.450000 2.500000
-3.750000 1.500000 2.500000
-3.750000 1.550000 2.500000
-3.750000 1.600000 2.500000
-3.750000 1.650000 2.500000
-3.750000 1.700000 2.500000
-3.750000 1.750000 2.500000
-3.750000 1.800000 2.500000
-3.750000 1.850000 2.500000
-3.750000 1.900000 2.500000
-3.750000 1.950000 2.500000
-3.750000 2.000000 2.500000
-3.750000 2.050000 2.500000
-3.750000 2.100000 2.500000
-3.750000 2.150000 2.500000
-3.750000 2.200000 2.500000
-3.750000 2.250000 2.500000
-3.750000 2.300000 2.500000
-3.750000 2.350000 2.500000
-3.750000 2.400000 2.500000
-3.750000 2.450000 2.500000
-3.750000 2.500000 2.500000
-3.750000 2.550000 2.500000
-3.750000 2.600000 2.500000
-3.750000 2.650000 2.500000
-3.750000 2.700000 2.500000
-3.750000 2.750000 2.500000
-3.750000 2.800000 2.500000
-3.750000 2.850000 2.500000
-3.750000 2.900000 2.500000
-3.750000 2.950000 2.500000
-3.750000 3.000000 2.500000
-3.750000 3.050000 2.500000
-3.750000 3.100000 2.500000
-3.750000 3.150000 2.500000
-3.750000 3.200000 2.500000
-3.750000 3.250000 2.500000
-3.750000 3.300000 2.500000
-3.750000 3.350000 2.500000
-3.750000 3.400000 2.500000
-3.750000 3.450000 2.500000
-3.750000 3.500000 2.500000
-3.750000 3.550000 2.500000
-3.750000 3.600000 2.500000
-3.750000 3.650000 2.500000
-3.750000 3.700000 2.500000
-3.750000 3.750000 2.500000
-3.750000 3.800000 2.500000
-3.750000 3.850000 2.500000
-3.750000 3.900000 2.500000
-3.750000 3.950000 2.500000
-3.750000 4.000000 2.500000
-3.750000 4.050000 2.500000
-3.750000 4.100000 2.500000
-3.750000 4.150000 2.500000
-3.750000 4.200000 2.500000
-3.750000 4.250000 2.500000
-3.750000 4.300000 2.500000
-3.750000 4.350000 2.500000
-3.750000 4.400000 2.500000
-3.750000 4.450000 2.500000
-3.750000 4.500000 2.500000
-3.750000 4.550000 2.500000
-3.750000 4.600000 2.500000
-3.750000 4.650000 2.500000
-3.750000 4.700000 2.500000
-3.750000 4.750000 2.500000
-3.750000 4.800000 2.500000
-3.750000 4.850000 2.500000
-3.750000 4.900000 2.500000
-3.750000 4.950000 2.500000
-3.750000 5.000000 2.500000
-3.750000 5.050000 2.500000
-3.750000 5.100000 2.500000
-3.750000 5.150000 2.500000
-3.750000 5.200000 2.500000
-3.750000 5.250000 2.500000
-3.750000 5.300000 2.500000
-3.750000 5.350000 2.500000
-3.750000 5.400000 2.500000
-3.750000 5.450000 2.500000
-3.750000 5.500000 2.500000
-3.750000 5.550000 2.500000
-3.750000 5.600000 2.500000
-3.750000 5.650000 2.500000
-3.750000 5.700000 2.500000
-3.750000 5.750000 2.500000
-3.750000 5.800000 2.500000
-3.750000 5.850000 2.500000
-3.750000 5.900000 2.500000
-3.750000 5.950000 2.500000
-3.750000 6.000000 2.500000
-3.700000 0.000000 2.500000
-3.700000 0.050000 2.497839
-3.700000 0.100000 2.495772
-3.700000 0.150000 2.493890
-3.700000 0.200000 2.492275
-3.700000 0.250000 2.490997
-3.700000 0.300000 2.490113
-3.700000 0.350000 2.489661
-3.700000 0.400000 2.489661
-3.700000 0.450000 2.490113
-3.700000 0.500000 2.490997
-3.700000 0.550000 2.492275
-3.700000 0.600000 2.493890
-3.700000 0.650000 2.495772
-3.700000 0.700000 2.497839
-3.700000 0.750000 2.500000
-3.700000 0.800000 2.502161
-3.700000 0.850000 2.504228
-3.700000 0.900000 2.506110
-3.700000 0.950000 2.507725
-3.700000 1.000000 2.509003
-3.700000 1.050000 2.509887
-3.700000 1.100000 2.510339
-3.700000 1.150000 2.510339
-3.700000 1.200000 2.509887
-3.700000 1.250000 2.509003
-3.700000 1.300000 2.507725
-3.700000 1.350000 2.506110
-3.700000 1.400000 2.504228
-3.700000 1.450000 2.502161
-3.700000 1.500000 2.500000
-3.700000 1.550000 2.497839
-3.700000 1.600000 2.495772
-3.700000 1.650000 2.493890
-3.700000 1.700000 2.492275
-3.700000 1.750000 2.490997
-3.700000 1.800000 2.490113
-3.700000 1.850000 2.489661
-3.700000 1.900000 2.489661
-3.700000 1.950000 2.490113
-3.700000 2.000000 2.490997
-3.700000 2.050000 2.492275
-3.700000 2.100000 2.493890
-3.700000 2.150000 2.495772
-3.700000 2.200000 2.497839
-3.700000 2.250000 2.500000
-3.700000 2.300000 2.502161
-3.700000 2.350000 2.504228
-3.700000 2.400000 2.506110
-3.700000 2.450000 2.507725
-3.700000 2.500000 2.509003
-3.700000 2.550000 2.509887
-3.700000 2.600000 2.510339
-3.700000 2.650000 2.510339
-3.700000 2.700000 2.509887
-3.700000 2.750000 2.509003
-3.700000 2.800000 2.507725
-3.700000 2.850000 2.506110
-3.700000 2.900000 2.504228
-3.700000 2.950000 2.502161
-3.700000 3.000000 2.500000
-3.700000 3.050000 2.497839
-3.700000 3.100000 2.495772
-3.700000 3.150000 2.493890
-3.700000 3.200000 2.492275
-3.700000 3.250000 2.490997
-3.700000 3.300000 2.490113
-3.700000 3.350000 2.489661
-3.700000 3.400000 2.489661
-3.700000 3.450000 2.490113
-3.700000 3.500000 2.490997
-3.700000 3.550000 2.492275
-3.700000 3.600000 2.493890
-3.700000 3.650000 2.495772
-3.700000 3.700000 2.497839
-3.700000 3.750000 2.500000
-3.700000 3.800000 2.502161
-3.700000 3.850000 2.504228
-3.700000 3.900000 2.506110
-3.700000 3.950000 2.507725
-3.700000 4.000000 2.509003
-3.700000 4.050000 2.509887
-3.700000 4.100000 2.510339
-3.700000 4.150000 2.510339
-3.700000 4.200000 2.509887
-3.700000 4.250000 2.509003
-3.700000 4.300000 2.507725
-3.700000 4.350000 2.506110
-3.700000 4.400000 2.504228
-3.700000 4.450000 2.502161
-3.700000 4.500000 2.500000
-3.700000 4.550000 2.497839
-3.700000 4.600000 2.495772
-3.700000 4.650000 2.493890
-3.700000 4.700000 2.492275
-3.700000 4.750000 2.490997
-3.700000 4.800000 2.490113
-3.700000 4.850000 2.489661
-3.700000 4.900000 2.489661
-3.700000 4.950000 2.490113
-3.700000 5.000000 2.490997
-3.700000 5.050000 2.492275
-3.700000 5.100000 2.493890
-3.700000 5.150000 2.495772
-3.700000 5.200000 2.497839
-3.700000 5.250000 2.500000
-3.700000 5.300000 2.502161
-3.700000 5.350000 2.504228
-3.700000 5.400000 2.506110
-3.700000 5.450000 2.507725
-3.700000 5.500000 2.509003
-3.700000 5.550000 2.509887
-3.700000 5.600000 2.510339
-3.700000 5.650000 2.510339
-3.700000 5.700000 2.509887
-3.700000 5.750000 2.509003
-3.700000 5.800000 2.507725
-3.700000 5.850000 2.506110
-3.700000 5.900000 2.504228
-3.700000 5.950000 2.502161
-3.700000 6.000000 2.500000
-3.650000 0.000000 2.500000
-3.650000 0.050000 2.495772
-3.650000 0.100000 2.491728
-3.650000 0.150000 2.488046
-3.650000 0.200000 2.484887
-3.650000 0.250000 2.482388
-3.650000 0.300000 2.480659
-3.650000 0.350000 2.479775
-3.650000 0.400000 2.479775
-3.650000 0.450000 2.480659
-3.650000 0.500000 2.482388
-3.650000 0.550000 2.484887
-3.650000 0.600000 2.488046
-3.650000 0.650000 2.491728
-3.650000 0.700000 2.495772
-3.650000 0.750000 2.500000
-3.650000 0.800000 2.504228
-3.650000 0.850000 2.508272
-3.650000 0.900000 2.511954
-3.650000 0.950000 2.515113
-3.650000 1.000000 2.517612
-3.650000 1.050000 2.519341
-3.650000 1.100000 2.520225
-3.650000 1.150000 2.520225
-3.650000 1.200000 2.519341
-3.650000 1.250000 2.517612
-3.650000 1.300000 2.515113
-3.650000 1.350000 2.511954
-3.650000 1.400000 2.508272
-3.650000 1.450000 2.504228
-3.650000 1.500000 2.500000
-3.650000 1.550000 2.495772
-3.650000 1.600000 2.491728
-3.650000 1.650000 2.488046
-3.650000 1.700000 2.484887
-3.650000 1.750000 2.482388
-3.650000 1.800000 2.480659
-3.650000 1.850000 2.479775
-3.650000 1.900000 2.479775
-3.650000 1.950000 2.480659
-3.650000 2.000000 2.482388
-3.650000 2.050000 2.484887
-3.650000 2.100000 2.488046
-3.650000 2.150000 2.491728
-3.650000 2.200000 2.495772
-3.650000 2.250000 2.500000
-3.650000 2.300000 2.504228
-3.650000 2.350000 2.508272
-3.650000 2.400000 2.511954
-3.650000 2.450000 2.515113
-3.650000 2.500000 2.517612
-3.650000 2.550000 2.519341
-3.650000 2.600000 2.520225
-3.650000 2.650000 2.520225
-3.650000 2.700000 2.519341
-3.650000 2.750000 2.517612
-3.650000 2.800000 2.515113
-3.650000 2.850000 2.511954
-3.650000 2.900000 2.508272
-3.650000 2.950000 2.504228
-3.650000 3.000000 2.500000
-3.650000 3.050000 2.495772
-3.650000 3.100000 2.491728
-3.650000 3.150000 2.488046
-3.650000 3.200000 2.484887
-3.650000 3.250000 2.482388
-3.650000 3.300000 2.480659
-3.650000 3.350000 2.479775
-3.650000 3.400000 2.479775
-3.650000 3.450000 2.480659
-3.650000 3.500000 2.482388
-3.650000 3.550000 2.484887
-3.650000 3.600000 2.488046
-3.650000 3.650000 2.491728
-3.650000 3.700000 2.495772
-3.650000 3.750000 2.500000
-3.650000 3.800000 2.504228
-3.650000 3.850000 2.508272
-3.650000 3.900000 2.511954
-3.650000 3.950000 2.515113
-3.650000 4.000000 2.517612
-3.650000 4.050000 2.519341
-3.650000 4.100000 2.520225
-3.650000 4.150000 2.520225
-3.650000 4.200000 2.519341
-3.650000 4.250000 2.517612
-3.650000 4.300000 2.515113
-3.650000 4.350000 2.511954
-3.650000 4.400000 2.508272
-3.650000 4.450000 2.504228
-3.650000 4.500000 2.500000
-3.650000 4.550000 2.495772
-3.650000 4.600000 2.491728
-3.650000 4.650000 2.488046
-3.650000 4.700000 2.484887
-3.650000 4.750000 2.482388
-3.650000 4.800000 2.480659
-3.650000 4.850000 2.479775
-3.650000 4.900000 2.479775
-3.650000 4.950000 2.480659
-3.650000 5.000000 2.482388
-3.650000 5.050000 2.484887
-3.650000 5.100000 2.488046
-3.650000 5.150000 2.491728
-3.650000 5.200000 2.495772
-3.650000 5.250000 2.500000
-3.650000 5.300000 2.504228
-3.650000 5.350000 2.508272
-3.650000 5.400000 2.511954
-3.650000 5.450000 2.515113
-3.650000 5.500000 2.517612
-3.650000 5.550000 2.519341
-3.650000 5.600000 2.520225
-3.650000 5.650000 2.520225
-3.650000 5.700000 2.519341
-3.650000 5.750000 2.517612
-3.650000 5.800000 2.515113
-3.650000 5.850000 2.511954
-3.650000 5.900000 2.508272
-3.650000 5.950000 2.504228
-3.650000 6.000000 2.500000
-3.600000 0.000000 2.500000
-3.600000 0.050000 2.493890
-3.600000 0.100000 2.488046
-3.600000 0.150000 2.482725
-3.600000 0.200000 2.478160
-3.600000 0.250000 2.474548
-3.600000 0.300000 2.472049
-3.600000 0.350000 2.470772
-3.600000 0.400000 2.470772
-3.600000 0.450000 2.472049
-3.600000 0.500000 2.474548
-3.600000 0.550000 2.478160
-3.600000 0.600000 2.482725
-3.600000 0.650000 2.488046
-3.600000 0.700000 2.493890
-3.600000 0.750000 2.500000
-3.600000 0.800000 2.506110
-3.600000 0.850000 2.511954
-3.600000 0.900000 2.517275
-3.600000 0.950000 2.521840
-3.600000 1.000000 2.525452
-3.600000 1.050000 2.527951
-3.600000 1.100000 2.529228
-3.600000 1.150000 2.529228
-3.600000 1.200000 2.527951
-3.600000 1.250000 2.525452
-3.600000 1.300000 2.521840
-3.600000 1.350000 2.517275
-3.600000 1.400000 2.511954
-3.600000 1.450000 2.506110
-3.600000 1.500000 2.500000
-3.600000 1.550000 2.493890
-3.600000 1.600000 2.488046
-3.600000 1.650000 2.482725
-3.600000 1.700000 2.478160
-3.600000 1.750000 2.474548
-3.600000 1.800000 2.472049
-3.600000 1.850000 2.470772
-3.600000 1.900000 2.470772
-3.600000 1.950000 2.472049
-3.600000 2.000000 2.474548
-3.600000 2.050000 2.478160
-3.600000 2.100000 2.482725
-3.600000 2.150000 2.488046
-3.600000 2.200000 2.493890
-3.600000 2.250000 2.500000
-3.600000 2.300000 2.506110
-3.600000 2.350000 2.511954
-3.600000 2.400000 2.517275
-3.600000 2.450000 2.521840
-3.600000 2.500000 2.525452
-3.600000 2.550000 2.527951
-3.600000 2.600000 2.529228
-3.600000 2.650000 2.529228
-3.600000 2.700000 2.527951
-3.600000 2.750000 2.525452
-3.600000 2.800000 2.521840
-3.600000 2.850000 2.517275
-3.600000 2.900000 2.511954
-3.600000 2.950000 2.506110
-3.600000 3.000000 2.500000
-3.600000 3.050000 2.493890
-3.600000 3.100000 2.488046
-3.600000 3.150000 2.482725
-3.600000 3.200000 2.478160
-3.600000 3.250000 2.474548
-3.600000 3.300000 2.472049
-3.600000 3.350000 2.470772
-3.600000 3.400000 2.470772
-3.600000 3.450000 2.472049
-3.600000 3.500000 2.474548
-3.600000 3.550000 2.478160
-3.600000 3.600000 2.482725
-3.600000 3.650000 2.488046
-3.600000 3.700000 2.493890
-3.600000 3.750000 2.500000
-3.600000 3.800000 2.506110
-3.600000 3.850000 2.511954
-3.600000 3.900000 2.517275
-3.600000 3.950000 2.521840
-3.600000 4.000000 2.525452
-3.600000 4.050000 2.527951
-3.600000 4.100000 2.529228
-3.600000 4.150000 2.529228
-3.600000 4.200000 2.527951
-3.600000 4.250000 2.525452
-3.600000 4.300000 2.521840
-3.600000 4.350000 2.517275
-3.600000 4.400000 2.511954
-3.600000 4.450000 2.506110
-3.600000 4.500000 2.500000
-3.600000 4.550000 2.493890
-3.600000 4.600000 2.488046
-3.600000 4.650000 2.482725
-3.600000 4.700000 2.478160
-3.600000 4.750000 2.474548
-3.600000 4.800000 2.472049
-3.600000 4.850000 2.470772
-3.600000 4.900000 2.470772
-3.600000 4.950000 2.472049
-3.600000 5.000000 2.474548
-3.600000 5.050000 2.478160
-3.600000 5.100000 2.482725
-3.600000 5.150000 2.488046
-3.600000 5.200000 2.493890
-3.600000 5.250000 2.500000
-3.600000 5.300000 2.506110
-3.600000 5.350000 2.511954
-3.600000 5.400000 2.517275
-3.600000 5.450000 2.521840
-3.600000 5.500000 2.525452
-3.600000 5.550000 2.527951
-3.600000 5.600000 2.529228
-3.600000 5.650000 2.529228
-3.600000 5.700000 2.527951
-3.600000 5.750000 2.525452
-3.600000 5.800000 2.521840
-3.600000 5.850000 2.517275
-3.600000 5.900000 2.511954
-3.600000 5.950000 2.506110
-3.600000 6.000000 2.500000
-3.550000 0.000000 2.500000
-3.550000 0.050000 2.492275
-3.550000 0.100000 2.484887
-3.550000 0.150000 2.478160
-3.550000 0.200000 2.472387
-3.550000 0.250000 2.467821
-3.550000 0.300000 2.464661
-3.550000 0.350000 2.463046
-3.550000 0.400000 2.463046
-3.550000 0.450000 2.464661
-3.550000 0.500000 2.467821
-3.550000 0.550000 2.472387
-3.550000 0.600000 2.478160
-3.550000 0.650000 2.484887
-3.550000 0.700000 2.492275
-3.550000 0.750000 2.500000
-3.550000 0.800000 2.507725
-3.550000 0.850000 2.515113
-3.550000 0.900000 2.521840
-3.550000 0.950000 2.527613
-3.550000 1.000000 2.532179
-3.550000 1.050000 2.535339
-3.550000 1.100000 2.536954
-3.550000 1.150000 2.536954
-3.550000 1.200000 2.535339
-3.550000 1.250000 2.532179
-3.550000 1.300000 2.527613
-3.550000 1.350000 2.521840
-3.550000 1.400000 2.515113
-3.550000 1.450000 2.507725
-3.550000 1.500000 2.500000
-3.550000 1.550000 2.492275
-3.550000 1.600000 2.484887
-3.550000 1.650000 2.478160
-3.550000 1.700000 2.472387
-3.550000 1.750000 2.467821
-3.550000 1.800000 2.464661
-3.550000 1.850000 2.463046
-3.550000 1.900000 2.463046
-3.550000 1.950000 2.464661
-3.550000 2.000000 2.467821
-3.550000 2.050000 2.472387
-3.550000 2.100000 2.478160
-3.550000 2.150000 2.484887
-3.550000 2.200000 2.492275
-3.550000 2.250000 2.500000
-3.550000 2.300000 2.507725
-3.550000 2.350000 2.515113
-3.550000 2.400000 2.521840
-3.550000 2.450000 2.527613
-3.550000 2.500000 2.532179
-3.550000 2.550000 2.535339
-3.550000 2.600000 2.536954
-3.550000 2.650000 2.536954
-3.550000 2.700000 2.535339
-3.550000 2.750000 2.532179
-3.550000 2.800000 2.527613
-3.550000 2.850000 2.521840
-3.550000 2.900000 2.515113
-3.550000 2.950000 2.507725
-3.550000 3.000000 2.500000
-3.550000 3.050000 2.492275
-3.550000 3.100000 2.484887
-3.550000 3.150000 2.478160
-3.550000 3.200000 2.472387
-3.550000 3.250000 2.467821
-3.550000 3.300000 2.464661
-3.550000 3.350000 2.463046
-3.550000 3.400000 2.463046
-3.550000 3.450000 2.464661
-3.550000 3.500000 2.467821
-3.550000 3.550000 2.472387
-3.550000 3.600000 2.478160
-3.550000 3.650000 2.484887
-3.550000 3.700000 2.492275
-3.550000 3.750000 2.500000
-3.550000 3.800000 2.507725
-3.550000 3.850000 2.515113
-3.550000 3.900000 2.521840
-3.550000 3.950000 2.527613
-3.550000 4.000000 2.532179
-3.550000 4.050000 2.535339
-3.550000 4.100000 2.536954
-3.550000 4.150000 2.536954
-3.550000 4.200000 2.535339
-3.550000 4.250000 2.532179
-3.550000 4.300000 2.527613
-3.550000 4.350000 2.521840
-3.550000 4.400000 2.515113
-3.550000 4.450000 2.507725
-3.550000 4.500000 2.500000
-3.550000 4.550000 2.492275
-3.550000 4.600000 2.484887
-3.550000 4.650000 2.478160
-3.550000 4.700000 2.472387
-3.550000 4.750000 2.467821
-3.550000 4.800000 2.464661
-3.550000 4.850000 2.463046
-3.550000 4.900000 2.463046
-3.550000 4.950000 2.464661
-3.550000 5.000000 2.467821
-3.550000 5.050000 2.472387
-3.550000 5.100000 2.478160
-3.550000 5.150000 2.484887
-3.550000 5.200000 2.492275
-3.550000 5.250000 2.500000
-3.550000 5.300000 2.507725
-3.550000 5.350000 2.515113
-3.550000 5.400000 2.521840
-3.550000 5.450000 2.527613
-3.550000 5.500000 2.532179
-3.550000 5.550000 2.535339
-3.550000 5.600000 2.536954
-3.550000 5.650000 2.536954
-3.550000 5.700000 2.535339
-3.550000 5.750000 2.532179
-3.550000 5.800000 2.527613
-3.550000 5.850000 2.521840
-3.550000 5.900000 2.515113
-3.550000 5.950000 2.507725
-3.550000 6.000000 2.500000
-3.500000 0.000000 2.500000
-3.500000 0.050000 2.490997
-3.500000 0.100000 2.482388
-3.500000 0.150000 2.474548
-3.500000 0.200000 2.467821
-3.500000 0.250000 2.462500
-3.500000 0.300000 2.458818
-3.500000 0.350000 2.456936
-3.500000 0.400000 2.456936
-3.500000 0.450000 2.458818
-3.500000 0.500000 2.462500
-3.500000 0.550000 2.467821
-3.500000 0.600000 2.474548
-3.500000 0.650000 2.482388
-3.500000 0.700000 2.490997
-3.500000 0.750000 2.500000
-3.500000 0.800000 2.509003
-3.500000 0.850000 2.517612
-3.500000 0.900000 2.525452
-3.500000 0.950000 2.532179
-3.500000 1.000000 2.537500
-3.500000 1.050000 2.541182
-3.500000 1.100000 2.543064
-3.500000 1.150000 2.543064
-3.500000 1.200000 2.541182
-3.500000 1.250000 2.537500
-3.500000 1.300000 2.532179
-3.500000 1.350000 2.525452
-3.500000 1.400000 2.517612
-3.500000 1.450000 2.509003
-3.500000 1.500000 2.500000
-3.500000 1.550000 2.490997
-3.500000 1.600000 2.482388
-3.500000 1.650000 2.474548
-3.500000 1.700000 2.467821
-3.500000 1.750000 2.462500
-3.500000 1.800000 2.458818
-3.500000 1.850000 2.456936
-3.500000 1.900000 2.456936
-3.500000 1.950000 2.458818
-3.500000 2.000000 2.462500
-3.500000 2.050000 2.467821
-3.500000 2.100000 2.474548
-3.500000 2.150000 2.482388
-3.500000 2.200000 2.490997
-3.500000 2.250000 2.500000
-3.500000 2.300000 2.509003
-3.500000 2.350000 2.517612
-3.500000 2.400000 2.525452
-3.500000 2.450000 2.532179
-3.500000 2.500000 2.537500
-3.500000 2.550000 2.541182
-3.500000 2.600000 2.543064
-3.500000 2.650000 2.543064
-3.500000 2.700000 2.541182
-3.500000 2.750000 2.537500
-3.500000 2.800000 2.532179
-3.500000 2.850000 2.525452
-3.500000 2.900000 2.517612
-3.500000 2.950000 2.509003
-3.500000 3.000000 2.500000
-3.500000 3.050000 2.490997
-3.500000 3.100000 2.482388
-3.500000 3.150000 2.474548
-3.500000 3.200000 2.467821
-3.500000 3.250000 2.462500
-3.500000 3.300000 2.458818
-3.500000 3.350000 2.456936
-3.500000 3.400000 2.456936
-3.500000 3.450000 2.458818
-3.500000 3.500000 2.462500
-3.500000 3.550000 2.467821
-3.500000 3.600000 2.474548
-3.500000 3.650000 2.482388
-3.500000 3.700000 2.490997
-3.500000 3.750000 2.500000
-3.500000 3.800000 2.509003
-3.500000 3.850000 2.517612
-3.500000 3.900000 2.525452
-3.500000 3.950000 2.532179
-3.500000 4.000000 2.537500
-3.500000 4.050000 2.541182
-3.500000 4.100000 2.543064
-3.500000 4.150000 2.543064
-3.500000 4.200000 2.541182
-3.500000 4.250000 2.537500
-3.500000 4.300000 2.532179
-3.500000 4.350000 2.525452
-3.500000 4.400000 2.517612
-3.500000 4.450000 2.509003
-3.500000 4.500000 2.500000
-3.500000 4.550000 2.490997
-3.500000 4.600000 2.482388
-3.500000 4.650000 2.474548
-3.500000 4.700000 2.467821
-3.500000 4.750000 2.462500
-3.500000 4.800000 2.458818
-3.500000 4.850000 2.456936
-3.500000 4.900000 2.456936
-3.500000 4.950000 2.458818
-3.500000 5.000000 2.462500
-3.500000 5.050000 2.467821
-3.500000 5.100000 2.474548
-3.500000 5.150000 2.482388
-3.500000 5.200000 2.490997
-3.500000 5.250000 2.500000
-3.500000 5.300000 2.509003
-3.500000 5.350000 2.517612
-3.500000 5.400000 2.525452
-3.500000 5.450000 2.532179
-3.500000 5.500000 2.537500
-3.500000 5.550000 2.541182
-3.500000 5.600000 2.543064
-3.500000 5.650000 2.543064
-3.500000 5.700000 2.541182
-3.500000 5.750000 2.537500
-3.500000 5.800000 2.532179
-3.500000 5.850000 2.525452
-3.500000 5.900000 2.517612
-3.500000 5.950000 2.509003
-3.500000 6.000000 2.500000
-3.450000 0.000000 2.500000
-3.450000 0.050000 2.490113
-3.450000 0.100000 2.480659
-3.450000 0.150000 2.472049
-3.450000 0.200000 2.464661
-3.450000 0.250000 2.458818
-3.450000 0.300000 2.454775
-3.450000 0.350000 2.452708
-3.450000 0.400000 2.452708
-3.450000 0.450000 2.454775
-3.450000 0.500000 2.458818
-3.450000 0.550000 2.464661
-3.450000 0.600000 2.472049
-3.450000 0.650000 2.480659
-3.450000 0.700000 2.490113
-3.450000 0.750000 2.500000
-3.450000 0.800000 2.509887
-3.450000 0.850000 2.519341
-3.450000 0.900000 2.527951
-3.450000 0.950000 2.535339
-3.450000 1.000000 2.541182
-3.450000 1.050000 2.545225
-3.450000 1.100000 2.547292
-3.450000 1.150000 2.547292
-3.450000 1.200000 2.545225
-3.450000 1.250000 2.541182
-3.450000 1.300000 2.535339
-3.450000 1.350000 2.527951
-3.450000 1.400000 2.519341
-3.450000 1.450000 2.509887
-3.450000 1.500000 2.500000
-3.450000 1.550000 2.490113
-3.450000 1.600000 2.480659
-3.450000 1.650000 2.472049
-3.450000 1.700000 2.464661
-3.450000 1.750000 2.458818
-3.450000 1.800000 2.454775
-3.450000 1.850000 2.452708
-3.450000 1.900000 2.452708
-3.450000 1.950000 2.454775
-3.450000 2.000000 2.458818
-3.450000 2.050000 2.464661
-3.450000 2.100000 2.472049
-3.450000 2.150000 2.480659
-3.450000 2.200000 2.490113
-3.450000 2.250000 2.500000
-3.450000 2.300000 2.509887
-3.450000 2.350000 2.519341
-3.450000 2.400000 2.527951
-3.450000 2.450000 2.535339
-3.450000 2.500000 2.541182
-3.450000 2.550000 2.545225
-3.450000 2.600000 2.547292
-3.450000 2.650000 2.547292
-3.450000 2.700000 2.545225
-3.450000 2.750000 2.541182
-3.450000 2.800000 2.535339
-3.450000 2.850000 2.527951
-3.450000 2.900000 2.519341
-3.450000 2.950000 2.509887
-3.450000 3.000000 2.500000
-3.450000 3.050000 2.490113
-3.450000 3.100000 2.480659
-3.450000 3.150000 2.472049
-3.450000 3.200000 2.464661
-3.450000 3.250000 2.458818
-3.450000 3.300000 2.454775
-3.450000 3.350000 2.452708
-3.450000 3.400000 2.452708
-3.450000 3.450000 2.454775
-3.450000 3.500000 2.458818
-3.450000 3.550000 2.464661
-3.450000 3.600000 2.472049
-3.450000 3.650000 2.480659
-3.450000 3.700000 2.490113
-3.450000 3.750000 2.500000
-3.450000 3.800000 2.509887
-3.450000 3.850000 2.519341
-3.450000 3.900000 2.527951
-3.450000 3.950000 2.535339
-3.450000 4.000000 2.541182
-3.450000 4.050000 2.545225
-3.450000 4.100000 2.547292
-3.450000 4.150000 2.547292
-3.450000 4.200000 2.545225
-3.450000 4.250000 2.541182
-3.450000 4.300000 2.535339
-3.450000 4.350000 2.527951
-3.450000 4.400000 2.519341
-3.450000 4.450000 2.509887
-3.450000 4.500000 2.500000
-3.450000 4.550000 2.490113
-3.450000 4.600000 2.480659
-3.450000 4.650000 2.472049
-3.450000 4.700000 2.464661
-3.450000 4.750000 2.458818
-3.450000 4.800000 2.454775
-3.450000 4.850000 2.452708
-3.450000 4.900000 2.452708
-3.450000 4.950000 2.454775
-3.450000 5.000000 2.458818
-3.450000 5.050000 2.464661
-3.450000 5.100000 2.472049
-3.450000 5.150000 2.480659
-3.450000 5.200000 2.490113
-3.450000 5.250000 2.500000
-3.450000 5.300000 2.509887
-3.450000 5.350000 2.519341
-3.450000 5.400000 2.527951
-3.450000 5.450000 2.535339
-3.450000 5.500000 2.541182
-3.450000 5.550000 2.545225
-3.450000 5.600000 2.547292
-3.450000 5.650000 2.547292
-3.450000 5.700000 2.545225
-3.450000 5.750000 2.541182
-3.450000 5.800000 2.535339
-3.450000 5.850000 2.527951
-3.450000 5.900000 2.519341
-3.450000 5.950000 2.509887
-3.450000 6.000000 2.500000
-3.400000 0.000000 2.500000
-3.400000 0.050000 2.489661
-3.400000 0.100000 2.479775
-3.400000 0.150000 2.470772
-3.400000 0.200000 2.463046
-3.400000 0.250000 2.456936
-3.400000 0.300000 2.452708
-3.400000 0.350000 2.450546
-3.400000 0.400000 2.450546
-3.400000 0.450000 2.452708
-3.400000 0.500000 2.456936
-3.400000 0.550000 2.463046
-3.400000 0.600000 2.470772
-3.400000 0.650000 2.479775
-3.400000 0.700000 2.489661
-3.400000 0.750000 2.500000
-3.400000 0.800000 2.510339
-3.400000 0.850000 2.520225
-3.400000 0.900000 2.529228
-3.400000 0.950000 2.536954
-3.400000 1.000000 2.543064
-3.400000 1.050000 2.547292
-3.400000 1.100000 2.549454
-3.400000 1.150000 2.549454
-3.400000 1.200000 2.547292
-3.400000 1.250000 2.543064
-3.400000 1.300000 2.536954
-3.400000 1.350000 2.529228
-3.400000 1.400000 2.520225
-3.400000 1.450000 2.510339
-3.400000 1.500000 2.500000
-3.400000 1.550000 2.489661
-3.400000 1.600000 2.479775
-3.400000 1.650000 2.470772
-3.400000 1.700000 2.463046
-3.400000 1.750000 2.456936
-3.400000 1.800000 2.452708
-3.400000 1.850000 2.450546
-3.400000 1.900000 2.450546
-3.400000 1.950000 2.452708
-3.400000 2.000000 2.456936
-3.400000 2.050000 2.463046
-3.400000 2.100000 2.470772
-3.400000 2.150000 2.479775
-3.400000 2.200000 2.489661
-3.400000 2.250000 2.500000
-3.400000 2.300000 2.510339
-3.400000 2.350000 2.520225
-3.400000 2.400000 2.529228
-3.400000 2.450000 2.536954
-3.400000 2.500000 2.543064
-3.400000 2.550000 2.547292
-3.400000 2.600000 2.549454
-3.400000 2.650000 2.549454
-3.400000 2.700000 2.547292
-3.400000 2.750000 2.543064
-3.400000 2.800000 2.536954
-3.400000 2.850000 2.529228
-3.400000 2.900000 2.520225
-3.400000 2.950000 2.510339
-3.400000 3.000000 2.500000
-3.400000 3.050000 2.489661
-3.400000 3.100000 2.479775
-3.400000 3.150000 2.470772
-3.400000 3.200000 2.463046
-3.400000 3.250000 2.456936
-3.400000 3.300000 2.452708
-3.400000 3.350000 2.450546
-3.400000 3.400000 2.450546
-3.400000 3.450000 2.452708
-3.400000 3.500000 2.456936
-3.400000 3.550000 2.463046
-3.400000 3.600000 2.470772
-3.400000 3.650000 2.479775
-3.400000 3.700000 2.489661
-3.400000 3.750000 2.500000
-3.400000 3.800000 2.510339
-3.400000 3.850000 2.520225
-3.400000 3.900000 2.529228
-3.400000 3.950000 2.536954
-3.400000 4.000000 2.543064
-3.400000 4.050000 2.547292
-3.400000 4.100000 2.549454
-3.400000 4.150000 2.549454
-3.400000 4.200000 2.547292
-3.400000 4.250000 2.543064
-3.400000 4.300000 2.536954
-3.400000 4.350000 2.529228
-3.400000 4.400000 2.520225
-3.400000 4.450000 2.510339
-3.400000 4.500000 2.500000
-3.400000 4.550000 2.489661
-3.400000 4.600000 2.479775
-3.400000 4.650000 2.470772
-3.400000 4.700000 2.463046
-3.400000 4.750000 2.456936
-3.400000 4.800000 2.452708
-3.400000 4.850000 2.450546
-3.400000 4.900000 2.450546
-3.400000 4.950000 2.452708
-3.400000 5.000000 2.456936
-3.400000 5.050000 2.463046
-3.400000 5.100000 2.470772
-3.400000 5.150000 2.479775
-3.400000 5.200000 2.489661
-3.400000 5.250000 2.500000
-3.400000 5.300000 2.510339
-3.400000 5.350000 2.520225
-3.400000 5.400000 2.529228
-3.400000 5.450000 2.536954
-3.400000 5.500000 2.543064
-3.400000 5.550000 2.547292
-3.400000 5.600000 2.549454
-3.400000 5.650000 2.549454
-3.400000 5.700000 2.547292
-3.400000 5.750000 2.543064
-3.400000 5.800000 2.536954
-3.400000 5.850000 2.529228
-3.400000 5.900000 2.520225
-3.400000 5.950000 2.510339
-3.400000 6.000000 2.500000
-3.350000 0.000000 2.500000
-3.350000 0.050000 2.489661
-3.350000 0.100000 2.479775
-3.350000 0.150000 2.470772
-3.350000 0.200000 2.463046
-3.350000 0.250000 2.456936
-3.350000 0.300000 2.452708
-3.350000 0.350000 2.450546
-3.350000 0.400000 2.450546
-3.350000 0.450000 2.452708
-3.350000 0.500000 2.456936
-3.350000 0.550000 2.463046
-3.350000 0.600000 2.470772
-3.350000 0.650000 2.479775
-3.350000 0.700000 2.489661
-3.350000 0.750000 2.500000
-3.350000 0.800000 2.510339
-3.350000 0.850000 2.520225
-3.350000 0.900000 2.529228
-3.350000 0.950000 2.536954
-3.350000 1.000000 2.543064
-3.350000 1.050000 2.547292
-3.350000 1.100000 2.549454
-3.350000 1.150000 2.549454
-3.350000 1.200000 2.547292
-3.350000 1.250000 2.543064
-3.350000 1.300000 2.536954
-3.350000 1.350000 2.529228
-3.350000 1.400000 2.520225
-3.350000 1.450000 2.510339
-3.350000 1.500000 2.500000
-3.350000 1.550000 2.489661
-3.350000 1.600000 2.479775
-3.350000 1.650000 2.470772
-3.350000 1.700000 2.463046
-3.350000 1.750000 2.456936
-3.350000 1.800000 2.452708
-3.350000 1.850000 2.450546
-3.350000 1.900000 2.450546
-3.350000 1.950000 2.452708
-3.350000 2.000000 2.456936
-3.350000 2.050000 2.463046
-3.350000 2.100000 2.470772
-3.350000 2.150000 2.479775
-3.350000 2.200000 2.489661
-3.350000 2.250000 2.500000
-3.350000 2.300000 2.510339
-3.350000 2.350000 2.520225
-3.350000 2.400000 2.529228
-3.350000 2.450000 2.536954
-3.350000 2.500000 2.543064
-3.350000 2.550000 2.547292
-3.350000 2.600000 2.549454
-3.350000 2.650000 2.549454
-3.350000 2.700000 2.547292
-3.350000 2.750000 2.543064
-3.350000 2.800000 2.536954
-3.350000 2.850000 2.529228
-3.350000 2.900000 2.520225
-3.350000 2.950000 2.510339
-3.350000 3.000000 2.500000
-3.350000 3.050000 2.489661
-3.350000 3.100000 2.479775
-3.350000 3.150000 2.470772
-3.350000 3.200000 2.463046
-3.350000 3.250000 2.456936
-3.350000 3.300000 2.452708
-3.350000 3.350000 2.450546
-3.350000 3.400000 2.450546
-3.350000 3.450000 2.452708
-3.350000 3.500000 2.456936
-3.350000 3.550000 2.463046
-3.350000 3.600000 2.470772
-3.350000 3.650000 2.479775
-3.350000 3.700000 2.489661
-3.350000 3.750000 2.500000
-3.350000 3.800000 2.510339
-3.350000 3.850000 2.520225
-3.350000 3.900000 2.529228
-3.350000 3.950000 2.536954
-3.350000 4.000000 2.543064
-3.350000 4.050000 2.547292
-3.350000 4.100000 2.549454
-3.350000 4.150000 2.549454
-3.350000 4.200000 2.547292
-3.350000 4.250000 2.543064
-3.350000 4.300000 2.536954
-3.350000 4.350000 2.529228
-3.350000 4.400000 2.520225
-3.350000 4.450000 2.510339
-3.350000 4.500000 2.500000
-3.350000 4.550000 2.489661
-3.350000 4.600000 2.479775
-3.350000 4.650000 2.470772
-3.350000 4.700000 2.463046
-3.350000 4.750000 2.456936
-3.350000 4.800000 2.452708
-3.350000 4.850000 2.450546
-3.350000 4.900000 2.450546
-3.350000 4.950000 2.452708
-3.350000 5.000000 2.456936
-3.350000 5.050000 2.463046
-3.350000 5.100000 2.470772
-3.350000 5.150000 2.479775
-3.350000 5.200000 2.489661
-3.350000 5.250000 2.500000
-3.350000 5.300000 2.510339
-3.350000 5.350000 2.520225
-3.350000 5.400000 2.529228
-3.350000 5.450000 2.536954
-3.350000 5.500000 2.543064
-3.350000 5.550000 2.547292
-3.350000 5.600000 2.549454
-3.350000 5.650000 2.549454
-3.350000 5.700000 2.547292
-3.350000 5.750000 2.543064
-3.350000 5.800000 2.536954
-3.350000 5.850000 2.529228
-3.350000 5.900000 2.520225
-3.350000 5.950000 2.510339
-3.350000 6.000000 2.500000
-3.300000 0.000000 2.500000
-3.300000 0.050000 2.490113
-3.300000 0.100000 2.480659
-3.300000 0.150000 2.472049
-3.300000 0.200000 2.464661
-3.300000 0.250000 2.458818
-3.300000 0.300000 2.454775
-3.300000 0.350000 2.452708
-3.300000 0.400000 2.452708
-3.300000 0.450000 2.454775
-3.300000 0.500000 2.458818
-3.300000 0.550000 2.464661
-3.300000 0.600000 2.472049
-3.300000 0.650000 2.480659
-3.300000 0.700000 2.490113
-3.300000 0.750000 2.500000
-3.300000 0.800000 2.509887
-3.300000 0.850000 2.519341
-3.300000 0.900000 2.527951
-3.300000 0.950000 2.535339
-3.300000 1.000000 2.541182
-3.300000 1.050000 2.545225
-3.300000 1.100000 2.547292
-3.300000 1.150000 2.547292
-3.300000 1.200000 2.545225
-3.300000 1.250000 2.541182
-3.300000 1.300000 2.535339
-3.300000 1.350000 2.527951
-3.300000 1.400000 2.519341
-3.300000 1.450000 2.509887
-3.300000 1.500000 2.500000
-3.300000 1.550000 2.490113
-3.300000 1.600000 2.480659
-3.300000 1.650000 2.472049
-3.300000 1.700000 2.464661
-3.300000 1.750000 2.458818
-3.300000 1.800000 2.454775
-3.300000 1.850000 2.452708
-3.300000 1.900000 2.452708
-3.300000 1.950000 2.454775
-3.300000 2.000000 2.458818
-3.300000 2.050000 2.464661
-3.300000 2.100000 2.472049
-3.300000 2.150000 2.480659
-3.300000 2.200000 2.490113
-3.300000 2.250000 2.500000
-3.300000 2.300000 2.509887
-3.300000 2.350000 2.519341
-3.300000 2.400000 2.527951
-3.300000 2.450000 2.535339
-3.300000 2.500000 2.541182
-3.300000 2.550000 2.545225
-3.300000 2.600000 2.547292
-3.300000 2.650000 2.547292
-3.300000 2.700000 2.545225
-3.300000 2.750000 2.541182
-3.300000 2.800000 2.535339
-3.300000 2.850000 2.527951
-3.300000 2.900000 2.519341
-3.300000 2.950000 2.509887
-3.300000 3.000000 2.500000
-3.300000 3.050000 2.490113
-3.300000 3.100000 2.480659
-3.300000 3.150000 2.472049
-3.300000 3.200000 2.464661
-3.300000 3.250000 2.458818
-3.300000 3.300000 2.454775
-3.300000 3.350000 2.452708
-3.300000 3.400000 2.452708
-3.300000 3.450000 2.454775
-3.300000 3.500000 2.458818
-3.300000 3.550000 2.464661
-3.300000 3.600000 2.472049
-3.300000 3.650000 2.480659
-3.300000 3.700000 2.490113
-3.300000 3.750000 2.500000
-3.300000 3.800000 2.509887
-3.300000 3.850000 2.519341
-3.300000 3.900000 2.527951
-3.300000 3.950000 2.535339
-3.300000 4.000000 2.541182
-3.300000 4.050000 2.545225
-3.300000 4.100000 2.547292
-3.300000 4.150000 2.547292
-3.300000 4.200000 2.545225
-3.300000 4.250000 2.541182
-3.300000 4.300000 2.535339
-3.300000 4.350000 2.527951
-3.300000 4.400000 2.519341
-3.300000 4.450000 2.509887
-3.300000 4.500000 2.500000
-3.300000 4.550000 2.490113
-3.300000 4.600000 2.480659
-3.300000 4.650000 2.472049
-3.300000 4.700000 2.464661
-3.300000 4.750000 2.458818
-3.300000 4.800000 2.454775
-3.300000 4.850000 2.452708
-3.300000 4.900000 2.452708
-3.300000 4.950000 2.454775
-3.300000 5.000000 2.458818
-3.300000 5.050000 2.464661
-3.300000 5.100000 2.472049
-3.300000 5.150000 2.480659
-3.300000 5.200000 2.490113
-3.300000 5.250000 2.500000
-3.300000 5.300000 2.509887
-3.300000 5.350000 2.519341
-3.300000 5.400000 2.527951
-3.300000 5.450000 2.535339
-3.300000 5.500000 2.541182
-3.300000 5.550000 2.545225
-3.300000 5.600000 2.547292
-3.300000 5.650000 2.547292
-3.300000 5.700000 2.545225
-3.300000 5.750000 2.541182
-3.300000 5.800000 2.535339
-3.300000 5.850000 2.527951
-3.300000 5.900000 2.519341
-3.300000 5.950000 2.509887
-3.300000 6.000000 2.500000
-3.250000 0.000000 2.500000
-3.250000 0.050000 2.490997
-3.250000 0.100000 2.482388
-3.250000 0.150000 2.474548
-3.250000 0.200000 2.467821
-3.250000 0.250000 2.462500
-3.250000 0.300000 2.458818
-3.250000 0.350000 2.456936
-3.250000 0.400000 2.456936
-3.250000 0.450000 2.458818
-3.250000 0.500000 2.462500
-3.250000 0.550000 2.467821
-3.250000 0.600000 2.474548
-3.250000 0.650000 2.482388
-3.250000 0.700000 2.490997
-3.250000 0.750000 2.500000
-3.250000 0.800000 2.509003
-3.250000 0.850000 2.517612
-3.250000 0.900000 2.525452
-3.250000 0.950000 2.532179
-3.250000 1.000000 2.537500
-3.250000 1.050000 2.541182
-3.250000 1.100000 2.543064
-3.250000 1.150000 2.543064
-3.250000 1.200000 2.541182
-3.250000 1.250000 2.537500
-3.250000 1.300000 2.532179
-3.250000 1.350000 2.525452
-3.250000 1.400000 2.517612
-3.250000 1.450000 2.509003
-3.250000 1.500000 2.500000
-3.250000 1.550000 2.490997
-3.250000 1.600000 2.482388
-3.250000 1.650000 2.474548
-3.250000 1.700000 2.467821
-3.250000 1.750000 2.462500
-3.250000 1.800000 2.458818
-3.250000 1.850000 2.456936
-3.250000 1.900000 2.456936
-3.250000 1.950000 2.458818
-3.250000 2.000000 2.462500
-3.250000 2.050000 2.467821
-3.250000 2.100000 2.474548
-3.250000 2.150000 2.482388
-3.250000 2.200000 2.490997
-3.250000 2.250000 2.500000
-3.250000 2.300000 2.509003
-3.250000 2.350000 2.517612
-3.250000 2.400000 2.525452
-3.250000 2.450000 2.532179
-3.250000 2.500000 2.537500
-3.250000 2.550000 2.541182
-3.250000 2.600000 2.543064
-3.250000 2.650000 2.543064
-3.250000 2.700000 2.541182
-3.250000 2.750000 2.537500
-3.250000 2.800000 2.532179
-3.250000 2.850000 2.525452
-3.250000 2.900000 2.517612
-3.250000 2.950000 2.509003
-3.250000 3.000000 2.500000
-3.250000 3.050000 2.490997
-3.250000 3.100000 2.482388
-3.250000 3.150000 2.474548
-3.250000 3.200000 2.467821
-3.250000 3.250000 2.462500
-3.250000 3.300000 2.458818
-3.250000 3.350000 2.456936
-3.250000 3.400000 2.456936
-3.250000 3.450000 2.458818
-3.250000 3.500000 2.462500
-3.250000 3.550000 2.467821
-3.250000 3.600000 2.474548
-3.250000 3.650000 2.482388
-3.250000 3.700000 2.490997
-3.250000 3.750000 2.500000
-3.250000 3.800000 2.509003
-3.250000 3.850000 2.517612
-3.250000 3.900000 2.525452
-3.250000 3.950000 2.532179
-3.250000 4.000000 2.537500
-3.250000 4.050000 2.541182
-3.250000 4.100000 2.543064
-3.250000 4.150000 2.543064
-3.250000 4.200000 2.541182
-3.250000 4.250000 2.537500
-3.250000 4.300000 2.532179
-3.250000 4.350000 2.525452
-3.250000 4.400000 2.517612
-3.250000 4.450000 2.509003
-3.250000 4.500000 2.500000
-3.250000 4.550000 2.490997
-3.250000 4.600000 2.482388
-3.250000 4.650000 2.474548
-3.250000 4.700000 2.467821
-3.250000 4.750000 2.462500
-3.250000 4.800000 2.458818
-3.250000 4.850000 2.456936
-3.250000 4.900000 2.456936
-3.250000 4.950000 2.458818
-3.250000 5.000000 2.462500
-3.250000 5.050000 2.467821
-3.250000 5.100000 2.474548
-3.250000 5.150000 2.482388
-3.250000 5.200000 2.490997
-3.250000 5.250000 2.500000
-3.250000 5.300000 2.509003
-3.250000 5.350000 2.517612
-3.250000 5.400000 2.525452
-3.250000 5.450000 2.532179
-3.250000 5.500000 2.537500
-3.250000 5.550000 2.541182
-3.250000 5.600000 2.543064
-3.250000 5.650000 2.543064
-3.250000 5.700000 2.541182
-3.250000 5.750000 2.537500
-3.250000 5.800000 2.532179
-3.250000 5.850000 2.525452
-3.250000 5.900000 2.517612
-3.250000 5.950000 2.509003
-3.250000 6.000000 2.500000
-3.200000 0.000000 2.500000
-3.200000 0.050000 2.492275
-3.200000 0.100000 2.484887
-3.200000 0.150000 2.478160
-3.200000 0.200000 2.472387
-3.200000 0.250000 2.467821
-3.200000 0.300000 2.464661
-3.200000 0.350000 2.463046
-3.200000 0.400000 2.463046
-3.200000 0.450000 2.464661
-3.200000 0.500000 2.467821
-3.200000 0.550000 2.472387
-3.200000 0.600000 2.478160
-3.200000 0.650000 2.484887
-3.200000 0.700000 2.492275
-3.200000 0.750000 2.500000
-3.200000 0.800000 2.507725
-3.200000 0.850000 2.515113
-3.200000 0.900000 2.521840
-3.200000 0.950000 2.527613
-3.200000 1.000000 2.532179
-3.200000 1.050000 2.535339
-3.200000 1.100000 2.536954
-3.200000 1.150000 2.536954
-3.200000 1.200000 2.535339
-3.200000 1.250000 2.532179
-3.200000 1.300000 2.527613
-3.200000 1.350000 2.521840
-3.200000 1.400000 2.515113
-3.200000 1.450000 2.507725
-3.200000 1.500000 2.500000
-3.200000 1.550000 2.492275
-3.200000 1.600000 2.484887
-3.200000 1.650000 2.478160
-3.200000 1.700000 2.472387
-3.200000 1.750000 2.467821
-3.200000 1.800000 2.464661
-3.200000 1.850000 2.463046
-3.200000 1.900000 2.463046
-3.200000 1.950000 2.464661
-3.200000 2.000000 2.467821
-3.200000 2.050000 2.472387
-3.200000 2.100000 2.478160
-3.200000 2.150000 2.484887
-3.200000 2.200000 2.492275
-3.200000 2.250000 2.500000
-3.200000 2.300000 2.507725
-3.200000 2.350000 2.515113
-3.200000 2.400000 2.521840
-3.200000 2.450000 2.527613
-3.200000 2.500000 2.532179
-3.200000 2.550000 2.535339
-3.200000 2.600000 2.536954
-3.200000 2.650000 2.536954
-3.200000 2.700000 2.535339
-3.200000 2.750000 2.532179
-3.200000 2.800000 2.527613
-3.200000 2.850000 2.521840
-3.200000 2.900000 2.515113
-3.200000 2.950000 2.507725
-3.200000 3.000000 2.500000
-3.200000 3.050000 2.492275
-3.200000 3.100000 2.484887
-3.200000 3.150000 2.478160
-3.200000 3.200000 2.472387
-3.200000 3.250000 2.467821
-3.200000 3.300000 2.464661
-3.200000 3.350000 2.463046
-3.200000 3.400000 2.463046
-3.200000 3.450000 2.464661
-3.200000 3.500000 2.467821
-3.200000 3.550000 2.472387
-3.200000 3.600000 2.478160
-3.200000 3.650000 2.484887
-3.200000 3.700000 2.492275
-3.200000 3.750000 2.500000
-3.200000 3.800000 2.507725
-3.200000 3.850000 2.515113
-3.200000 3.900000 2.521840
-3.200000 3.950000 2.527613
-3.200000 4.000000 2.532179
-3.200000 4.050000 2.535339
-3.200000 4.100000 2.536954
-3.200000 4.150000 2.536954
-3.200000 4.200000 2.535339
-3.200000 4.250000 2.532179
-3.200000 4.300000 2.527613
-3.200000 4.350000 2.521840
-3.200000 4.400000 2.515113
-3.200000 4.450000 2.507725
-3.200000 4.500000 2.500000
-3.200000 4.550000 2.492275
-3.200000 4.600000 2.484887
-3.200000 4.650000 2.478160
-3.200000 4.700000 2.472387
-3.200000 4.750000 2.467821
-3.200000 4.800000 2.464661
-3.200000 4.850000 2.463046
-3.200000 4.900000 2.463046
-3.200000 4.950000 2.464661
-3.200000 5.000000 2.467821
-3.200000 5.050000 2.472387
-3.200000 5.100000 2.478160
-3.200000 5.150000 2.484887
-3.200000 5.200000 2.492275
-3.200000 5.250000 2.500000
-3.200000 5.300000 2.507725
-3.200000 5.350000 2.515113
-3.200000 5.400000 2.521840
-3.200000 5.450000 2.527613
-3.200000 5.500000 2.532179
-3.200000 5.550000 2.535339
-3.200000 5.600000 2.536954
-3.200000 5.650000 2.536954
-3.200000 5.700000 2.535339
-3.200000 5.750000 2.532179
-3.200000 5.800000 2.527613
-3.200000 5.850000 2.521840
-3.200000 5.900000 2.515113
-3.200000 5.950000 2.507725
-3.200000 6.000000 2.500000
-3.150000 0.000000 2.500000
-3.150000 0.050000 2.493890
-3.150000 0.100000 2.488046
-3.150000 0.150000 2.482725
-3.150000 0.200000 2.478160
-3.150000 0.250000 2.474548
-3.150000 0.300000 2.472049
-3.150000 0.350000 2.470772
-3.150000 0.400000 2.470772
-3.150000 0.450000 2.472049
-3.150000 0.500000 2.474548
-3.150000 0.550000 2.478160
-3.150000 0.600000 2.482725
-3.150000 0.650000 2.488046
-3.150000 0.700000 2.493890
-3.150000 0.750000 2.500000
-3.150000 0.800000 2.506110
-3.150000 0.850000 2.511954
-3.150000 0.900000 2.517275
-3.150000 0.950000 2.521840
-3.150000 1.000000 2.525452
-3.150000 1.050000 2.527951
-3.150000 1.100000 2.529228
-3.150000 1.150000 2.529228
-3.150000 1.200000 2.527951
-3.150000 1.250000 2.525452
-3.150000 1.300000 2.521840
-3.150000 1.350000 2.517275
-3.150000 1.400000 2.511954
-3.150000 1.450000 2.506110
-3.150000 1.500000 2.500000
-3.150000 1.550000 2.493890
-3.150000 1.600000 2.488046
-3.150000 1.650000 2.482725
-3.150000 1.700000 2.478160
-3.150000 1.750000 2.474548
-3.150000 1.800000 2.472049
-3.150000 1.850000 2.470772
-3.150000 1.900000 2.470772
-3.150000 1.950000 2.472049
-3.150000 2.000000 2.474548
-3.150000 2.050000 2.478160
-3.150000 2.100000 2.482725
-3.150000 2.150000 2.488046
-3.150000 2.200000 2.493890
-3.150000 2.250000 2.500000
-3.150000 2.300000 2.506110
-3.150000 2.350000 2.511954
-3.150000 2.400000 2.517275
-3.150000 2.450000 2.521840
-3.150000 2.500000 2.525452
-3.150000 2.550000 2.527951
-3.150000 2.600000 2.529228
-3.150000 2.650000 2.529228
-3.150000 2.700000 2.527951
-3.150000 2.750000 2.525452
-3.150000 2.800000 2.521840
-3.150000 2.850000 2.517275
-3.150000 2.900000 2.511954
-3.150000 2.950000 2.506110
-3.150000 3.000000 2.500000
-3.150000 3.050000 2.493890
-3.150000 3.100000 2.488046
-3.150000 3.150000 2.482725
-3.150000 3.200000 2.478160
-3.150000 3.250000 2.474548
-3.150000 3.300000 2.472049
-3.150000 3.350000 2.470772
-3.150000 3.400000 2.470772
-3.150000 3.450000 2.472049
-3.150000 3.500000 2.474548
-3.150000 3.550000 2.478160
-3.150000 3.600000 2.482725
-3.150000 3.650000 2.488046
-3.150000 3.700000 2.493890
-3.150000 3.750000 2.500000
-3.150000 3.800000 2.506110
-3.150000 3.850000 2.511954
-3.150000 3.900000 2.517275
-3.150000 3.950000 2.521840
-3.150000 4.000000 2.525452
-3.150000 4.050000 2.527951
-3.150000 4.100000 2.529228
-3.150000 4.150000 2.529228
-3.150000 4.200000 2.527951
-3.150000 4.250000 2.525452
-3.150000 4.300000 2.521840
-3.150000 4.350000 2.517275
-3.150000 4.400000 2.511954
-3.150000 4.450000 2.506110
-3.150000 4.500000 2.500000
-3.150000 4.550000 2.493890
-3.150000 4.600000 2.488046
-3.150000 4.650000 2.482725
-3.150000 4.700000 2.478160
-3.150000 4.750000 2.474548
-3.150000 4.800000 2.472049
-3.150000 4.850000 2.470772
-3.150000 4.900000 2.470772
-3.150000 4.950000 2.472049
-3.150000 5.000000 2.474548
-3.150000 5.050000 2.478160
-3.150000 5.100000 2.482725
-3.150000 5.150000 2.488046
-3.150000 5.200000 2.493890
-3.150000 5.250000 2.500000
-3.150000 5.300000 2.506110
-3.150000 5.350000 2.511954
-3.150000 5.400000 2.517275
-3.150000 5.450000 2.521840
-3.150000 5.500000 2.525452
-3.150000 5.550000 2.527951
-3.150000 5.600000 2.529228
-3.150000 5.650000 2.529228
-3.150000 5.700000 2.527951
-3.150000 5.750000 2.525452
-3.150000 5.800000 2.521840
-3.150000 5.850000 2.517275
-3.150000 5.900000 2.511954
-3.150000 5.950000 2.506110
-3.150000 6.000000 2.500000
-3.100000 0.000000 2.500000
-3.100000 0.050000 2.495772
-3.100000 0.100000 2.491728
-3.100000 0.150000 2.488046
-3.100000 0.200000 2.484887
-3.100000 0.250000 2.482388
-3.100000 0.300000 2.480659
-3.100000 0.350000 2.479775
-3.100000 0.400000 2.479775
-3.100000 0.450000 2.480659
-3.100000 0.500000 2.482388
-3.100000 0.550000 2.484887
-3.100000 0.600000 2.488046
-3.100000 0.650000 2.491728
-3.100000 0.700000 2.495772
-3.100000 0.750000 2.500000
-3.100000 0.800000 2.504228
-3.100000 0.850000 2.508272
-3.100000 0.900000 2.511954
-3.100000 0.950000 2.515113
-3.100000 1.000000 2.517612
-3.100000 1.050000 2.519341
-3.100000 1.100000 2.520225
-3.100000 1.150000 2.520225
-3.100000 1.200000 2.519341
-3.100000 1.250000 2.517612
-3.100000 1.300000 2.515113
-3.100000 1.350000 2.511954
-3.100000 1.400000 2.508272
-3.100000 1.450000 2.504228
-3.100000 1.500000 2.500000
-3.100000 1.550000 2.495772
-3.100000 1.600000 2.491728
-3.100000 1.650000 2.488046
-3.100000 1.700000 2.484887
-3.100000 1.750000 2.482388
-3.100000 1.800000 2.480659
-3.100000 1.850000 2.479775
-3.100000 1.900000 2.479775
-3.100000 1.950000 2.480659
-3.100000 2.000000 2.482388
-3.100000 2.050000 2.484887
-3.100000 2.100000 2.488046
-3.100000 2.150000 2.491728
-3.100000 2.200000 2.495772
-3.100000 2.250000 2.500000
-3.100000 2.300000 2.504228
-3.100000 2.350000 2.508272
-3.100000 2.400000 2.511954
-3.100000 2.450000 2.515113
-3.100000 2.500000 2.517612
-3.100000 2.550000 2.519341
-3.100000 2.600000 2.520225
-3.100000 2.650000 2.520225
-3.100000 2.700000 2.519341
-3.100000 2.750000 2.517612
-3.100000 2.800000 2.515113
-3.100000 2.850000 2.511954
-3.100000 2.900000 2.508272
-3.100000 2.950000 2.504228
-3.100000 3.000000 2.500000
-3.100000 3.050000 2.495772
-3.100000 3.100000 2.491728
-3.100000 3.150000 2.488046
-3.100000 3.200000 2.484887
-3.100000 3.250000 2.482388
-3.100000 3.300000 2.480659
-3.100000 3.350000 2.479775
-3.100000 3.400000 2.479775
-3.100000 3.450000 2.480659
-3.100000 3.500000 2.482388
-3.100000 3.550000 2.484887
-3.100000 3.600000 2.488046
-3.100000 3.650000 2.491728
-3.100000 3.700000 2.495772
-3.100000 3.750000 2.500000
-3.100000 3.800000 2.504228
-3.100000 3.850000 2.508272
-3.100000 3.900000 2.511954
-3.100000 3.950000 2.515113
-3.100000 4.000000 2.517612
-3.100000 4.050000 2.519341
-3.100000 4.100000 2.520225
-3.100000 4.150000 2.520225
-3.100000 4.200000 2.519341
-3.100000 4.250000 2.517612
-3.100000 4.300000 2.515113
-3.100000 4.350000 2.511954
-3.100000 4.400000 2.508272
-3.100000 4.450000 2.504228
-3.100000 4.500000 2.500000
-3.100000 4.550000 2.495772
-3.100000 4.600000 2.491728
-3.100000 4.650000 2.488046
-3.100000 4.700000 2.484887
-3.100000 4.750000 2.482388
-3.100000 4.800000 2.480659
-3.100000 4.850000 2.479775
-3.100000 4.900000 2.479775
-3.100000 4.950000 2.480659
-3.100000 5.000000 2.482388
-3.100000 5.050000 2.484887
-3.100000 5.100000 2.488046
-3.100000 5.150000 2.491728
-3.100000 5.200000 2.495772
-3.100000 5.250000 2.500000
-3.100000 5.300000 2.504228
-3.100000 5.350000 2.508272
-3.100000 5.400000 2.511954
-3.100000 5.450000 2.515113
-3.100000 5.500000 2.517612
-3.100000 5.550000 2.519341
-3.100000 5.600000 2.520225
-3.100000 5.650000 2.520225
-3.100000 5.700000 2.519341
-3.100000 5.750000 2.517612
-3.100000 5.800000 2.515113
-3.100000 5.850000 2.511954
-3.100000 5.900000 2.508272
-3.100000 5.950000 2.504228
-3.100000 6.000000 2.500000
-3.050000 0.000000 2.500000
-3.050000 0.050000 2.497839
-3.050000 0.100000 2.495772
-3.050000 0.150000 2.493890
-3.050000 0.200000 2.492275
-3.050000 0.250000 2.490997
-3.050000 0.300000 2.490113
-3.050000 0.350000 2.489661
-3.050000 0.400000 2.489661
-3.050000 0.450000 2.490113
-3.050000 0.500000 2.490997
-3.050000 0.550000 2.492275
-3.050000 0.600000 2.493890
-3.050000 0.650000 2.495772
-3.050000 0.700000 2.497839
-3.050000 0.750000 2.500000
-3.050000 0.800000 2.502161
-3.050000 0.850000 2.504228
-3.050000 0.900000 2.506110
-3.050000 0.950000 2.507725
-3.050000 1.000000 2.509003
-3.050000 1.050000 2.509887
-3.050000 1.100000 2.510339
-3.050000 1.150000 2.510339
-3.050000 1.200000 2.509887
-3.050000 1.250000 2.509003
-3.050000 1.300000 2.507725
-3.050000 1.350000 2.506110
-3.050000 1.400000 2.504228
-3.050000 1.450000 2.502161
-3.050000 1.500000 2.500000
-3.050000 1.550000 2.497839
-3.050000 1.600000 2.495772
-3.050000 1.650000 2.493890
-3.050000 1.700000 2.492275
-3.050000 1.750000 2.490997
-3.050000 1.800000 2.490113
-3.050000 1.850000 2.489661
-3.050000 1.900000 2.489661
-3.050000 1.950000 2.490113
-3.050000 2.000000 2.490997
-3.050000 2.050000 2.492275
-3.050000 2.100000 2.493890
-3.050000 2.150000 2.495772
-3.050000 2.200000 2.497839
-3.050000 2.250000 2.500000
-3.050000 2.300000 2.502161
-3.050000 2.350000 2.504228
-3.050000 2.400000 2.506110
-3.050000 2.450000 2.507725
-3.050000 2.500000 2.509003
-3.050000 2.550000 2.509887
-3.050000 2.600000 2.510339
-3.050000 2.650000 2.510339
-3.050000 2.700000 2.509887
-3.050000 2.750000 2.509003
-3.050000 2.800000 2.507725
-3.050000 2.850000 2.506110
-3.050000 2.900000 2.504228
-3.050000 2.950000 2.502161
-3.050000 3.000000 2.500000
-3.050000 3.050000 2.497839
-3.050000 3.100000 2.495772
-3.050000 3.150000 2.493890
-3.050000 3.200000 2.492275
-3.050000 3.250000 2.490997
-3.050000 3.300000 2.490113
-3.050000 3.350000 2.489661
-3.050000 3.400000 2.489661
-3.050000 3.450000 2.490113
-3.050000 3.500000 2.490997
-3.050000 3.550000 2.492275
-3.050000 3.600000 2.493890
-3.050000 3.650000 2.495772
-3.050000 3.700000 2.497839
-3.050000 3.750000 2.500000
-3.050000 3.800000 2.502161
-3.050000 3.850000 2.504228
-3.050000 3.900000 2.506110
-3.050000 3.950000 2.507725
-3.050000 4.000000 2.509003
-3.050000 4.050000 2.509887
-3.050000 4.100000 2.510339
-3.050000 4.150000 2.510339
-3.050000 4.200000 2.509887
-3.050000 4.250000 2.509003
-3.050000 4.300000 2.507725
-3.050000 4.350000 2.506110
-3.050000 4.400000 2.504228
-3.050000 4.450000 2.502161
-3.050000 4.500000 2.500000
-3.050000 4.550000 2.497839
-3.050000 4.600000 2.495772
-3.050000 4.650000 2.493890
-3.050000 4.700000 2.492275
-3.050000 4.750000 2.490997
-3.050000 4.800000 2.490113
-3.050000 4.850000 2.489661
-3.050000 4.900000 2.489661
-3.050000 4.950000 2.490113
-3.050000 5.000000 2.490997
-3.050000 5.050000 2.492275
-3.050000 5.100000 2.493890
-3.050000 5.150000 2.495772
-3.050000 5.200000 2.497839
-3.050000 5.250000 2.500000
-3.050000 5.300000 2.502161
-3.050000 5.350000 2.504228
-3.050000 5.400000 2.506110
-3.050000 5.450000 2.507725
-3.050000 5.500000 2.509003
-3.050000 5.550000 2.509887
-3.050000 5.600000 2.510339
-3.050000 5.650000 2.510339
-3.050000 5.700000 2.509887
-3.050000 5.750000 2.509003
-3.050000 5.800000 2.507725
-3.050000 5.850000 2.506110
-3.050000 5.900000 2.504228
-3.050000 5.950000 2.502161
-3.050000 6.000000 2.500000
-3.000000 0.000000 2.500000
-3.000000 0.050000 2.500000
-3.000000 0.100000 2.500000
-3.000000 0.150000 2.500000
-3.000000 0.200000 2.500000
-3.000000 0.250000 2.500000
-3.000000 0.300000 2.500000
-3.000000 0.350000 2.500000
-3.000000 0.400000 2.500000
-3.000000 0.450000 2.500000
-3.000000 0.500000 2.500000
-3.000000 0.550000 2.500000
-3.000000 0.600000 2.500000
-3.000000 0.650000 2.500000
-3.000000 0.700000 2.500000
-3.000000 0.750000 2.500000
-3.000000 0.800000 2.500000
-3.000000 0.850000 2.500000
-3.000000 0.900000 2.500000
-3.000000 0.950000 2.500000
-3.000000 1.000000 2.500000
-3.000000 1.050000 2.500000
-3.000000 1.100000 2.500000
-3.000000 1.150000 2.500000
-3.000000 1.200000 2.500000
-3.000000 1.250000 2.500000
-3.000000 1.300000 2.500000
-3.000000 1.350000 2.500000
-3.000000 1.400000 2.500000
-3.000000 1.450000 2.500000
-3.000000 1.500000 2.500000
-3.000000 1.550000 2.500000
-3.000000 1.600000 2.500000
-3.000000 1.650000 2.500000
-3.000000 1.700000 2.500000
-3.000000 1.750000 2.500000
-3.000000 1.800000 2.500000
-3.000000 1.850000 2.500000
-3.000000 1.900000 2.500000
-3.000000 1.950000 2.500000
-3.000000 2.000000 2.500000
-3.000000 2.050000 2.500000
-3.000000 2.100000 2.500000
-3.000000 2.150000 2.500000
-3.000000 2.200000 2.500000
-3.000000 2.250000 2.500000
-3.000000 2.300000 2.500000
-3.000000 2.350000 2.500000
-3.000000 2.400000 2.500000
-3.000000 2.450000 2.500000
-3.000000 2.500000 2.500000
-3.000000 2.550000 2.500000
-3.000000 2.600000 2.500000
-3.000000 2.650000 2.500000
-3.000000 2.700000 2.500000
-3.000000 2.750000 2.500000
-3.000000 2.800000 2.500000
-3.000000 2.850000 2.500000
-3.000000 2.900000 2.500000
-3.000000 2.950000 2.500000
-3.000000 3.000000 2.500000
-3.000000 3.050000 2.500000
-3.000000 3.100000 2.500000
-3.000000 3.150000 2.500000
-3.000000 3.200000 2.500000
-3.000000 3.250000 2.500000
-3.000000 3.300000 2.500000
-3.000000 3.350000 2.500000
-3.000000 3.400000 2.500000
-3.000000 3.450000 2.500000
-3.000000 3.500000 2.500000
-3.000000 3.550000 2.500000
-3.000000 3.600000 2.500000
-3.000000 3.650000 2.500000
-3.000000 3.700000 2.500000
-3.000000 3.750000 2.500000
-3.000000 3.800000 2.500000
-3.000000 3.850000 2.500000
-3.000000 3.900000 2.500000
-3.000000 3.950000 2.500000
-3.000000 4.000000 2.500000
-3.000000 4.050000 2.500000
-3.000000 4.100000 2.500000
-3.000000 4.150000 2.500000
-3.000000 4.200000 2.500000
-3.000000 4.250000 2.500000
-3.000000 4.300000 2.500000
-3.000000 4.350000 2.500000
-3.000000 4.400000 2.500000
-3.000000 4.450000 2.500000
-3.000000 4.500000 2.500000
-3.000000 4.550000 2.500000
-3.000000 4.600000 2.500000
-3.000000 4.650000 2.500000
-3.000000 4.700000 2.500000
-3.000000 4.750000 2.500000
-3.000000 4.800000 2.500000
-3.000000 4.850000 2.500000
-3.000000 4.900000 2.500000
-3.000000 4.950000 2.500000
-3.000000 5.000000 2.500000
-3.000000 5.050000 2.500000
-3.000000 5.100000 2.500000
-3.000000 5.150000 2.500000
-3.000000 5.200000 2.500000
-3.000000 5.250000 2.500000
-3.000000 5.300000 2.500000
-3.000000 5.350000 2.500000
-3.000000 5.400000 2.500000
-3.000000 5.450000 2.500000
-3.000000 5.500000 2.500000
-3.000000 5.550000 2.500000
-3.000000 5.600000 2.500000
-3.000000 5.650000 2.500000
-3.000000 5.700000 2.500000
-3.000000 5.750000 2.500000
-3.000000 5.800000 2.500000
-3.000000 5.850000 2.500000
-3.000000 5.900000 2.500000
-3.000000 5.950000 2.500000
-3.000000 6.000000 2.500000
-2.950000 0.000000 2.500000
-2.950000 0.050000 2.502161
-2.950000 0.100000 2.504228
-2.950000 0.150000 2.506110
-2.950000 0.200000 2.507725
-2.950000 0.250000 2.509003
-2.950000 0.300000 2.509887
-2.950000 0.350000 2.510339
-2.950000 0.400000 2.510339
-2.950000 0.450000 2.509887
-2.950000 0.500000 2.509003
-2.950000 0.550000 2.507725
-2.950000 0.600000 2.506110
-2.950000 0.650000 2.504228
-2.950000 0.700000 2.502161
-2.950000 0.750000 2.500000
-2.950000 0.800000 2.497839
-2.950000 0.850000 2.495772
-2.950000 0.900000 2.493890
-2.950000 0.950000 2.492275
-2.950000 1.000000 2.490997
-2.950000 1.050000 2.490113
-2.950000 1.100000 2.489661
-2.950000 1.150000 2.489661
-2.950000 1.200000 2.490113
-2.950000 1.250000 2.490997
-2.950000 1.300000 2.492275
-2.950000 1.350000 2.493890
-2.950000 1.400000 2.495772
-2.950000 1.450000 2.497839
-2.950000 1.500000 2.500000
-2.950000 1.550000 2.502161
-2.950000 1.600000 2.504228
-2.950000 1.650000 2.506110
-2.950000 1.700000 2.507725
-2.950000 1.750000 2.509003
-2.950000 1.800000 2.509887
-2.950000 1.850000 2.510339
-2.950000 1.900000 2.510339
-2.950000 1.950000 2.509887
-2.950000 2.000000 2.509003
-2.950000 2.050000 2.507725
-2.950000 2.100000 2.506110
-2.950000 2.150000 2.504228
-2.950000 2.200000 2.502161
-2.950000 2.250000 2.500000
-2.950000 2.300000 2.497839
-2.950000 2.350000 2.495772
-2.950000 2.400000 2.493890
-2.950000 2.450000 2.492275
-2.950000 2.500000 2.490997
-2.950000 2.550000 2.490113
-2.950000 2.600000 2.489661
-2.950000 2.650000 2.489661
-2.950000 2.700000 2.490113
-2.950000 2.750000 2.490997
-2.950000 2.800000 2.492275
-2.950000 2.850000 2.493890
-2.950000 2.900000 2.495772
-2.950000 2.950000 2.497839
-2.950000 3.000000 2.500000
-2.950000 3.050000 2.502161
-2.950000 3.100000 2.504228
-2.950000 3.150000 2.506110
-2.950000 3.200000 2.507725
-2.950000 3.250000 2.509003
-2.950000 3.300000 2.509887
-2.950000 3.350000 2.510339
-2.950000 3.400000 2.510339
-2.950000 3.450000 2.509887
-2.950000 3.500000 2.509003
-2.950000 3.550000 2.507725
-2.950000 3.600000 2.506110
-2.950000 3.650000 2.504228
-2.950000 3.700000 2.502161
-2.950000 3.750000 2.500000
-2.950000 3.800000 2.497839
-2.950000 3.850000 2.495772
-2.950000 3.900000 2.493890
-2.950000 3.950000 2.492275
-2.950000 4.000000 2.490997
-2.950000 4.050000 2.490113
-2.950000 4.100000 2.489661
-2.950000 4.150000 2.489661
-2.950000 4.200000 2.490113
-2.950000 4.250000 2.490997
-2.950000 4.300000 2.492275
-2.950000 4.350000 2.493890
-2.950000 4.400000 2.495772
-2.950000 4.450000 2.497839
-2.950000 4.500000 2.500000
-2.950000 4.550000 2.502161
-2.950000 4.600000 2.504228
-2.950000 4.650000 2.506110
-2.950000 4.700000 2.507725
-2.950000 4.750000 2.509003
-2.950000 4.800000 2.509887
-2.950000 4.850000 2.510339
-2.950000 4.900000 2.510339
-2.950000 4.950000 2.509887
-2.950000 5.000000 2.509003
-2.950000 5.050000 2.507725
-2.950000 5.100000 2.506110
-2.950000 5.150000 2.504228
-2.950000 5.200000 2.502161
-2.950000 5.250000 2.500000
-2.950000 5.300000 2.497839
-2.950000 5.350000 2.495772
-2.950000 5.400000 2.493890
-2.950000 5.450000 2.492275
-2.950000 5.500000 2.490997
-2.950000 5.550000 2.490113
-2.950000 5.600000 2.489661
-2.950000 5.650000 2.489661
-2.950000 5.700000 2.490113
-2.950000 5.750000 2.490997
-2.950000 5.800000 2.492275
-2.950000 5.850000 2.493890
-2.950000 5.900000 2.495772
-2.950000 5.950000 2.497839
-2.950000 6.000000 2.500000
-2.900000 0.000000 2.500000
-2.900000 0.050000 2.504228
-2.900000 0.100000 2.508272
-2.900000 0.150000 2.511954
-2.900000 0.200000 2.515113
-2.900000 0.250000 2.517612
-2.900000 0.300000 2.519341
-2.900000 0.350000 2.520225
-2.900000 0.400000 2.520225
-2.900000 0.450000 2.519341
-2.900000 0.500000 2.517612
-2.900000 0.550000 2.515113
-2.900000 0.600000 2.511954
-2.900000 0.650000 2.508272
-2.900000 0.700000 2.504228
-2.900000 0.750000 2.500000
-2.900000 0.800000 2.495772
-2.900000 0.850000 2.491728
-2.900000 0.900000 2.488046
-2.900000 0.950000 2.484887
-2.900000 1.000000 2.482388
-2.900000 1.050000 2.480659
-2.900000 1.100000 2.479775
-2.900000 1.150000 2.479775
-2.900000 1.200000 2.480659
-2.900000 1.250000 2.482388
-2.900000 1.300000 2.484887
-2.900000 1.350000 2.488046
-2.900000 1.400000 2.491728
-2.900000 1.450000 2.495772
-2.900000 1.500000 2.500000
-2.900000 1.550000 2.504228
-2.900000 1.600000 2.508272
-2.900000 1.650000 2.511954
-2.900000 1.700000 2.515113
-2.900000 1.750000 2.517612
-2.900000 1.800000 2.519341
-2.900000 1.850000 2.520225
-2.900000 1.900000 2.520225
-2.900000 1.950000 2.519341
-2.900000 2.000000 2.517612
-2.900000 2.050000 2.515113
-2.900000 2.100000 2.511954
-2.900000 2.150000 2.508272
-2.900000 2.200000 2.504228
-2.900000 2.250000 2.500000
-2.900000 2.300000 2.495772
-2.900000 2.350000 2.491728
-2.900000 2.400000 2.488046
-2.900000 2.450000 2.484887
-2.900000 2.500000 2.482388
-2.900000 2.550000 2.480659
-2.900000 2.600000 2.479775
-2.900000 2.650000 2.479775
-2.900000 2.700000 2.480659
-2.900000 2.750000 2.482388
-2.900000 2.800000 2.484887
-2.900000 2.850000 2.488046
-2.900000 2.900000 2.491728
-2.900000 2.950000 2.495772
-2.900000 3.000000 2.500000
-2.900000 3.050000 2.504228
-2.900000 3.100000 2.508272
-2.900000 3.150000 2.511954
-2.900000 3.200000 2.515113
-2.900000 3.250000 2.517612
-2.900000 3.300000 2.519341
-2.900000 3.350000 2.520225
-2.900000 3.400000 2.520225
-2.900000 3.450000 2.519341
-2.900000 3.500000 2.517612
-2.900000 3.550000 2.515113
-2.900000 3.600000 2.511954
-2.900000 3.650000 2.508272
-2.900000 3.700000 2.504228
-2.900000 3.750000 2.500000
-2.900000 3.800000 2.495772
-2.900000 3.850000 2.491728
-2.900000 3.900000 2.488046
-2.900000 3.950000 2.484887
-2.900000 4.000000 2.482388
-2.900000 4.050000 2.480659
-2.900000 4.100000 2.479775
-2.900000 4.150000 2.479775
-2.900000 4.200000 2.480659
-2.900000 4.250000 2.482388
-2.900000 4.300000 2.484887
-2.900000 4.350000 2.488046
-2.900000 4.400000 2.491728
-2.900000 4.450000 2.495772
-2.900000 4.500000 2.500000
-2.900000 4.550000 2.504228
-2.900000 4.600000 2.508272
-2.900000 4.650000 2.511954
-2.900000 4.700000 2.515113
-2.900000 4.750000 2.517612
-2.900000 4.800000 2.519341
-2.900000 4.850000 2.520225
-2.900000 4.900000 2.520225
-2.900000 4.950000 2.519341
-2.900000 5.000000 2.517612
-2.900000 5.050000 2.515113
-2.900000 5.100000 2.511954
-2.900000 5.150000 2.508272
-2.900000 5.200000 2.504228
-2.900000 5.250000 2.500000
-2.900000 5.300000 2.495772
-2.900000 5.350000 2.491728
-2.900000 5.400000 2.488046
-2.900000 5.450000 2.484887
-2.900000 5.500000 2.482388
-2.900000 5.550000 2.480659
-2.900000 5.600000 2.479775
-2.900000 5.650000 2.479775
-2.900000 5.700000 2.480659
-2.900000 5.750000 2.482388
-2.900000 5.800000 2.484887
-2.900000 5.850000 2.488046
-2.900000 5.900000 2.491728
-2.900000 5.950000 2.495772
-2.900000 6.000000 2.500000
-2.850000 0.000000 2.500000
-2.850000 0.050000 2.506110
-2.850000 0.100000 2.511954
-2.850000 0.150000 2.517275
-2.850000 0.200000 2.521840
-2.850000 0.250000 2.525452
-2.850000 0.300000 2.527951
-2.850000 0.350000 2.529228
-2.850000 0.400000 2.529228
-2.850000 0.450000 2.527951
-2.850000 0.500000 2.525452
-2.850000 0.550000 2.521840
-2.850000 0.600000 2.517275
-2.850000 0.650000 2.511954
-2.850000 0.700000 2.506110
-2.850000 0.750000 2.500000
-2.850000 0.800000 2.493890
-2.850000 0.850000 2.488046
-2.850000 0.900000 2.482725
-2.850000 0.950000 2.478160
-2.850000 1.000000 2.474548
-2.850000 1.050000 2.472049
-2.850000 1.100000 2.470772
-2.850000 1.150000 2.470772
-2.850000 1.200000 2.472049
-2.850000 1.250000 2.474548
-2.850000 1.300000 2.478160
-2.850000 1.350000 2.482725
-2.850000 1.400000 2.488046
-2.850000 1.450000 2.493890
-2.850000 1.500000 2.500000
-2.850000 1.550000 2.506110
-2.850000 1.600000 2.511954
-2.850000 1.650000 2.517275
-2.850000 1.700000 2.521840
-2.850000 1.750000 2.525452
-2.850000 1.800000 2.527951
-2.850000 1.850000 2.529228
-2.850000 1.900000 2.529228
-2.850000 1.950000 2.527951
-2.850000 2.000000 2.525452
-2.850000 2.050000 2.521840
-2.850000 2.100000 2.517275
-2.850000 2.150000 2.511954
-2.850000 2.200000 2.506110
-2.850000 2.250000 2.500000
-2.850000 2.300000 2.493890
-2.850000 2.350000 2.488046
-2.850000 2.400000 2.482725
-2.850000 2.450000 2.478160
-2.850000 2.500000 2.474548
-2.850000 2.550000 2.472049
-2.850000 2.600000 2.470772
-2.850000 2.650000 2.470772
-2.850000 2.700000 2.472049
-2.850000 2.750000 2.474548
-2.850000 2.800000 2.478160
-2.850000 2.850000 2.482725
-2.850000 2.900000 2.488046
-2.850000 2.950000 2.493890
-2.850000 3.000000 2.500000
-2.850000 3.050000 2.506110
-2.850000 3.100000 2.511954
-2.850000 3.150000 2.517275
-2.850000 3.200000 2.521840
-2.850000 3.250000 2.525452
-2.850000 3.300000 2.527951
-2.850000 3.350000 2.529228
-2.850000 3.400000 2.529228
-2.850000 3.450000 2.527951
-2.850000 3.500000 2.525452
-2.850000 3.550000 2.521840
-2.850000 3.600000 2.517275
-2.850000 3.650000 2.511954
-2.850000 3.700000 2.506110
-2.850000 3.750000 2.500000
-2.850000 3.800000 2.493890
-2.850000 3.850000 2.488046
-2.850000 3.900000 2.482725
-2.850000 3.950000 2.478160
-2.850000 4.000000 2.474548
-2.850000 4.050000 2.472049
-2.850000 4.100000 2.470772
-2.850000 4.150000 2.470772
-2.850000 4.200000 2.472049
-2.850000 4.250000 2.474548
-2.850000 4.300000 2.478160
-2.850000 4.350000 2.482725
-2.850000 4.400000 2.488046
-2.850000 4.450000 2.493890
-2.850000 4.500000 2.500000
-2.850000 4.550000 2.506110
-2.850000 4.600000 2.511954
-2.850000 4.650000 2.517275
-2.850000 4.700000 2.521840
-2.850000 4.750000 2.525452
-2.850000 4.800000 2.527951
-2.850000 4.850000 2.529228
-2.850000 4.900000 2.529228
-2.850000 4.950000 2.527951
-2.850000 5.000000 2.525452
-2.850000 5.050000 2.521840
-2.850000 5.100000 2.517275
-2.850000 5.150000 2.511954
-2.850000 5.200000 2.506110
-2.850000 5.250000 2.500000
-2.850000 5.300000 2.493890
-2.850000 5.350000 2.488046
-2.850000 5.400000 2.482725
-2.850000 5.450000 2.478160
-2.850000 5.500000 2.474548
-2.850000 5.550000 2.472049
-2.850000 5.600000 2.470772
-2.850000 5.650000 2.470772
-2.850000 5.700000 2.472049
-2.850000 5.750000 2.474548
-2.850000 5.800000 2.478160
-2.850000 5.850000 2.482725
-2.850000 5.900000 2.488046
-2.850000 5.950000 2.493890
-2.850000 6.000000 2.500000
-2.800000 0.000000 2.500000
-2.800000 0.050000 2.507725
-2.800000 0.100000 2.515113
-2.800000 0.150000 2.521840
-2.800000 0.200000 2.527613
-2.800000 0.250000 2.532179
-2.800000 0.300000 2.535339
-2.800000 0.350000 2.536954
-2.800000 0.400000 2.536954
-2.800000 0.450000 2.535339
-2.800000 0.500000 2.532179
-2.800000 0.550000 2.527613
-2.800000 0.600000 2.521840
-2.800000 0.650000 2.515113
-2.800000 0.700000 2.507725
-2.800000 0.750000 2.500000
-2.800000 0.800000 2.492275
-2.800000 0.850000 2.484887
-2.800000 0.900000 2.478160
-2.800000 0.950000 2.472387
-2.800000 1.000000 2.467821
-2.800000 1.050000 2.464661
-2.800000 1.100000 2.463046
-2.800000 1.150000 2.463046
-2.800000 1.200000 2.464661
-2.800000 1.250000 2.467821
-2.800000 1.300000 2.472387
-2.800000 1.350000 2.478160
-2.800000 1.400000 2.484887
-2.800000 1.450000 2.492275
-2.800000 1.500000 2.500000
-2.800000 1.550000 2.507725
-2.800000 1.600000 2.515113
-2.800000 1.650000 2.521840
-2.800000 1.700000 2.527613
-2.800000 1.750000 2.532179
-2.800000 1.800000 2.535339
-2.800000 1.850000 2.536954
-2.800000 1.900000 2.536954
-2.800000 1.950000 2.535339
-2.800000 2.000000 2.532179
-2.800000 2.050000 2.527613
-2.800000 2.100000 2.521840
-2.800000 2.150000 2.515113
-2.800000 2.200000 2.507725
-2.800000 2.250000 2.500000
-2.800000 2.300000 2.492275
-2.800000 2.350000 2.484887
-2.800000 2.400000 2.478160
-2.800000 2.450000 2.472387
-2.800000 2.500000 2.467821
-2.800000 2.550000 2.464661
-2.800000 2.600000 2.463046
-2.800000 2.650000 2.463046
-2.800000 2.700000 2.464661
-2.800000 2.750000 2.467821
-2.800000 2.800000 2.472387
-2.800000 2.850000 2.478160
-2.800000 2.900000 2.484887
-2.800000 2.950000 2.492275
-2.800000 3.000000 2.500000
-2.800000 3.050000 2.507725
-2.800000 3.100000 2.515113
-2.800000 3.150000 2.521840
-2.800000 3.200000 2.527613
-2.800000 3.250000 2.532179
-2.800000 3.300000 2.535339
-2.800000 3.350000 2.536954
-2.800000 3.400000 2.536954
-2.800000 3.450000 2.535339
-2.800000 3.500000 2.532179
-2.800000 3.550000 2.527613
-2.800000 3.600000 2.521840
-2.800000 3.650000 2.515113
-2.800000 3.700000 2.507725
-2.800000 3.750000 2.500000
-2.800000 3.800000 2.492275
-2.800000 3.850000 2.484887
-2.800000 3.900000 2.478160
-2.800000 3.950000 2.472387
-2.800000 4.000000 2.467821
-2.800000 4.050000 2.464661
-2.800000 4.100000 2.463046
-2.800000 4.150000 2.463046
-2.800000 4.200000 2.464661
-2.800000 4.250000 2.467821
-2.800000 4.300000 2.472387
-2.800000 4.350000 2.478160
-2.800000 4.400000 2.484887
-2.800000 4.450000 2.492275
-2.800000 4.500000 2.500000
-2.800000 4.550000 2.507725
-2.800000 4.600000 2.515113
-2.800000 4.650000 2.521840
-2.800000 4.700000 2.527613
-2.800000 4.750000 2.532179
-2.800000 4.800000 2.535339
-2.800000 4.850000 2.536954
-2.800000 4.900000 2.536954
-2.800000 4.950000 2.535339
-2.800000 5.000000 2.532179
-2.800000 5.050000 2.527613
-2.800000 5.100000 2.521840
-2.800000 5.150000 2.515113
-2.800000 5.200000 2.507725
-2.800000 5.250000 2.500000
-2.800000 5.300000 2.492275
-2.800000 5.350000 2.484887
-2.800000 5.400000 2.478160
-2.800000 5.450000 2.472387
-2.800000 5.500000 2.467821
-2.800000 5.550000 2.464661
-2.800000 5.600000 2.463046
-2.800000 5.650000 2.463046
-2.800000 5.700000 2.464661
-2.800000 5.750000 2.467821
-2.800000 5.800000 2.472387
-2.800000 5.850000 2.478160
-2.800000 5.900000 2.484887
-2.800000 5.950000 2.492275
-2.800000 6.000000 2.500000
-2.750000 0.000000 2.500000
-2.750000 0.050000 2.509003
-2.750000 0.100000 2.517612
-2.750000 0.150000 2.525452
-2.750000 0.200000 2.532179
-2.750000 0.250000 2.537500
-2.750000 0.300000 2.541182
-2.750000 0.350000 2.543064
-2.750000 0.400000 2.543064
-2.750000 0.450000 2.541182
-2.750000 0.500000 2.537500
-2.750000 0.550000 2.532179
-2.750000 0.600000 2.525452
-2.750000 0.650000 2.517612
-2.750000 0.700000 2.509003
-2.750000 0.750000 2.500000
-2.750000 0.800000 2.490997
-2.750000 0.850000 2.482388
-2.750000 0.900000 2.474548
-2.750000 0.950000 2.467821
-2.750000 1.000000 2.462500
-2.750000 1.050000 2.458818
-2.750000 1.100000 2.456936
-2.750000 1.150000 2.456936
-2.750000 1.200000 2.458818
-2.750000 1.250000 2.462500
-2.750000 1.300000 2.467821
-2.750000 1.350000 2.474548
-2.750000 1.400000 2.482388
-2.750000 1.450000 2.490997
-2.750000 1.500000 2.500000
-2.750000 1.550000 2.509003
-2.750000 1.600000 2.517612
-2.750000 1.650000 2.525452
-2.750000 1.700000 2.532179
-2.750000 1.750000 2.537500
-2.750000 1.800000 2.541182
-2.750000 1.850000 2.543064
-2.750000 1.900000 2.543064
-2.750000 1.950000 2.541182
-2.750000 2.000000 2.537500
-2.750000 2.050000 2.532179
-2.750000 2.100000 2.525452
-2.750000 2.150000 2.517612
-2.750000 2.200000 2.509003
-2.750000 2.250000 2.500000
-2.750000 2.300000 2.490997
-2.750000 2.350000 2.482388
-2.750000 2.400000 2.474548
-2.750000 2.450000 2.467821
-2.750000 2.500000 2.462500
-2.750000 2.550000 2.458818
-2.750000 2.600000 2.456936
-2.750000 2.650000 2.456936
-2.750000 2.700000 2.458818
-2.750000 2.750000 2.462500
-2.750000 2.800000 2.467821
-2.750000 2.850000 2.474548
-2.750000 2.900000 2.482388
-2.750000 2.950000 2.490997
-2.750000 3.000000 2.500000
-2.750000 3.050000 2.509003
-2.750000 3.100000 2.517612
-2.750000 3.150000 2.525452
-2.750000 3.200000 2.532179
-2.750000 3.250000 2.537500
-2.750000 3.300000 2.541182
-2.750000 3.350000 2.543064
-2.750000 3.400000 2.543064
-2.750000 3.450000 2.541182
-2.750000 3.500000 2.537500
-2.750000 3.550000 2.532179
-2.750000 3.600000 2.525452
-2.750000 3.650000 2.517612
-2.750000 3.700000 2.509003
-2.750000 3.750000 2.500000
-2.750000 3.800000 2.490997
-2.750000 3.850000 2.482388
-2.750000 3.900000 2.474548
-2.750000 3.950000 2.467821
-2.750000 4.000000 2.462500
-2.750000 4.050000 2.458818
-2.750000 4.100000 2.456936
-2.750000 4.150000 2.456936
-2.750000 4.200000 2.458818
-2.750000 4.250000 2.462500
-2.750000 4.300000 2.467821
-2.750000 4.350000 2.474548
-2.750000 4.400000 2.482388
-2.750000 4.450000 2.490997
-2.750000 4.500000 2.500000
-2.750000 4.550000 2.509003
-2.750000 4.600000 2.517612
-2.750000 4.650000 2.525452
-2.750000 4.700000 2.532179
-2.750000 4.750000 2.537500
-2.750000 4.800000 2.541182
-2.750000 4.850000 2.543064
-2.750000 4.900000 2.543064
-2.750000 4.950000 2.541182
-2.750000 5.000000 2.537500
-2.750000 5.050000 2.532179
-2.750000 5.100000 2.525452
-2.750000 5.150000 2.517612
-2.750000 5.200000 2.509003
-2.750000 5.250000 2.500000
-2.750000 5.300000 2.490997
-2.750000 5.350000 2.482388
-2.750000 5.400000 2.474548
-2.750000 5.450000 2.467821
-2.750000 5.500000 2.462500
-2.750000 5.550000 2.458818
-2.750000 5.600000 2.456936
-2.750000 5.650000 2.456936
-2.750000 5.700000 2.458818
-2.750000 5.750000 2.462500
-2.750000 5.800000 2.467821
-2.750000 5.850000 2.474548
-2.750000 5.900000 2.482388
-2.750000 5.950000 2.490997
-2.750000 6.000000 2.500000
-2.700000 0.000000 2.500000
-2.700000 0.050000 2.509887
-2.700000 0.100000 2.519341
-2.700000 0.150000 2.527951
-2.700000 0.200000 2.535339
-2.700000 0.250000 2.541182
-2.700000 0.300000 2.545225
-2.700000 0.350000 2.547292
-2.700000 0.400000 2.547292
-2.700000 0.450000 2.545225
-2.700000 0.500000 2.541182
-2.700000 0.550000 2.535339
-2.700000 0.600000 2.527951
-2.700000 0.650000 2.519341
-2.700000 0.700000 2.509887
-2.700000 0.750000 2.500000
-2.700000 0.800000 2.490113
-2.700000 0.850000 2.480659
-2.700000 0.900000 2.472049
-2.700000 0.950000 2.464661
-2.700000 1.000000 2.458818
-2.700000 1.050000 2.454775
-2.700000 1.100000 2.452708
-2.700000 1.150000 2.452708
-2.700000 1.200000 2.454775
-2.700000 1.250000 2.458818
-2.700000 1.300000 2.464661
-2.700000 1.350000 2.472049
-2.700000 1.400000 2.480659
-2.700000 1.450000 2.490113
-2.700000 1.500000 2.500000
-2.700000 1.550000 2.509887
-2.700000 1.600000 2.519341
-2.700000 1.650000 2.527951
-2.700000 1.700000 2.535339
-2.700000 1.750000 2.541182
-2.700000 1.800000 2.545225
-2.700000 1.850000 2.547292
-2.700000 1.900000 2.547292
-2.700000 1.950000 2.545225
-2.700000 2.000000 2.541182
-2.700000 2.050000 2.535339
-2.700000 2.100000 2.527951
-2.700000 2.150000 2.519341
-2.700000 2.200000 2.509887
-2.700000 2.250000 2.500000
-2.700000 2.300000 2.490113
-2.700000 2.350000 2.480659
-2.700000 2.400000 2.472049
-2.700000 2.450000 2.464661
-2.700000 2.500000 2.458818
-2.700000 2.550000 2.454775
-2.700000 2.600000 2.452708
-2.700000 2.650000 2.452708
-2.700000 2.700000 2.454775
-2.700000 2.750000 2.458818
-2.700000 2.800000 2.464661
-2.700000 2.850000 2.472049
-2.700000 2.900000 2.480659
-2.700000 2.950000 2.490113
-2.700000 3.000000 2.500000
-2.700000 3.050000 2.509887
-2.700000 3.100000 2.519341
-2.700000 3.150000 2.527951
-2.700000 3.200000 2.535339
-2.700000 3.250000 2.541182
-2.700000 3.300000 2.545225
-2.700000 3.350000 2.547292
-2.700000 3.400000 2.547292
-2.700000 3.450000 2.545225
-2.700000 3.500000 2.541182
-2.700000 3.550000 2.535339
-2.700000 3.600000 2.527951
-2.700000 3.650000 2.519341
-2.700000 3.700000 2.509887
-2.700000 3.750000 2.500000
-2.700000 3.800000 2.490113
-2.700000 3.850000 2.480659
-2.700000 3.900000 2.472049
-2.700000 3.950000 2.464661
-2.700000 4.000000 2.458818
-2.700000 4.050000 2.454775
-2.700000 4.100000 2.452708
-2.700000 4.150000 2.452708
-2.700000 4.200000 2.454775
-2.700000 4.250000 2.458818
-2.700000 4.300000 2.464661
-2.700000 4.350000 2.472049
-2.700000 4.400000 2.480659
-2.700000 4.450000 2.490113
-2.700000 4.500000 2.500000
-2.700000 4.550000 2.509887
-2.700000 4.600000 2.519341
-2.700000 4.650000 2.527951
-2.700000 4.700000 2.535339
-2.700000 4.750000 2.541182
-2.700000 4.800000 2.545225
-2.700000 4.850000 2.547292
-2.700000 4.900000 2.547292
-2.700000 4.950000 2.545225
-2.700000 5.000000 2.541182
-2.700000 5.050000 2.535339
-2.700000 5.100000 2.527951
-2.700000 5.150000 2.519341
-2.700000 5.200000 2.509887
-2.700000 5.250000 2.500000
-2.700000 5.300000 2.490113
-2.700000 5.350000 2.480659
-2.700000 5.400000 2.472049
-2.700000 5.450000 2.464661
-2.700000 5.500000 2.458818
-2.700000 5.550000 2.454775
-2.700000 5.600000 2.452708
-2.700000 5.650000 2.452708
-2.700000 5.700000 2.454775
-2.700000 5.750000 2.458818
-2.700000 5.800000 2.464661
-2.700000 5.850000 2.472049
-2.700000 5.900000 2.480659
-2.700000 5.950000 2.490113
-2.700000 6.000000 2.500000
-2.650000 0.000000 2.500000
-2.650000 0.050000 2.510339
-2.650000 0.100000 2.520225
-2.650000 0.150000 2.529228
-2.650000 0.200000 2.536954
-2.650000 0.250000 2.543064
-2.650000 0.300000 2.547292
-2.650000 0.350000 2.549454
-2.650000 0.400000 2.549454
-2.650000 0.450000 2.547292
-2.650000 0.500000 2.543064
-2.650000 0.550000 2.536954
-2.650000 0.600000 2.529228
-2.650000 0.650000 2.520225
-2.650000 0.700000 2.510339
-2.650000 0.750000 2.500000
-2.650000 0.800000 2.489661
-2.650000 0.850000 2.479775
-2.650000 0.900000 2.470772
-2.650000 0.950000 2.463046
-2.650000 1.000000 2.456936
-2.650000 1.050000 2.452708
-2.650000 1.100000 2.450546
-2.650000 1.150000 2.450546
-2.650000 1.200000 2.452708
-2.650000 1.250000 2.456936
-2.650000 1.300000 2.463046
-2.650000 1.350000 2.470772
-2.650000 1.400000 2.479775
-2.650000 1.450000 2.489661
-2.650000 1.500000 2.500000
-2.650000 1.550000 2.510339
-2.650000 1.600000 2.520225
-2.650000 1.650000 2.529228
-2.650000 1.700000 2.536954
-2.650000 1.750000 2.543064
-2.650000 1.800000 2.547292
-2.650000 1.850000 2.549454
-2.650000 1.900000 2.549454
-2.650000 1.950000 2.547292
-2.650000 2.000000 2.543064
-2.650000 2.050000 2.536954
-2.650000 2.100000 2.529228
-2.650000 2.150000 2.520225
-2.650000 2.200000 2.510339
-2.650000 2.250000 2.500000
-2.650000 2.300000 2.489661
-2.650000 2.350000 2.479775
-2.650000 2.400000 2.470772
-2.650000 2.450000 2.463046
-2.650000 2.500000 2.456936
-2.650000 2.550000 2.452708
-2.650000 2.600000 2.450546
-2.650000 2.650000 2.450546
-2.650000 2.700000 2.452708
-2.650000 2.750000 2.456936
-2.650000 2.800000 2.463046
-2.650000 2.850000 2.470772
-2.650000 2.900000 2.479775
-2.650000 2.950000 2.489661
-2.650000 3.000000 2.500000
-2.650000 3.050000 2.510339
-2.650000 3.100000 2.520225
-2.650000 3.150000 2.529228
-2.650000 3.200000 2.536954
-2.650000 3.250000 2.543064
-2.650000 3.300000 2.547292
-2.650000 3.350000 2.549454
-2.650000 3.400000 2.549454
-2.650000 3.450000 2.547292
-2.650000 3.500000 2.543064
-2.650000 3.550000 2.536954
-2.650000 3.600000 2.529228
-2.650000 3.650000 2.520225
-2.650000 3.700000 2.510339
-2.650000 3.750000 2.500000
-2.650000 3.800000 2.489661
-2.650000 3.850000 2.479775
-2.650000 3.900000 2.470772
-2.650000 3.950000 2.463046
-2.650000 4.000000 2.456936
-2.650000 4.050000 2.452708
-2.650000 4.100000 2.450546
-2.650000 4.150000 2.450546
-2.650000 4.200000 2.452708
-2.650000 4.250000 2.456936
-2.650000 4.300000 2.463046
-2.650000 4.350000 2.470772
-2.650000 4.400000 2.479775
-2.650000 4.450000 2.489661
-2.650000 4.500000 2.500000
-2.650000 4.550000 2.510339
-2.650000 4.600000 2.520225
-2.650000 4.650000 2.529228
-2.650000 4.700000 2.536954
-2.650000 4.750000 2.543064
-2.650000 4.800000 2.547292
-2.650000 4.850000 2.549454
-2.650000 4.900000 2.549454
-2.650000 4.950000 2.547292
-2.650000 5.000000 2.543064
-2.650000 5.050000 2.536954
-2.650000 5.100000 2.529228
-2.650000 5.150000 2.520225
-2.650000 5.200000 2.510339
-2.650000 5.250000 2.500000
-2.650000 5.300000 2.489661
-2.650000 5.350000 2.479775
-2.650000 5.400000 2.470772
-2.650000 5.450000 2.463046
-2.650000 5.500000 2.456936
-2.650000 5.550000 2.452708
-2.650000 5.600000 2.450546
-2.650000 5.650000 2.450546
-2.650000 5.700000 2.452708
-2.650000 5.750000 2.456936
-2.650000 5.800000 2.463046
-2.650000 5.850000 2.470772
-2.650000 5.900000 2.479775
-2.650000 5.950000 2.489661
-2.650000 6.000000 2.500000
-2.600000 0.000000 2.500000
-2.600000 0.050000 2.510339
-2.600000 0.100000 2.520225
-2.600000 0.150000 2.529228
-2.600000 0.200000 2.536954
-2.600000 0.250000 2.543064
-2.600000 0.300000 2.547292
-2.600000 0.350000 2.549454
-2.600000 0.400000 2.549454
-2.600000 0.450000 2.547292
-2.600000 0.500000 2.543064
-2.600000 0.550000 2.536954
-2.600000 0.600000 2.529228
-2.600000 0.650000 2.520225
-2.600000 0.700000 2.510339
-2.600000 0.750000 2.500000
-2.600000 0.800000 2.489661
-2.600000 0.850000 2.479775
-2.600000 0.900000 2.470772
-2.600000 0.950000 2.463046
-2.600000 1.000000 2.456936
-2.600000 1.050000 2.452708
-2.600000 1.100000 2.450546
-2.600000 1.150000 2.450546
-2.600000 1.200000 2.452708
-2.600000 1.250000 2.456936
-2.600000 1.300000 2.463046
-2.600000 1.350000 2.470772
-2.600000 1.400000 2.479775
-2.600000 1.450000 2.489661
-2.600000 1.500000 2.500000
-2.600000 1.550000 2.510339
-2.600000 1.600000 2.520225
-2.600000 1.650000 2.529228
-2.600000 1.700000 2.536954
-2.600000 1.750000 2.543064
-2.600000 1.800000 2.547292
-2.600000 1.850000 2.549454
-2.600000 1.900000 2.549454
-2.600000 1.950000 2.547292
-2.600000 2.000000 2.543064
-2.600000 2.050000 2.536954
-2.600000 2.100000 2.529228
-2.600000 2.150000 2.520225
-2.600000 2.200000 2.510339
-2.600000 2.250000 2.500000
-2.600000 2.300000 2.489661
-2.600000 2.350000 2.479775
-2.600000 2.400000 2.470772
-2.600000 2.450000 2.463046
-2.600000 2.500000 2.456936
-2.600000 2.550000 2.452708
-2.600000 2.600000 2.450546
-2.600000 2.650000 2.450546
-2.600000 2.700000 2.452708
-2.600000 2.750000 2.456936
-2.600000 2.800000 2.463046
-2.600000 2.850000 2.470772
-2.600000 2.900000 2.479775
-2.600000 2.950000 2.489661
-2.600000 3.000000 2.500000
-2.600000 3.050000 2.510339
-2.600000 3.100000 2.520225
-2.600000 3.150000 2.529228
-2.600000 3.200000 2.536954
-2.600000 3.250000 2.543064
-2.600000 3.300000 2.547292
-2.600000 3.350000 2.549454
-2.600000 3.400000 2.549454
-2.600000 3.450000 2.547292
-2.600000 3.500000 2.543064
-2.600000 3.550000 2.536954
-2.600000 3.600000 2.529228
-2.600000 3.650000 2.520225
-2.600000 3.700000 2.510339
-2.600000 3.750000 2.500000
-2.600000 3.800000 2.489661
-2.600000 3.850000 2.479775
-2.600000 3.900000 2.470772
-2.600000 3.950000 2.463046
-2.600000 4.000000 2.456936
-2.600000 4.050000 2.452708
-2.600000 4.100000 2.450546
-2.600000 4.150000 2.450546
-2.600000 4.200000 2.452708
-2.600000 4.250000 2.456936
-2.600000 4.300000 2.463046
-2.600000 4.350000 2.470772
-2.600000 4.400000 2.479775
-2.600000 4.450000 2.489661
-2.600000 4.500000 2.500000
-2.600000 4.550000 2.510339
-2.600000 4.600000 2.520225
-2.600000 4.650000 2.529228
-2.600000 4.700000 2.536954
-2.600000 4.750000 2.543064
-2.600000 4.800000 2.547292
-2.600000 4.850000 2.549454
-2.600000 4.900000 2.549454
-2.600000 4.950000 2.547292
-2.600000 5.000000 2.543064
-2.600000 5.050000 2.536954
-2.600000 5.100000 2.529228
-2.600000 5.150000 2.520225
-2.600000 5.200000 2.510339
-2.600000 5.250000 2.500000
-2.600000 5.300000 2.489661
-2.600000 5.350000 2.479775
-2.600000 5.400000 2.470772
-2.600000 5.450000 2.463046
-2.600000 5.500000 2.456936
-2.600000 5.550000 2.452708
-2.600000 5.600000 2.450546
-2.600000 5.650000 2.450546
-2.600000 5.700000 2.452708
-2.600000 5.750000 2.456936
-2.600000 5.800000 2.463046
-2.600000 5.850000 2.470772
-2.600000 5.900000 2.479775
-2.600000 5.950000 2.489661
-2.600000 6.000000 2.500000
-2.550000 0.000000 2.500000
-2.550000 0.050000 2.509887
-2.550000 0.100000 2.519341
-2.550000 0.150000 2.527951
-2.550000 0.200000 2.535339
-2.550000 0.250000 2.541182
-2.550000 0.300000 2.545225
-2.550000 0.350000 2.547292
-2.550000 0.400000 2.547292
-2.550000 0.450000 2.545225
-2.550000 0.500000 2.541182
-2.550000 0.550000 2.535339
-2.550000 0.600000 2.527951
-2.550000 0.650000 2.519341
-2.550000 0.700000 2.509887
-2.550000 0.750000 2.500000
-2.550000 0.800000 2.490113
-2.550000 0.850000 2.480659
-2.550000 0.900000 2.472049
-2.550000 0.950000 2.464661
-2.550000 1.000000 2.458818
-2.550000 1.050000 2.454775
-2.550000 1.100000 2.452708
-2.550000 1.150000 2.452708
-2.550000 1.200000 2.454775
-2.550000 1.250000 2.458818
-2.550000 1.300000 2.464661
-2.550000 1.350000 2.472049
-2.550000 1.400000 2.480659
-2.550000 1.450000 2.490113
-2.550000 1.500000 2.500000
-2.550000 1.550000 2.509887
-2.550000 1.600000 2.519341
-2.550000 1.650000 2.527951
-2.550000 1.700000 2.535339
-2.550000 1.750000 2.541182
-2.550000 1.800000 2.545225
-2.550000 1.850000 2.547292
-2.550000 1.900000 2.547292
-2.550000 1.950000 2.545225
-2.550000 2.000000 2.541182
-2.550000 2.050000 2.535339
-2.550000 2.100000 2.527951
-2.550000 2.150000 2.519341
-2.550000 2.200000 2.509887
-2.550000 2.250000 2.500000
-2.550000 2.300000 2.490113
-2.550000 2.350000 2.480659
-2.550000 2.400000 2.472049
-2.550000 2.450000 2.464661
-2.550000 2.500000 2.458818
-2.550000 2.550000 2.454775
-2.550000 2.600000 2.452708
-2.550000 2.650000 2.452708
-2.550000 2.700000 2.454775
-2.550000 2.750000 2.458818
-2.550000 2.800000 2.464661
-2.550000 2.850000 2.472049
-2.550000 2.900000 2.480659
-2.550000 2.950000 2.490113
-2.550000 3.000000 2.500000
-2.550000 3.050000 2.509887
-2.550000 3.100000 2.519341
-2.550000 3.150000 2.527951
-2.550000 3.200000 2.535339
-2.550000 3.250000 2.541182
-2.550000 3.300000 2.545225
-2.550000 3.350000 2.547292
-2.550000 3.400000 2.547292
-2.550000 3.450000 2.545225
-2.550000 3.500000 2.541182
-2.550000 3.550000 2.535339
-2.550000 3.600000 2.527951
-2.550000 3.650000 2.519341
-2.550000 3.700000 2.509887
-2.550000 3.750000 2.500000
-2.550000 3.800000 2.490113
-2.550000 3.850000 2.480659
-2.550000 3.900000 2.472049
-2.550000 3.950000 2.464661
-2.550000 4.000000 2.458818
-2.550000 4.050000 2.454775
-2.550000 4.100000 2.452708
-2.550000 4.150000 2.452708
-2.550000 4.200000 2.454775
-2.550000 4.250000 2.458818
-2.550000 4.300000 2.464661
-2.550000 4.350000 2.472049
-2.550000 4.400000 2.480659
-2.550000 4.450000 2.490113
-2.550000 4.500000 2.500000
-2.550000 4.550000 2.509887
-2.550000 4.600000 2.519341
-2.550000 4.650000 2.527951
-2.550000 4.700000 2.535339
-2.550000 4.750000 2.541182
-2.550000 4.800000 2.545225
-2.550000 4.850000 2.547292
-2.550000 4.900000 2.547292
-2.550000 4.950000 2.545225
-2.550000 5.000000 2.541182
-2.550000 5.050000 2.535339
-2.550000 5.100000 2.527951
-2.550000 5.150000 2.519341
-2.550000 5.200000 2.509887
-2.550000 5.250000 2.500000
-2.550000 5.300000 2.490113
-2.550000 5.350000 2.480659
-2.550000 5.400000 2.472049
-2.550000 5.450000 2.464661
-2.550000 5.500000 2.458818
-2.550000 5.550000 2.454775
-2.550000 5.600000 2.452708
-2.550000 5.650000 2.452708
-2.550000 5.700000 2.454775
-2.550000 5.750000 2.458818
-2.550000 5.800000 2.464661
-2.550000 5.850000 2.472049
-2.550000 5.900000 2.480659
-2.550000 5.950000 2.490113
-2.550000 6.000000 2.500000
-2.500000 0.000000 2.500000
-2.500000 0.050000 2.509003
-2.500000 0.100000 2.517612
-2.500000 0.150000 2.525452
-2.500000 0.200000 2.532179
-2.500000 0.250000 2.537500
-2.500000 0.300000 2.541182
-2.500000 0.350000 2.543064
-2.500000 0.400000 2.543064
-2.500000 0.450000 2.541182
-2.500000 0.500000 2.537500
-2.500000 0.550000 2.532179
-2.500000 0.600000 2.525452
-2.500000 0.650000 2.517612
-2.500000 0.700000 2.509003
-2.500000 0.750000 2.500000
-2.500000 0.800000 2.490997
-2.500000 0.850000 2.482388
-2.500000 0.900000 2.474548
-2.500000 0.950000 2.467821
-2.500000 1.000000 2.462500
-2.500000 1.050000 2.458818
-2.500000 1.100000 2.456936
-2.500000 1.150000 2.456936
-2.500000 1.200000 2.458818
-2.500000 1.250000 2.462500
-2.500000 1.300000 2.467821
-2.500000 1.350000 2.474548
-2.500000 1.400000 2.482388
-2.500000 1.450000 2.490997
-2.500000 1.500000 2.500000
-2.500000 1.550000 2.509003
-2.500000 1.600000 2.517612
-2.500000 1.650000 2.525452
-2.500000 1.700000 2.532179
-2.500000 1.750000 2.537500
-2.500000 1.800000 2.541182
-2.500000 1.850000 2.543064
-2.500000 1.900000 2.543064
-2.500000 1.950000 2.541182
-2.500000 2.000000 2.537500
-2.500000 2.050000 2.532179
-2.500000 2.100000 2.525452
-2.500000 2.150000 2.517612
-2.500000 2.200000 2.509003
-2.500000 2.250000 2.500000
-2.500000 2.300000 2.490997
-2.500000 2.350000 2.482388
-2.500000 2.400000 2.474548
-2.500000 2.450000 2.467821
-2.500000 2.500000 2.462500
-2.500000 2.550000 2.458818
-2.500000 2.600000 2.456936
-2.500000 2.650000 2.456936
-2.500000 2.700000 2.458818
-2.500000 2.750000 2.462500
-2.500000 2.800000 2.467821
-2.500000 2.850000 2.474548
-2.500000 2.900000 2.482388
-2.500000 2.950000 2.490997
-2.500000 3.000000 2.500000
-2.500000 3.050000 2.509003
-2.500000 3.100000 2.517612
-2.500000 3.150000 2.525452
-2.500000 3.200000 2.532179
-2.500000 3.250000 2.537500
-2.500000 3.300000 2.541182
-2.500000 3.350000 2.543064
-2.500000 3.400000 2.543064
-2.500000 3.450000 2.541182
-2.500000 3.500000 2.537500
-2.500000 3.550000 2.532179
-2.500000 3.600000 2.525452
-2.500000 3.650000 2.517612
-2.500000 3.700000 2.509003
-2.500000 3.750000 2.500000
-2.500000 3.800000 2.490997
-2.500000 3.850000 2.482388
-2.500000 3.900000 2.474548
-2.500000 3.950000 2.467821
-2.500000 4.000000 2.462500
-2.500000 4.050000 2.458818
-2.500000 4.100000 2.456936
-2.500000 4.150000 2.456936
-2.500000 4.200000 2.458818
-2.500000 4.250000 2.462500
-2.500000 4.300000 2.467821
-2.500000 4.350000 2.474548
-2.500000 4.400000 2.482388
-2.500000 4.450000 2.490997
-2.500000 4.500000 2.500000
-2.500000 4.550000 2.509003
-2.500000 4.600000 2.517612
-2.500000 4.650000 2.525452
-2.500000 4.700000 2.532179
-2.500000 4.750000 2.537500
-2.500000 4.800000 2.541182
-2.500000 4.850000 2.543064
-2.500000 4.900000 2.543064
-2.500000 4.950000 2.541182
-2.500000 5.000000 2.537500
-2.500000 5.050000 2.532179
-2.500000 5.100000 2.525452
-2.500000 5.150000 2.517612
-2.500000 5.200000 2.509003
-2.500000 5.250000 2.500000
-2.500000 5.300000 2.490997
-2.500000 5.350000 2.482388
-2.500000 5.400000 2.474548
-2.500000 5.450000 2.467821
-2.500000 5.500000 2.462500
-2.500000 5.550000 2.458818
-2.500000 5.600000 2.456936
-2.500000 5.650000 2.456936
-2.500000 5.700000 2.458818
-2.500000 5.750000 2.462500
-2.500000 5.800000 2.467821
-2.500000 5.850000 2.474548
-2.500000 5.900000 2.482388
-2.500000 5.950000 2.490997
-2.500000 6.000000 2.500000
-2.450000 0.000000 2.500000
-2.450000 0.050000 2.507725
-2.450000 0.100000 2.515113
-2.450000 0.150000 2.521840
-2.450000 0.200000 2.527613
-2.450000 0.250000 2.532179
-2.450000 0.300000 2.535339
-2.450000 0.350000 2.536954
-2.450000 0.400000 2.536954
-2.450000 0.450000 2.535339
-2.450000 0.500000 2.532179
-2.450000 0.550000 2.527613
-2.450000 0.600000 2.521840
-2.450000 0.650000 2.515113
-2.450000 0.700000 2.507725
-2.450000 0.750000 2.500000
-2.450000 0.800000 2.492275
-2.450000 0.850000 2.484887
-2.450000 0.900000 2.478160
-2.450000 0.950000 2.472387
-2.450000 1.000000 2.467821
-2.450000 1.050000 2.464661
-2.450000 1.100000 2.463046
-2.450000 1.150000 2.463046
-2.450000 1.200000 2.464661
-2.450000 1.250000 2.467821
-2.450000 1.300000 2.472387
-2.450000 1.350000 2.478160
-2.450000 1.400000 2.484887
-2.450000 1.450000 2.492275
-2.450000 1.500000 2.500000
-2.450000 1.550000 2.507725
-2.450000 1.600000 2.515113
-2.450000 1.650000 2.521840
-2.450000 1.700000 2.527613
-2.450000 1.750000 2.532179
-2.450000 1.800000 2.535339
-2.450000 1.850000 2.536954
-2.450000 1.900000 2.536954
-2.450000 1.950000 2.535339
-2.450000 2.000000 2.532179
-2.450000 2.050000 2.527613
-2.450000 2.100000 2.521840
-2.450000 2.150000 2.515113
-2.450000 2.200000 2.507725
-2.450000 2.250000 2.500000
-2.450000 2.300000 2.492275
-2.450000 2.350000 2.484887
-2.450000 2.400000 2.478160
-2.450000 2.450000 2.472387
-2.450000 2.500000 2.467821
-2.450000 2.550000 2.464661
-2.450000 2.600000 2.463046
-2.450000 2.650000 2.463046
-2.450000 2.700000 2.464661
-2.450000 2.750000 2.467821
-2.450000 2.800000 2.472387
-2.450000 2.850000 2.478160
-2.450000 2.900000 2.484887
-2.450000 2.950000 2.492275
-2.450000 3.000000 2.500000
-2.450000 3.050000 2.507725
-2.450000 3.100000 2.515113
-2.450000 3.150000 2.521840
-2.450000 3.200000 2.527613
-2.450000 3.250000 2.532179
-2.450000 3.300000 2.535339
-2.450000 3.350000 2.536954
-2.450000 3.400000 2.536954
-2.450000 3.450000 2.535339
-2.450000 3.500000 2.532179
-2.450000 3.550000 2.527613
-2.450000 3.600000 2.521840
-2.450000 3.650000 2.515113
-2.450000 3.700000 2.507725
-2.450000 3.750000 2.500000
-2.450000 3.800000 2.492275
-2.450000 3.850000 2.484887
-2.450000 3.900000 2.478160
-2.450000 3.950000 2.472387
-2.450000 4.000000 2.467821
-2.450000 4.050000 2.464661
-2.450000 4.100000 2.463046
-2.450000 4.150000 2.463046
-2.450000 4.200000 2.464661
-2.450000 4.250000 2.467821
-2.450000 4.300000 2.472387
-2.450000 4.350000 2.478160
-2.450000 4.400000 2.484887
-2.450000 4.450000 2.492275
-2.450000 4.500000 2.500000
-2.450000 4.550000 2.507725
-2.450000 4.600000 2.515113
-2.450000 4.650000 2.521840
-2.450000 4.700000 2.527613
-2.450000 4.750000 2.532179
-2.450000 4.800000 2.535339
-2.450000 4.850000 2.536954
-2.450000 4.900000 2.536954
-2.450000 4.950000 2.535339
-2.450000 5.000000 2.532179
-2.450000 5.050000 2.527613
-2.450000 5.100000 2.521840
-2.450000 5.150000 2.515113
-2.450000 5.200000 2.507725
-2.450000 5.250000 2.500000
-2.450000 5.300000 2.492275
-2.450000 5.350000 2.484887
-2.450000 5.400000 2.478160
-2.450000 5.450000 2.472387
-2.450000 5.500000 2.467821
-2.450000 5.550000 2.464661
-2.450000 5.600000 2.463046
-2.450000 5.650000 2.463046
-2.450000 5.700000 2.464661
-2.450000 5.750000 2.467821
-2.450000 5.800000 2.472387
-2.450000 5.850000 2.478160
-2.450000 5.900000 2.484887
-2.450000 5.950000 2.492275
-2.450000 6.000000 2.500000
-2.400000 0.000000 2.500000
-2.400000 0.050000 2.506110
-2.400000 0.100000 2.511954
-2.400000 0.150000 2.517275
-2.400000 0.200000 2.521840
-2.400000 0.250000 2.525452
-2.400000 0.300000 2.527951
-2.400000 0.350000 2.529228
-2.400000 0.400000 2.529228
-2.400000 0.450000 2.527951
-2.400000 0.500000 2.525452
-2.400000 0.550000 2.521840
-2.400000 0.600000 2.517275
-2.400000 0.650000 2.511954
-2.400000 0.700000 2.506110
-2.400000 0.750000 2.500000
-2.400000 0.800000 2.493890
-2.400000 0.850000 2.488046
-2.400000 0.900000 2.482725
-2.400000 0.950000 2.478160
-2.400000 1.000000 2.474548
-2.400000 1.050000 2.472049
-2.400000 1.100000 2.470772
-2.400000 1.150000 2.470772
-2.400000 1.200000 2.472049
-2.400000 1.250000 2.474548
-2.400000 1.300000 2.478160
-2.400000 1.350000 2.482725
-2.400000 1.400000 2.488046
-2.400000 1.450000 2.493890
-2.400000 1.500000 2.500000
-2.400000 1.550000 2.506110
-2.400000 1.600000 2.511954
-2.400000 1.650000 2.517275
-2.400000 1.700000 2.521840
-2.400000 1.750000 2.525452
-2.400000 1.800000 2.527951
-2.400000 1.850000 2.529228
-2.400000 1.900000 2.529228
-2.400000 1.950000 2.527951
-2.400000 2.000000 2.525452
-2.400000 2.050000 2.521840
-2.400000 2.100000 2.517275
-2.400000 2.150000 2.511954
-2.400000 2.200000 2.506110
-2.400000 2.250000 2.500000
-2.400000 2.300000 2.493890
-2.400000 2.350000 2.488046
-2.400000 2.400000 2.482725
-2.400000 2.450000 2.478160
-2.400000 2.500000 2.474548
-2.400000 2.550000 2.472049
-2.400000 2.600000 2.470772
-2.400000 2.650000 2.470772
-2.400000 2.700000 2.472049
-2.400000 2.750000 2.474548
-2.400000 2.800000 2.478160
-2.400000 2.850000 2.482725
-2.400000 2.900000 2.488046
-2.400000 2.950000 2.493890
-2.400000 3.000000 2.500000
-2.400000 3.050000 2.506110
-2.400000 3.100000 2.511954
-2.400000 3.150000 2.517275
-2.400000 3.200000 2.521840
-2.400000 3.250000 2.525452
-2.400000 3.300000 2.527951
-2.400000 3.350000 2.529228
-2.400000 3.400000 2.529228
-2.400000 3.450000 2.527951
-2.400000 3.500000 2.525452
-2.400000 3.550000 2.521840
-2.400000 3.600000 2.517275
-2.400000 3.650000 2.511954
-2.400000 3.700000 2.506110
-2.400000 3.750000 2.500000
-2.400000 3.800000 2.493890
-2.400000 3.850000 2.488046
-2.400000 3.900000 2.482725
-2.400000 3.950000 2.478160
-2.400000 4.000000 2.474548
-2.400000 4.050000 2.472049
-2.400000 4.100000 2.470772
-2.400000 4.150000 2.470772
-2.400000 4.200000 2.472049
-2.400000 4.250000 2.474548
-2.400000 4.300000 2.478160
-2.400000 4.350000 2.482725
-2.400000 4.400000 2.488046
-2.400000 4.450000 2.493890
-2.400000 4.500000 2.500000
-2.400000 4.550000 2.506110
-2.400000 4.600000 2.511954
-2.400000 4.650000 2.517275
-2.400000 4.700000 2.521840
-2.400000 4.750000 2.525452
-2.400000 4.800000 2.527951
-2.400000 4.850000 2.529228
-2.400000 4.900000 2.529228
-2.400000 4.950000 2.527951
-2.400000 5.000000 2.525452
-2.400000 5.050000 2.521840
-2.400000 5.100000 2.517275
-2.400000 5.150000 2.511954
-2.400000 5.200000 2.506110
-2.400000 5.250000 2.500000
-2.400000 5.300000 2.493890
-2.400000 5.350000 2.488046
-2.400000 5.400000 2.482725
-2.400000 5.450000 2.478160
-2.400000 5.500000 2.474548
-2.400000 5.550000 2.472049
-2.400000 5.600000 2.470772
-2.400000 5.650000 2.470772
-2.400000 5.700000 2.472049
-2.400000 5.750000 2.474548
-2.400000 5.800000 2.478160
-2.400000 5.850000 2.482725
-2.400000 5.900000 2.488046
-2.400000 5.950000 2.493890
-2.400000 6.000000 2.500000
-2.350000 0.000000 2.500000
-2.350000 0.050000 2.504228
-2.350000 0.100000 2.508272
-2.350000 0.150000 2.511954
-2.350000 0.200000 2.515113
-2.350000 0.250000 2.517612
-2.350000 0.300000 2.519341
-2.350000 0.350000 2.520225
-2.350000 0.400000 2.520225
-2.350000 0.450000 2.519341
-2.350000 0.500000 2.517612
-2.350000 0.550000 2.515113
-2.350000 0.600000 2.511954
-2.350000 0.650000 2.508272
-2.350000 0.700000 2.504228
-2.350000 0.750000 2.500000
-2.350000 0.800000 2.495772
-2.350000 0.850000 2.491728
-2.350000 0.900000 2.488046
-2.350000 0.950000 2.484887
-2.350000 1.000000 2.482388
-2.350000 1.050000 2.480659
-2.350000 1.100000 2.479775
-2.350000 1.150000 2.479775
-2.350000 1.200000 2.480659
-2.350000 1.250000 2.482388
-2.350000 1.300000 2.484887
-2.350000 1.350000 2.488046
-2.350000 1.400000 2.491728
-2.350000 1.450000 2.495772
-2.350000 1.500000 2.500000
-2.350000 1.550000 2.504228
-2.350000 1.600000 2.508272
-2.350000 1.650000 2.511954
-2.350000 1.700000 2.515113
-2.350000 1.750000 2.517612
-2.350000 1.800000 2.519341
-2.350000 1.850000 2.520225
-2.350000 1.900000 2.520225
-2.350000 1.950000 2.519341
-2.350000 2.000000 2.517612
-2.350000 2.050000 2.515113
-2.350000 2.100000 2.511954
-2.350000 2.150000 2.508272
-2.350000 2.200000 2.504228
-2.350000 2.250000 2.500000
-2.350000 2.300000 2.495772
-2.350000 2.350000 2.491728
-2.350000 2.400000 2.488046
-2.350000 2.450000 2.484887
-2.350000 2.500000 2.482388
-2.350000 2.550000 2.480659
-2.350000 2.600000 2.479775
-2.350000 2.650000 2.479775
-2.350000 2.700000 2.480659
-2.350000 2.750000 2.482388
-2.350000 2.800000 2.484887
-2.350000 2.850000 2.488046
-2.350000 2.900000 2.491728
-2.350000 2.950000 2.495772
-2.350000 3.000000 2.500000
-2.350000 3.050000 2.504228
-2.350000 3.100000 2.508272
-2.350000 3.150000 2.511954
-2.350000 3.200000 2.515113
-2.350000 3.250000 2.517612
-2.350000 3.300000 2.519341
-2.350000 3.350000 2.520225
-2.350000 3.400000 2.520225
-2.350000 3.450000 2.519341
-2.350000 3.500000 2.517612
-2.350000 3.550000 2.515113
-2.350000 3.600000 2.511954
-2.350000 3.650000 2.508272
-2.350000 3.700000 2.504228
-2.350000 3.750000 2.500000
-2.350000 3.800000 2.495772
-2.350000 3.850000 2.491728
-2.350000 3.900000 2.488046
-2.350000 3.950000 2.484887
-2.350000 4.000000 2.482388
-2.350000 4.050000 2.480659
-2.350000 4.100000 2.479775
-2.350000 4.150000 2.479775
-2.350000 4.200000 2.480659
-2.350000 4.250000 2.482388
-2.350000 4.300000 2.484887
-2.350000 4.350000 2.488046
-2.350000 4.400000 2.491728
-2.350000 4.450000 2.495772
-2.350000 4.500000 2.500000
-2.350000 4.550000 2.504228
-2.350000 4.600000 2.508272
-2.350000 4.650000 2.511954
-2.350000 4.700000 2.515113
-2.350000 4.750000 2.517612
-2.350000 4.800000 2.519341
-2.350000 4.850000 2.520225
-2.350000 4.900000 2.520225
-2.350000 4.950000 2.519341
-2.350000 5.000000 2.517612
-2.350000 5.050000 2.515113
-2.350000 5.100000 2.511954
-2.350000 5.150000 2.508272
-2.350000 5.200000 2.504228
-2.350000 5.250000 2.500000
-2.350000 5.300000 2.495772
-2.350000 5.350000 2.491728
-2.350000 5.400000 2.488046
-2.350000 5.450000 2.484887
-2.350000 5.500000 2.482388
-2.350000 5.550000 2.480659
-2.350000 5.600000 2.479775
-2.350000 5.650000 2.479775
-2.350000 5.700000 2.480659
-2.350000 5.750000 2.482388
-2.350000 5.800000 2.484887
-2.350000 5.850000 2.488046
-2.350000 5.900000 2.491728
-2.350000 5.950000 2.495772
-2.350000 6.000000 2.500000
-2.300000 0.000000 2.500000
-2.300000 0.050000 2.502161
-2.300000 0.100000 2.504228
-2.300000 0.150000 2.506110
-2.300000 0.200000 2.507725
-2.300000 0.250000 2.509003
-2.300000 0.300000 2.509887
-2.300000 0.350000 2.510339
-2.300000 0.400000 2.510339
-2.300000 0.450000 2.509887
-2.300000 0.500000 2.509003
-2.300000 0.550000 2.507725
-2.300000 0.600000 2.506110
-2.300000 0.650000 2.504228
-2.300000 0.700000 2.502161
-2.300000 0.750000 2.500000
-2.300000 0.800000 2.497839
-2.300000 0.850000 2.495772
-2.300000 0.900000 2.493890
-2.300000 0.950000 2.492275
-2.300000 1.000000 2.490997
-2.300000 1.050000 2.490113
-2.300000 1.100000 2.489661
-2.300000 1.150000 2.489661
-2.300000 1.200000 2.490113
-2.300000 1.250000 2.490997
-2.300000 1.300000 2.492275
-2.300000 1.350000 2.493890
-2.300000 1.400000 2.495772
-2.300000 1.450000 2.497839
-2.300000 1.500000 2.500000
-2.300000 1.550000 2.502161
-2.300000 1.600000 2.504228
-2.300000 1.650000 2.506110
-2.300000 1.700000 2.507725
-2.300000 1.750000 2.509003
-2.300000 1.800000 2.509887
-2.300000 1.850000 2.510339
-2.300000 1.900000 2.510339
-2.300000 1.950000 2.509887
-2.300000 2.000000 2.509003
-2.300000 2.050000 2.507725
-2.300000 2.100000 2.506110
-2.300000 2.150000 2.504228
-2.300000 2.200000 2.502161
-2.300000 2.250000 2.500000
-2.300000 2.300000 2.497839
-2.300000 2.350000 2.495772
-2.300000 2.400000 2.493890
-2.300000 2.450000 2.492275
-2.300000 2.500000 2.490997
-2.300000 2.550000 2.490113
-2.300000 2.600000 2.489661
-2.300000 2.650000 2.489661
-2.300000 2.700000 2.490113
-2.300000 2.750000 2.490997
-2.300000 2.800000 2.492275
-2.300000 2.850000 2.493890
-2.300000 2.900000 2.495772
-2.300000 2.950000 2.497839
-2.300000 3.000000 2.500000
-2.300000 3.050000 2.502161
-2.300000 3.100000 2.504228
-2.300000 3.150000 2.506110
-2.300000 3.200000 2.507725
-2.300000 3.250000 2.509003
-2.300000 3.300000 2.509887
-2.300000 3.350000 2.510339
-2.300000 3.400000 2.510339
-2.300000 3.450000 2.509887
-2.300000 3.500000 2.509003
-2.300000 3.550000 2.507725
-2.300000 3.600000 2.506110
-2.300000 3.650000 2.504228
-2.300000 3.700000 2.502161
-2.300000 3.750000 2.500000
-2.300000 3.800000 2.497839
-2.300000 3.850000 2.495772
-2.300000 3.900000 2.493890
-2.300000 3.950000 2.492275
-2.300000 4.000000 2.490997
-2.300000 4.050000 2.490113
-2.300000 4.100000 2.489661
-2.300000 4.150000 2.489661
-2.300000 4.200000 2.490113
-2.300000 4.250000 2.490997
-2.300000 4.300000 2.492275
-2.300000 4.350000 2.493890
-2.300000 4.400000 2.495772
-2.300000 4.450000 2.497839
-2.300000 4.500000 2.500000
-2.300000 4.550000 2.502161
-2.300000 4.600000 2.504228
-2.300000 4.650000 2.506110
-2.300000 4.700000 2.507725
-2.300000 4.750000 2.509003
-2.300000 4.800000 2.509887
-2.300000 4.850000 2.510339
-2.300000 4.900000 2.510339
-2.300000 4.950000 2.509887
-2.300000 5.000000 2.509003
-2.300000 5.050000 2.507725
-2.300000 5.100000 2.506110
-2.300000 5.150000 2.504228
-2.300000 5.200000 2.502161
-2.300000 5.250000 2.500000
-2.300000 5.300000 2.497839
-2.300000 5.350000 2.495772
-2.300000 5.400000 2.493890
-2.300000 5.450000 2.492275
-2.300000 5.500000 2.490997
-2.300000 5.550000 2.490113
-2.300000 5.600000 2.489661
-2.300000 5.650000 2.489661
-2.300000 5.700000 2.490113
-2.300000 5.750000 2.490997
-2.300000 5.800000 2.492275
-2.300000 5.850000 2.493890
-2.300000 5.900000 2.495772
-2.300000 5.950000 2.497839
-2.300000 6.000000 2.500000
-2.250000 0.000000 2.500000
-2.250000 0.050000 2.500000
-2.250000 0.100000 2.500000
-2.250000 0.150000 2.500000
-2.250000 0.200000 2.500000
-2.250000 0.250000 2.500000
-2.250000 0.300000 2.500000
-2.250000 0.350000 2.500000
-2.250000 0.400000 2.500000
-2.250000 0.450000 2.500000
-2.250000 0.500000 2.500000
-2.250000 0.550000 2.500000
-2.250000 0.600000 2.500000
-2.250000 0.650000 2.500000
-2.250000 0.700000 2.500000
-2.250000 0.750000 2.500000
-2.250000 0.800000 2.500000
-2.250000 0.850000 2.500000
-2.250000 0.900000 2.500000
-2.250000 0.950000 2.500000
-2.250000 1.000000 2.500000
-2.250000 1.050000 2.500000
-2.250000 1.100000 2.500000
-2.250000 1.150000 2.500000
-2.250000 1.200000 2.500000
-2.250000 1.250000 2.500000
-2.250000 1.300000 2.500000
-2.250000 1.350000 2.500000
-2.250000 1.400000 2.500000
-2.250000 1.450000 2.500000
-2.250000 1.500000 2.500000
-2.250000 1.550000 2.500000
-2.250000 1.600000 2.500000
-2.250000 1.650000 2.500000
-2.250000 1.700000 2.500000
-2.250000 1.750000 2.500000
-2.250000 1.800000 2.500000
-2.250000 1.850000 2.500000
-2.250000 1.900000 2.500000
-2.250000 1.950000 2.500000
-2.250000 2.000000 2.500000
-2.250000 2.050000 2.500000
-2.250000 2.100000 2.500000
-2.250000 2.150000 2.500000
-2.250000 2.200000 2.500000
-2.250000 2.250000 2.500000
-2.250000 2.300000 2.500000
-2.250000 2.350000 2.500000
-2.250000 2.400000 2.500000
-2.250000 2.450000 2.500000
-2.250000 2.500000 2.500000
-2.250000 2.550000 2.500000
-2.250000 2.600000 2.500000
-2.250000 2.650000 2.500000
-2.250000 2.700000 2.500000
-2.250000 2.750000 2.500000
-2.250000 2.800000 2.500000
-2.250000 2.850000 2.500000
-2.250000 2.900000 2.500000
-2.250000 2.950000 2.500000
-2.250000 3.000000 2.500000
-2.250000 3.050000 2.500000
-2.250000 3.100000 2.500000
-2.250000 3.150000 2.500000
-2.250000 3.200000 2.500000
-2.250000 3.250000 2.500000
-2.250000 3.300000 2.500000
-2.250000 3.350000 2.500000
-2.250000 3.400000 2.500000
-2.250000 3.450000 2.500000
-2.250000 3.500000 2.500000
-2.250000 3.550000 2.500000
-2.250000 3.600000 2.500000
-2.250000 3.650000 2.500000
-2.250000 3.700000 2.500000
-2.250000 3.750000 2.500000
-2.250000 3.800000 2.500000
-2.250000 3.850000 2.500000
-2.250000 3.900000 2.500000
-2.250000 3.950000 2.500000
-2.250000 4.000000 2.500000
-2.250000 4.050000 2.500000
-2.250000 4.100000 2.500000
-2.250000 4.150000 2.500000
-2.250000 4.200000 2.500000
-2.250000 4.250000 2.500000
-2.250000 4.300000 2.500000
-2.250000 4.350000 2.500000
-2.250000 4.400000 2.500000
-2.250000 4.450000 2.500000
-2.250000 4.500000 2.500000
-2.250000 4.550000 2.500000
-2.250000 4.600000 2.500000
-2.250000 4.650000 2.500000
-2.250000 4.700000 2.500000
-2.250000 4.750000 2.500000
-2.250000 4.800000 2.500000
-2.250000 4.850000 2.500000
-2.250000 4.900000 2.500000
-2.250000 4.950000 2.500000
-2.250000 5.000000 2.500000
-2.250000 5.050000 2.500000
-2.250000 5.100000 2.500000
-2.250000 5.150000 2.500000
-2.250000 5.200000 2.500000
-2.250000 5.250000 2.500000
-2.250000 5.300000 2.500000
-2.250000 5.350000 2.500000
-2.250000 5.400000 2.500000
-2.250000 5.450000 2.500000
-2.250000 5.500000 2.500000
-2.250000 5.550000 2.500000
-2.250000 5.600000 2.500000
-2.250000 5.650000 2.500000
-2.250000 5.700000 2.500000
-2.250000 5.750000 2.500000
-2.250000 5.800000 2.500000
-2.250000 5.850000 2.500000
-2.250000 5.900000 2.500000
-2.250000 5.950000 2.500000
-2.250000 6.000000 2.500000
-2.200000 0.000000 2.500000
-2.200000 0.050000 2.497839
-2.200000 0.100000 2.495772
-2.200000 0.150000 2.493890
-2.200000 0.200000 2.492275
-2.200000 0.250000 2.490997
-2.200000 0.300000 2.490113
-2.200000 0.350000 2.489661
-2.200000 0.400000 2.489661
-2.200000 0.450000 2.490113
-2.200000 0.500000 2.490997
-2.200000 0.550000 2.492275
-2.200000 0.600000 2.493890
-2.200000 0.650000 2.495772
-2.200000 0.700000 2.497839
-2.200000 0.750000 2.500000
-2.200000 0.800000 2.502161
-2.200000 0.850000 2.504228
-2.200000 0.900000 2.506110
-2.200000 0.950000 2.507725
-2.200000 1.000000 2.509003
-2.200000 1.050000 2.509887
-2.200000 1.100000 2.510339
-2.200000 1.150000 2.510339
-2.200000 1.200000 2.509887
-2.200000 1.250000 2.509003
-2.200000 1.300000 2.507725
-2.200000 1.350000 2.506110
-2.200000 1.400000 2.504228
-2.200000 1.450000 2.502161
-2.200000 1.500000 2.500000
-2.200000 1.550000 2.497839
-2.200000 1.600000 2.495772
-2.200000 1.650000 2.493890
-2.200000 1.700000 2.492275
-2.200000 1.750000 2.490997
-2.200000 1.800000 2.490113
-2.200000 1.850000 2.489661
-2.200000 1.900000 2.489661
-2.200000 1.950000 2.490113
-2.200000 2.000000 2.490997
-2.200000 2.050000 2.492275
-2.200000 2.100000 2.493890
-2.200000 2.150000 2.495772
-2.200000 2.200000 2.497839
-2.200000 2.250000 2.500000
-2.200000 2.300000 2.502161
-2.200000 2.350000 2.504228
-2.200000 2.400000 2.506110
-2.200000 2.450000 2.507725
-2.200000 2.500000 2.509003
-2.200000 2.550000 2.509887
-2.200000 2.600000 2.510339
-2.200000 2.650000 2.510339
-2.200000 2.700000 2.509887
-2.200000 2.750000 2.509003
-2.200000 2.800000 2.507725
-2.200000 2.850000 2.506110
-2.200000 2.900000 2.504228
-2.200000 2.950000 2.502161
-2.200000 3.000000 2.500000
-2.200000 3.050000 2.497839
-2.200000 3.100000 2.495772
-2.200000 3.150000 2.493890
-2.200000 3.200000 2.492275
-2.200000 3.250000 2.490997
-2.200000 3.300000 2.490113
-2.200000 3.350000 2.489661
-2.200000 3.400000 2.489661
-2.200000 3.450000 2.490113
-2.200000 3.500000 2.490997
-2.200000 3.550000 2.492275
-2.200000 3.600000 2.493890
-2.200000 3.650000 2.495772
-2.200000 3.700000 2.497839
-2.200000 3.750000 2.500000
-2.200000 3.800000 2.502161
-2.200000 3.850000 2.504228
-2.200000 3.900000 2.506110
-2.200000 3.950000 2.507725
-2.200000 4.000000 2.509003
-2.200000 4.050000 2.509887
-2.200000 4.100000 2.510339
-2.200000 4.150000 2.510339
-2.200000 4.200000 2.509887
-2.200000 4.250000 2.509003
-2.200000 4.300000 2.507725
-2.200000 4.350000 2.506110
-2.200000 4.400000 2.504228
-2.200000 4.450000 2.502161
-2.200000 4.500000 2.500000
-2.200000 4.550000 2.497839
-2.200000 4.600000 2.495772
-2.200000 4.650000 2.493890
-2.200000 4.700000 2.492275
-2.200000 4.750000 2.490997
-2.200000 4.800000 2.490113
-2.200000 4.850000 2.489661
-2.200000 4.900000 2.489661
-2.200000 4.950000 2.490113
-2.200000 5.000000 2.490997
-2.200000 5.050000 2.492275
-2.200000 5.100000 2.493890
-2.200000 5.150000 2.495772
-2.200000 5.200000 2.497839
-2.200000 5.250000 2.500000
-2.200000 5.300000 2.502161
-2.200000 5.350000 2.504228
-2.200000 5.400000 2.506110
-2.200000 5.450000 2.507725
-2.200000 5.500000 2.509003
-2.200000 5.550000 2.509887
-2.200000 5.600000 2.510339
-2.200000 5.650000 2.510339
-2.200000 5.700000 2.509887
-2.200000 5.750000 2.509003
-2.200000 5.800000 2.507725
-2.200000 5.850000 2.506110
-2.200000 5.900000 2.504228
-2.200000 5.950000 2.502161
-2.200000 6.000000 2.500000
-2.150000 0.000000 2.500000
-2.150000 0.050000 2.495772
-2.150000 0.100000 2.491728
-2.150000 0.150000 2.488046
-2.150000 0.200000 2.484887
-2.150000 0.250000 2.482388
-2.150000 0.300000 2.480659
-2.150000 0.350000 2.479775
-2.150000 0.400000 2.479775
-2.150000 0.450000 2.480659
-2.150000 0.500000 2.482388
-2.150000 0.550000 2.484887
-2.150000 0.600000 2.488046
-2.150000 0.650000 2.491728
-2.150000 0.700000 2.495772
-2.150000 0.750000 2.500000
-2.150000 0.800000 2.504228
-2.150000 0.850000 2.508272
-2.150000 0.900000 2.511954
-2.150000 0.950000 2.515113
-2.150000 1.000000 2.517612
-2.150000 1.050000 2.519341
-2.150000 1.100000 2.520225
-2.150000 1.150000 2.520225
-2.150000 1.200000 2.519341
-2.150000 1.250000 2.517612
-2.150000 1.300000 2.515113
-2.150000 1.350000 2.511954
-2.150000 1.400000 2.508272
-2.150000 1.450000 2.504228
-2.150000 1.500000 2.500000
-2.150000 1.550000 2.495772
-2.150000 1.600000 2.491728
-2.150000 1.650000 2.488046
-2.150000 1.700000 2.484887
-2.150000 1.750000 2.482388
-2.150000 1.800000 2.480659
-2.150000 1.850000 2.479775
-2.150000 1.900000 2.479775
-2.150000 1.950000 2.480659
-2.150000 2.000000 2.482388
-2.150000 2.050000 2.484887
-2.150000 2.100000 2.488046
-2.150000 2.150000 2.491728
-2.150000 2.200000 2.495772
-2.150000 2.250000 2.500000
-2.150000 2.300000 2.504228
-2.150000 2.350000 2.508272
-2.150000 2.400000 2.511954
-2.150000 2.450000 2.515113
-2.150000 2.500000 2.517612
-2.150000 2.550000 2.519341
-2.150000 2.600000 2.520225
-2.150000 2.650000 2.520225
-2.150000 2.700000 2.519341
-2.150000 2.750000 2.517612
-2.150000 2.800000 2.515113
-2.150000 2.850000 2.511954
-2.150000 2.900000 2.508272
-2.150000 2.950000 2.504228
-2.150000 3.000000 2.500000
-2.150000 3.050000 2.495772
-2.150000 3.100000 2.491728
-2.150000 3.150000 2.488046
-2.150000 3.200000 2.484887
-2.150000 3.250000 2.482388
-2.150000 3.300000 2.480659
-2.150000 3.350000 2.479775
-2.150000 3.400000 2.479775
-2.150000 3.450000 2.480659
-2.150000 3.500000 2.482388
-2.150000 3.550000 2.484887
-2.150000 3.600000 2.488046
-2.150000 3.650000 2.491728
-2.150000 3.700000 2.495772
-2.150000 3.750000 2.500000
-2.150000 3.800000 2.504228
-2.150000 3.850000 2.508272
-2.150000 3.900000 2.511954
-2.150000 3.950000 2.515113
-2.150000 4.000000 2.517612
-2.150000 4.050000 2.519341
-2.150000 4.100000 2.520225
-2.150000 4.150000 2.520225
-2.150000 4.200000 2.519341
-2.150000 4.250000 2.517612
-2.150000 4.300000 2.515113
-2.150000 4.350000 2.511954
-2.150000 4.400000 2.508272
-2.150000 4.450000 2.504228
-2.150000 4.500000 2.500000
-2.150000 4.550000 2.495772
-2.150000 4.600000 2.491728
-2.150000 4.650000 2.488046
-2.150000 4.700000 2.484887
-2.150000 4.750000 2.482388
-2.150000 4.800000 2.480659
-2.150000 4.850000 2.479775
-2.150000 4.900000 2.479775
-2.150000 4.950000 2.480659
-2.150000 5.000000 2.482388
-2.150000 5.050000 2.484887
-2.150000 5.100000 2.488046
-2.150000 5.150000 2.491728
-2.150000 5.200000 2.495772
-2.150000 5.250000 2.500000
-2.150000 5.300000 2.504228
-2.150000 5.350000 2.508272
-2.150000 5.400000 2.511954
-2.150000 5.450000 2.515113
-2.150000 5.500000 2.517612
-2.150000 5.550000 2.519341
-2.150000 5.600000 2.520225
-2.150000 5.650000 2.520225
-2.150000 5.700000 2.519341
-2.150000 5.750000 2.517612
-2.150000 5.800000 2.515113
-2.150000 5.850000 2.511954
-2.150000 5.900000 2.508272
-2.150000 5.950000 2.504228
-2.150000 6.000000 2.500000
-2.100000 0.000000 2.500000
-2.100000 0.050000 2.493890
-2.100000 0.100000 2.488046
-2.100000 0.150000 2.482725
-2.100000 0.200000 2.478160
-2.100000 0.250000 2.474548
-2.100000 0.300000 2.472049
-2.100000 0.350000 2.470772
-2.100000 0.400000 2.470772
-2.100000 0.450000 2.472049
-2.100000 0.500000 2.474548
-2.100000 0.550000 2.478160
-2.100000 0.600000 2.482725
-2.100000 0.650000 2.488046
-2.100000 0.700000 2.493890
-2.100000 0.750000 2.500000
-2.100000 0.800000 2.506110
-2.100000 0.850000 2.511954
-2.100000 0.900000 2.517275
-2.100000 0.950000 2.521840
-2.100000 1.000000 2.525452
-2.100000 1.050000 2.527951
-2.100000 1.100000 2.529228
-2.100000 1.150000 2.529228
-2.100000 1.200000 2.527951
-2.100000 1.250000 2.525452
-2.100000 1.300000 2.521840
-2.100000 1.350000 2.517275
-2.100000 1.400000 2.511954
-2.100000 1.450000 2.506110
-2.100000 1.500000 2.500000
-2.100000 1.550000 2.493890
-2.100000 1.600000 2.488046
-2.100000 1.650000 2.482725
-2.100000 1.700000 2.478160
-2.100000 1.750000 2.474548
-2.100000 1.800000 2.472049
-2.100000 1.850000 2.470772
-2.100000 1.900000 2.470772
-2.100000 1.950000 2.472049
-2.100000 2.000000 2.474548
-2.100000 2.050000 2.478160
-2.100000 2.100000 2.482725
-2.100000 2.150000 2.488046
-2.100000 2.200000 2.493890
-2.100000 2.250000 2.500000
-2.100000 2.300000 2.506110
-2.100000 2.350000 2.511954
-2.100000 2.400000 2.517275
-2.100000 2.450000 2.521840
-2.100000 2.500000 2.525452
-2.100000 2.550000 2.527951
-2.100000 2.600000 2.529228
-2.100000 2.650000 2.529228
-2.100000 2.700000 2.527951
-2.100000 2.750000 2.525452
-2.100000 2.800000 2.521840
-2.100000 2.850000 2.517275
-2.100000 2.900000 2.511954
-2.100000 2.950000 2.506110
-2.100000 3.000000 2.500000
-2.100000 3.050000 2.493890
-2.100000 3.100000 2.488046
-2.100000 3.150000 2.482725
-2.100000 3.200000 2.478160
-2.100000 3.250000 2.474548
-2.100000 3.300000 2.472049
-2.100000 3.350000 2.470772
-2.100000 3.400000 2.470772
-2.100000 3.450000 2.472049
-2.100000 3.500000 2.474548
-2.100000 3.550000 2.478160
-2.100000 3.600000 2.482725
-2.100000 3.650000 2.488046
-2.100000 3.700000 2.493890
-2.100000 3.750000 2.500000
-2.100000 3.800000 2.506110
-2.100000 3.850000 2.511954
-2.100000 3.900000 2.517275
-2.100000 3.950000 2.521840
-2.100000 4.000000 2.525452
-2.100000 4.050000 2.527951
-2.100000 4.100000 2.529228
-2.100000 4.150000 2.529228
-2.100000 4.200000 2.527951
-2.100000 4.250000 2.525452
-2.100000 4.300000 2.521840
-2.100000 4.350000 2.517275
-2.100000 4.400000 2.511954
-2.100000 4.450000 2.506110
-2.100000 4.500000 2.500000
-2.100000 4.550000 2.493890
-2.100000 4.600000 2.488046
-2.100000 4.650000 2.482725
-2.100000 4.700000 2.478160
-2.100000 4.750000 2.474548
-2.100000 4.800000 2.472049
-2.100000 4.850000 2.470772
-2.100000 4.900000 2.470772
-2.100000 4.950000 2.472049
-2.100000 5.000000 2.474548
-2.100000 5.050000 2.478160
-2.100000 5.100000 2.482725
-2.100000 5.150000 2.488046
-2.100000 5.200000 2.493890
-2.100000 5.250000 2.500000
-2.100000 5.300000 2.506110
-2.100000 5.350000 2.511954
-2.100000 5.400000 2.517275
-2.100000 5.450000 2.521840
-2.100000 5.500000 2.525452
-2.100000 5.550000 2.527951
-2.100000 5.600000 2.529228
-2.100000 5.650000 2.529228
-2.100000 5.700000 2.527951
-2.100000 5.750000 2.525452
-2.100000 5.800000 2.521840
-2.100000 5.850000 2.517275
-2.100000 5.900000 2.511954
-2.100000 5.950000 2.506110
-2.100000 6.000000 2.500000
-2.050000 0.000000 2.500000
-2.050000 0.050000 2.492275
-2.050000 0.100000 2.484887
-2.050000 0.150000 2.478160
-2.050000 0.200000 2.472387
-2.050000 0.250000 2.467821
-2.050000 0.300000 2.464661
-2.050000 0.350000 2.463046
-2.050000 0.400000 2.463046
-2.050000 0.450000 2.464661
-2.050000 0.500000 2.467821
-2.050000 0.550000 2.472387
-2.050000 0.600000 2.478160
-2.050000 0.650000 2.484887
-2.050000 0.700000 2.492275
-2.050000 0.750000 2.500000
-2.050000 0.800000 2.507725
-2.050000 0.850000 2.515113
-2.050000 0.900000 2.521840
-2.050000 0.950000 2.527613
-2.050000 1.000000 2.532179
-2.050000 1.050000 2.535339
-2.050000 1.100000 2.536954
-2.050000 1.150000 2.536954
-2.050000 1.200000 2.535339
-2.050000 1.250000 2.532179
-2.050000 1.300000 2.527613
-2.050000 1.350000 2.521840
-2.050000 1.400000 2.515113
-2.050000 1.450000 2.507725
-2.050000 1.500000 2.500000
-2.050000 1.550000 2.492275
-2.050000 1.600000 2.484887
-2.050000 1.650000 2.478160
-2.050000 1.700000 2.472387
-2.050000 1.750000 2.467821
-2.050000 1.800000 2.464661
-2.050000 1.850000 2.463046
-2.050000 1.900000 2.463046
-2.050000 1.950000 2.464661
-2.050000 2.000000 2.467821
-2.050000 2.050000 2.472387
-2.050000 2.100000 2.478160
-2.050000 2.150000 2.484887
-2.050000 2.200000 2.492275
-2.050000 2.250000 2.500000
-2.050000 2.300000 2.507725
-2.050000 2.350000 2.515113
-2.050000 2.400000 2.521840
-2.050000 2.450000 2.527613
-2.050000 2.500000 2.532179
-2.050000 2.550000 2.535339
-2.050000 2.600000 2.536954
-2.050000 2.650000 2.536954
-2.050000 2.700000 2.535339
-2.050000 2.750000 2.532179
-2.050000 2.800000 2.527613
-2.050000 2.850000 2.521840
-2.050000 2.900000 2.515113
-2.050000 2.950000 2.507725
-2.050000 3.000000 2.500000
-2.050000 3.050000 2.492275
-2.050000 3.100000 2.484887
-2.050000 3.150000 2.478160
-2.050000 3.200000 2.472387
-2.050000 3.250000 2.467821
-2.050000 3.300000 2.464661
-2.050000 3.350000 2.463046
-2.050000 3.400000 2.463046
-2.050000 3.450000 2.464661
-2.050000 3.500000 2.467821
-2.050000 3.550000 2.472387
-2.050000 3.600000 2.478160
-2.050000 3.650000 2.484887
-2.050000 3.700000 2.492275
-2.050000 3.750000 2.500000
-2.050000 3.800000 2.507725
-2.050000 3.850000 2.515113
-2.050000 3.900000 2.521840
-2.050000 3.950000 2.527613
-2.050000 4.000000 2.532179
-2.050000 4.050000 2.535339
-2.050000 4.100000 2.536954
-2.050000 4.150000 2.536954
-2.050000 4.200000 2.535339
-2.050000 4.250000 2.532179
-2.050000 4.300000 2.527613
-2.050000 4.350000 2.521840
-2.050000 4.400000 2.515113
-2.050000 4.450000 2.507725
-2.050000 4.500000 2.500000
-2.050000 4.550000 2.492275
-2.050000 4.600000 2.484887
-2.050000 4.650000 2.478160
-2.050000 4.700000 2.472387
-2.050000 4.750000 2.467821
-2.050000 4.800000 2.464661
-2.050000 4.850000 2.463046
-2.050000 4.900000 2.463046
-2.050000 4.950000 2.464661
-2.050000 5.000000 2.467821
-2.050000 5.050000 2.472387
-2.050000 5.100000 2.478160
-2.050000 5.150000 2.484887
-2.050000 5.200000 2.492275
-2.050000 5.250000 2.500000
-2.050000 5.300000 2.507725
-2.050000 5.350000 2.515113
-2.050000 5.400000 2.521840
-2.050000 5.450000 2.527613
-2.050000 5.500000 2.532179
-2.050000 5.550000 2.535339
-2.050000 5.600000 2.536954
-2.050000 5.650000 2.536954
-2.050000 5.700000 2.535339
-2.050000 5.750000 2.532179
-2.050000 5.800000 2.527613
-2.050000 5.850000 2.521840
-2.050000 5.900000 2.515113
-2.050000 5.950000 2.507725
-2.050000 6.000000 2.500000
-2.000000 0.000000 2.500000
-2.000000 0.050000 2.490997
-2.000000 0.100000 2.482388
-2.000000 0.150000 2.474548
-2.000000 0.200000 2.467821
-2.000000 0.250000 2.462500
-2.000000 0.300000 2.458818
-2.000000 0.350000 2.456936
-2.000000 0.400000 2.456936
-2.000000 0.450000 2.458818
-2.000000 0.500000 2.462500
-2.000000 0.550000 2.467821
-2.000000 0.600000 2.474548
-2.000000 0.650000 2.482388
-2.000000 0.700000 2.490997
-2.000000 0.750000 2.500000
-2.000000 0.800000 2.509003
-2.000000 0.850000 2.517612
-2.000000 0.900000 2.525452
-2.000000 0.950000 2.532179
-2.000000 1.000000 2.537500
-2.000000 1.050000 2.541182
-2.000000 1.100000 2.543064
-2.000000 1.150000 2.543064
-2.000000 1.200000 2.541182
-2.000000 1.250000 2.537500
-2.000000 1.300000 2.532179
-2.000000 1.350000 2.525452
-2.000000 1.400000 2.517612
-2.000000 1.450000 2.509003
-2.000000 1.500000 2.500000
-2.000000 1.550000 2.490997
-2.000000 1.600000 2.482388
-2.000000 1.650000 2.474548
-2.000000 1.700000 2.467821
-2.000000 1.750000 2.462500
-2.000000 1.800000 2.458818
-2.000000 1.850000 2.456936
-2.000000 1.900000 2.456936
-2.000000 1.950000 2.458818
-2.000000 2.000000 2.462500
-2.000000 2.050000 2.467821
-2.000000 2.100000 2.474548
-2.000000 2.150000 2.482388
-2.000000 2.200000 2.490997
-2.000000 2.250000 2.500000
-2.000000 2.300000 2.509003
-2.000000 2.350000 2.517612
-2.000000 2.400000 2.525452
-2.000000 2.450000 2.532179
-2.000000 2.500000 2.537500
-2.000000 2.550000 2.541182
-2.000000 2.600000 2.543064
-2.000000 2.650000 2.543064
-2.000000 2.700000 2.541182
-2.000000 2.750000 2.537500
-2.000000 2.800000 2.532179
-2.000000 2.850000 2.525452
-2.000000 2.900000 2.517612
-2.000000 2.950000 2.509003
-2.000000 3.000000 2.500000
-2.000000 3.050000 2.490997
-2.000000 3.100000 2.482388
-2.000000 3.150000 2.474548
-2.000000 3.200000 2.467821
-2.000000 3.250000 2.462500
-2.000000 3.300000 2.458818
-2.000000 3.350000 2.456936
-2.000000 3.400000 2.456936
-2.000000 3.450000 2.458818
-2.000000 3.500000 2.462500
-2.000000 3.550000 2.467821
-2.000000 3.600000 2.474548
-2.000000 3.650000 2.482388
-2.000000 3.700000 2.490997
-2.000000 3.750000 2.500000
-2.000000 3.800000 2.509003
-2.000000 3.850000 2.517612
-2.000000 3.900000 2.525452
-2.000000 3.950000 2.532179
-2.000000 4.000000 2.537500
-2.000000 4.050000 2.541182
-2.000000 4.100000 2.543064
-2.000000 4.150000 2.543064
-2.000000 4.200000 2.541182
-2.000000 4.250000 2.537500
-2.000000 4.300000 2.532179
-2.000000 4.350000 2.525452
-2.000000 4.400000 2.517612
-2.000000 4.450000 2.509003
-2.000000 4.500000 2.500000
-2.000000 4.550000 2.490997
-2.000000 4.600000 2.482388
-2.000000 4.650000 2.474548
-2.000000 4.700000 2.467821
-2.000000 4.750000 2.462500
-2.000000 4.800000 2.458818
-2.000000 4.850000 2.456936
-2.000000 4.900000 2.456936
-2.000000 4.950000 2.458818
-2.000000 5.000000 2.462500
-2.000000 5.050000 2.467821
-2.000000 5.100000 2.474548
-2.000000 5.150000 2.482388
-2.000000 5.200000 2.490997
-2.000000 5.250000 2.500000
-2.000000 5.300000 2.509003
-2.000000 5.350000 2.517612
-2.000000 5.400000 2.525452
-2.000000 5.450000 2.532179
-2.000000 5.500000 2.537500
-2.000000 5.550000 2.541182
-2.000000 5.600000 2.543064
-2.000000 5.650000 2.543064
-2.000000 5.700000 2.541182
-2.000000 5.750000 2.537500
-2.000000 5.800000 2.532179
-2.000000 5.850000 2.525452
-2.000000 5.900000 2.517612
-2.000000 5.950000 2.509003
-2.000000 6.000000 2.500000
-1.950000 0.000000 2.500000
-1.950000 0.050000 2.490113
-1.950000 0.100000 2.480659
-1.950000 0.150000 2.472049
-1.950000 0.200000 2.464661
-1.950000 0.250000 2.458818
-1.950000 0.300000 2.454775
-1.950000 0.350000 2.452708
-1.950000 0.400000 2.452708
-1.950000 0.450000 2.454775
-1.950000 0.500000 2.458818
-1.950000 0.550000 2.464661
-1.950000 0.600000 2.472049
-1.950000 0.650000 2.480659
-1.950000 0.700000 2.490113
-1.950000 0.750000 2.500000
-1.950000 0.800000 2.509887
-1.950000 0.850000 2.519341
-1.950000 0.900000 2.527951
-1.950000 0.950000 2.535339
-1.950000 1.000000 2.541182
-1.950000 1.050000 2.545225
-1.950000 1.100000 2.547292
-1.950000 1.150000 2.547292
-1.950000 1.200000 2.545225
-1.950000 1.250000 2.541182
-1.950000 1.300000 2.535339
-1.950000 1.350000 2.527951
-1.950000 1.400000 2.519341
-1.950000 1.450000 2.509887
-1.950000 1.500000 2.500000
-1.950000 1.550000 2.490113
-1.950000 1.600000 2.480659
-1.950000 1.650000 2.472049
-1.950000 1.700000 2.464661
-1.950000 1.750000 2.458818
-1.950000 1.800000 2.454775
-1.950000 1.850000 2.452708
-1.950000 1.900000 2.452708
-1.950000 1.950000 2.454775
-1.950000 2.000000 2.458818
-1.950000 2.050000 2.464661
-1.950000 2.100000 2.472049
-1.950000 2.150000 2.480659
-1.950000 2.200000 2.490113
-1.950000 2.250000 2.500000
-1.950000 2.300000 2.509887
-1.950000 2.350000 2.519341
-1.950000 2.400000 2.527951
-1.950000 2.450000 2.535339
-1.950000 2.500000 2.541182
-1.950000 2.550000 2.545225
-1.950000 2.600000 2.547292
-1.950000 2.650000 2.547292
-1.950000 2.700000 2.545225
-1.950000 2.750000 2.541182
-1.950000 2.800000 2.535339
-1.950000 2.850000 2.527951
-1.950000 2.900000 2.519341
-1.950000 2.950000 2.509887
-1.950000 3.000000 2.500000
-1.950000 3.050000 2.490113
-1.950000 3.100000 2.480659
-1.950000 3.150000 2.472049
-1.950000 3.200000 2.464661
-1.950000 3.250000 2.458818
-1.950000 3.300000 2.454775
-1.950000 3.350000 2.452708
-1.950000 3.400000 2.452708
-1.950000 3.450000 2.454775
-1.950000 3.500000 2.458818
-1.950000 3.550000 2.464661
-1.950000 3.600000 2.472049
-1.950000 3.650000 2.480659
-1.950000 3.700000 2.490113
-1.950000 3.750000 2.500000
-1.950000 3.800000 2.509887
-1.950000 3.850000 2.519341
-1.950000 3.900000 2.527951
-1.950000 3.950000 2.535339
-1.950000 4.000000 2.541182
-1.950000 4.050000 2.545225
-1.950000 4.100000 2.547292
-1.950000 4.150000 2.547292
-1.950000 4.200000 2.545225
-1.950000 4.250000 2.541182
-1.950000 4.300000 2.535339
-1.950000 4.350000 2.527951
-1.950000 4.400000 2.519341
-1.950000 4.450000 2.509887
-1.950000 4.500000 2.500000
-1.950000 4.550000 2.490113
-1.950000 4.600000 2.480659
-1.950000 4.650000 2.472049
-1.950000 4.700000 2.464661
-1.950000 4.750000 2.458818
-1.950000 4.800000 2.454775
-1.950000 4.850000 2.452708
-1.950000 4.900000 2.452708
-1.950000 4.950000 2.454775
-1.950000 5.000000 2.458818
-1.950000 5.050000 2.464661
-1.950000 5.100000 2.472049
-1.950000 5.150000 2.480659
-1.950000 5.200000 2.490113
-1.950000 5.250000 2.500000
-1.950000 5.300000 2.509887
-1.950000 5.350000 2.519341
-1.950000 5.400000 2.527951
-1.950000 5.450000 2.535339
-1.950000 5.500000 2.541182
-1.950000 5.550000 2.545225
-1.950000 5.600000 2.547292
-1.950000 5.650000 2.547292
-1.950000 5.700000 2.545225
-1.950000 5.750000 2.541182
-1.950000 5.800000 2.535339
-1.950000 5.850000 2.527951
-1.950000 5.900000 2.519341
-1.950000 5.950000 2.509887
-1.950000 6.000000 2.500000
-1.900000 0.000000 2.500000
-1.900000 0.050000 2.489661
-1.900000 0.100000 2.479775
-1.900000 0.150000 2.470772
-1.900000 0.200000 2.463046
-1.900000 0.250000 2.456936
-1.900000 0.300000 2.452708
-1.900000 0.350000 2.450546
-1.900000 0.400000 2.450546
-1.900000 0.450000 2.452708
-1.900000 0.500000 2.456936
-1.900000 0.550000 2.463046
-1.900000 0.600000 2.470772
-1.900000 0.650000 2.479775
-1.900000 0.700000 2.489661
-1.900000 0.750000 2.500000
-1.900000 0.800000 2.510339
-1.900000 0.850000 2.520225
-1.900000 0.900000 2.529228
-1.900000 0.950000 2.536954
-1.900000 1.000000 2.543064
-1.900000 1.050000 2.547292
-1.900000 1.100000 2.549454
-1.900000 1.150000 2.549454
-1.900000 1.200000 2.547292
-1.900000 1.250000 2.543064
-1.900000 1.300000 2.536954
-1.900000 1.350000 2.529228
-1.900000 1.400000 2.520225
-1.900000 1.450000 2.510339
-1.900000 1.500000 2.500000
-1.900000 1.550000 2.489661
-1.900000 1.600000 2.479775
-1.900000 1.650000 2.470772
-1.900000 1.700000 2.463046
-1.900000 1.750000 2.456936
-1.900000 1.800000 2.452708
-1.900000 1.850000 2.450546
-1.900000 1.900000 2.450546
-1.900000 1.950000 2.452708
-1.900000 2.000000 2.456936
-1.900000 2.050000 2.463046
-1.900000 2.100000 2.470772
-1.900000 2.150000 2.479775
-1.900000 2.200000 2.489661
-1.900000 2.250000 2.500000
-1.900000 2.300000 2.510339
-1.900000 2.350000 2.520225
-1.900000 2.400000 2.529228
-1.900000 2.450000 2.536954
-1.900000 2.500000 2.543064
-1.900000 2.550000 2.547292
-1.900000 2.600000 2.549454
-1.900000 2.650000 2.549454
-1.900000 2.700000 2.547292
-1.900000 2.750000 2.543064
-1.900000 2.800000 2.536954
-1.900000 2.850000 2.529228
-1.900000 2.900000 2.520225
-1.900000 2.950000 2.510339
-1.900000 3.000000 2.500000
-1.900000 3.050000 2.489661
-1.900000 3.100000 2.479775
-1.900000 3.150000 2.470772
-1.900000 3.200000 2.463046
-1.900000 3.250000 2.456936
-1.900000 3.300000 2.452708
-1.900000 3.350000 2.450546
-1.900000 3.400000 2.450546
-1.900000 3.450000 2.452708
-1.900000 3.500000 2.456936
-1.900000 3.550000 2.463046
-1.900000 3.600000 2.470772
-1.900000 3.650000 2.479775
-1.900000 3.700000 2.489661
-1.900000 3.750000 2.500000
-1.900000 3.800000 2.510339
-1.900000 3.850000 2.520225
-1.900000 3.900000 2.529228
-1.900000 3.950000 2.536954
-1.900000 4.000000 2.543064
-1.900000 4.050000 2.547292
-1.900000 4.100000 2.549454
-1.900000 4.150000 2.549454
-1.900000 4.200000 2.547292
-1.900000 4.250000 2.543064
-1.900000 4.300000 2.536954
-1.900000 4.350000 2.529228
-1.900000 4.400000 2.520225
-1.900000 4.450000 2.510339
-1.900000 4.500000 2.500000
-1.900000 4.550000 2.489661
-1.900000 4.600000 2.479775
-1.900000 4.650000 2.470772
-1.900000 4.700000 2.463046
-1.900000 4.750000 2.456936
-1.900000 4.800000 2.452708
-1.900000 4.850000 2.450546
-1.900000 4.900000 2.450546
-1.900000 4.950000 2.452708
-1.900000 5.000000 2.456936
-1.900000 5.050000 2.463046
-1.900000 5.100000 2.470772
-1.900000 5.150000 2.479775
-1.900000 5.200000 2.489661
-1.900000 5.250000 2.500000
-1.900000 5.300000 2.510339
-1.900000 5.350000 2.520225
-1.900000 5.400000 2.529228
-1.900000 5.450000 2.536954
-1.900000 5.500000 2.543064
-1.900000 5.550000 2.547292
-1.900000 5.600000 2.549454
-1.900000 5.650000 2.549454
-1.900000 5.700000 2.547292
-1.900000 5.750000 2.543064
-1.900000 5.800000 2.536954
-1.900000 5.850000 2.529228
-1.900000 5.900000 2.520225
-1.900000 5.950000 2.510339
-1.900000 6.000000 2.500000
-1.850000 0.000000 2.500000
-1.850000 0.050000 2.489661
-1.850000 0.100000 2.479775
-1.850000 0.150000 2.470772
-1.850000 0.200000 2.463046
-1.850000 0.250000 2.456936
-1.850000 0.300000 2.452708
-1.850000 0.350000 2.450546
-1.850000 0.400000 2.450546
-1.850000 0.450000 2.452708
-1.850000 0.500000 2.456936
-1.850000 0.550000 2.463046
-1.850000 0.600000 2.470772
-1.850000 0.650000 2.479775
-1.850000 0.700000 2.489661
-1.850000 0.750000 2.500000
-1.850000 0.800000 2.510339
-1.850000 0.850000 2.520225
-1.850000 0.900000 2.529228
-1.850000 0.950000 2.536954
-1.850000 1.000000 2.543064
-1.850000 1.050000 2.547292
-1.850000 1.100000 2.549454
-1.850000 1.150000 2.549454
-1.850000 1.200000 2.547292
-1.850000 1.250000 2.543064
-1.850000 1.300000 2.536954
-1.850000 1.350000 2.529228
-1.850000 1.400000 2.520225
-1.850000 1.450000 2.510339
-1.850000 1.500000 2.500000
-1.850000 1.550000 2.489661
-1.850000 1.600000 2.479775
-1.850000 1.650000 2.470772
-1.850000 1.700000 2.463046
-1.850000 1.750000 2.456936
-1.850000 1.800000 2.452708
-1.850000 1.850000 2.450546
-1.850000 1.900000 2.450546
-1.850000 1.950000 2.452708
-1.850000 2.000000 2.456936
-1.850000 2.050000 2.463046
-1.850000 2.100000 2.470772
-1.850000 2.150000 2.479775
-1.850000 2.200000 2.489661
-1.850000 2.250000 2.500000
-1.850000 2.300000 2.510339
-1.850000 2.350000 2.520225
-1.850000 2.400000 2.529228
-1.850000 2.450000 2.536954
-1.850000 2.500000 2.543064
-1.850000 2.550000 2.547292
-1.850000 2.600000 2.549454
-1.850000 2.650000 2.549454
-1.850000 2.700000 2.547292
-1.850000 2.750000 2.543064
-1.850000 2.800000 2.536954
-1.850000 2.850000 2.529228
-1.850000 2.900000 2.520225
-1.850000 2.950000 2.510339
-1.850000 3.000000 2.500000
-1.850000 3.050000 2.489661
-1.850000 3.100000 2.479775
-1.850000 3.150000 2.470772
-1.850000 3.200000 2.463046
-1.850000 3.250000 2.456936
-1.850000 3.300000 2.452708
-1.850000 3.350000 2.450546
-1.850000 3.400000 2.450546
-1.850000 3.450000 2.452708
-1.850000 3.500000 2.456936
-1.850000 3.550000 2.463046
-1.850000 3.600000 2.470772
-1.850000 3.650000 2.479775
-1.850000 3.700000 2.489661
-1.850000 3.750000 2.500000
-1.850000 3.800000 2.510339
-1.850000 3.850000 2.520225
-1.850000 3.900000 2.529228
-1.850000 3.950000 2.536954
-1.850000 4.000000 2.543064
-1.850000 4.050000 2.547292
-1.850000 4.100000 2.549454
-1.850000 4.150000 2.549454
-1.850000 4.200000 2.547292
-1.850000 4.250000 2.543064
-1.850000 4.300000 2.536954
-1.850000 4.350000 2.529228
-1.850000 4.400000 2.520225
-1.850000 4.450000 2.510339
-1.850000 4.500000 2.500000
-1.850000 4.550000 2.489661
-1.850000 4.600000 2.479775
-1.850000 4.650000 2.470772
-1.850000 4.700000 2.463046
-1.850000 4.750000 2.456936
-1.850000 4.800000 2.452708
-1.850000 4.850000 2.450546
-1.850000 4.900000 2.450546
-1.850000 4.950000 2.452708
-1.850000 5.000000 2.456936
-1.850000 5.050000 2.463046
-1.850000 5.100000 2.470772
-1.850000 5.150000 2.479775
-1.850000 5.200000 2.489661
-1.850000 5.250000 2.500000
-1.850000 5.300000 2.510339
-1.850000 5.350000 2.520225
-1.850000 5.400000 2.529228
-1.850000 5.450000 2.536954
-1.850000 5.500000 2.543064
-1.850000 5.550000 2.547292
-1.850000 5.600000 2.549454
-1.850000 5.650000 2.549454
-1.850000 5.700000 2.547292
-1.850000 5.750000 2.543064
-1.850000 5.800000 2.536954
-1.850000 5.850000 2.529228
-1.850000 5.900000 2.520225
-1.850000 5.950000 2.510339
-1.850000 6.000000 2.500000
-1.800000 0.000000 2.500000
-1.800000 0.050000 2.490113
-1.800000 0.100000 2.480659
-1.800000 0.150000 2.472049
-1.800000 0.200000 2.464661
-1.800000 0.250000 2.458818
-1.800000 0.300000 2.454775
-1.800000 0.350000 2.452708
-1.800000 0.400000 2.452708
-1.800000 0.450000 2.454775
-1.800000 0.500000 2.458818
-1.800000 0.550000 2.464661
-1.800000 0.600000 2.472049
-1.800000 0.650000 2.480659
-1.800000 0.700000 2.490113
-1.800000 0.750000 2.500000
-1.800000 0.800000 2.509887
-1.800000 0.850000 2.519341
-1.800000 0.900000 2.527951
-1.800000 0.950000 2.535339
-1.800000 1.000000 2.541182
-1.800000 1.050000 2.545225
-1.800000 1.100000 2.547292
-1.800000 1.150000 2.547292
-1.800000 1.200000 2.545225
-1.800000 1.250000 2.541182
-1.800000 1.300000 2.535339
-1.800000 1.350000 2.527951
-1.800000 1.400000 2.519341
-1.800000 1.450000 2.509887
-1.800000 1.500000 2.500000
-1.800000 1.550000 2.490113
-1.800000 1.600000 2.480659
-1.800000 1.650000 2.472049
-1.800000 1.700000 2.464661
-1.800000 1.750000 2.458818
-1.800000 1.800000 2.454775
-1.800000 1.850000 2.452708
-1.800000 1.900000 2.452708
-1.800000 1.950000 2.454775
-1.800000 2.000000 2.458818
-1.800000 2.050000 2.464661
-1.800000 2.100000 2.472049
-1.800000 2.150000 2.480659
-1.800000 2.200000 2.490113
-1.800000 2.250000 2.500000
-1.800000 2.300000 2.509887
-1.800000 2.350000 2.519341
-1.800000 2.400000 2.527951
-1.800000 2.450000 2.535339
-1.800000 2.500000 2.541182
-1.800000 2.550000 2.545225
-1.800000 2.600000 2.547292
-1.800000 2.650000 2.547292
-1.800000 2.700000 2.545225
-1.800000 2.750000 2.541182
-1.800000 2.800000 2.535339
-1.800000 2.850000 2.527951
-1.800000 2.900000 2.519341
-1.800000 2.950000 2.509887
-1.800000 3.000000 2.500000
-1.800000 3.050000 2.490113
-1.800000 3.100000 2.480659
-1.800000 3.150000 2.472049
-1.800000 3.200000 2.464661
-1.800000 3.250000 2.458818
-1.800000 3.300000 2.454775
-1.800000 3.350000 2.452708
-1.800000 3.400000 2.452708
-1.800000 3.450000 2.454775
-1.800000 3.500000 2.458818
-1.800000 3.550000 2.464661
-1.800000 3.600000 2.472049
-1.800000 3.650000 2.480659
-1.800000 3.700000 2.490113
-1.800000 3.750000 2.500000
-1.800000 3.800000 2.509887
-1.800000 3.850000 2.519341
-1.800000 3.900000 2.527951
-1.800000 3.950000 2.535339
-1.800000 4.000000 2.541182
-1.800000 4.050000 2.545225
-1.800000 4.100000 2.547292
-1.800000 4.150000 2.547292
-1.800000 4.200000 2.545225
-1.800000 4.250000 2.541182
-1.800000 4.300000 2.535339
-1.800000 4.350000 2.527951
-1.800000 4.400000 2.519341
-1.800000 4.450000 2.509887
-1.800000 4.500000 2.500000
-1.800000 4.550000 2.490113
-1.800000 4.600000 2.480659
-1.800000 4.650000 2.472049
-1.800000 4.700000 2.464661
-1.800000 4.750000 2.458818
-1.800000 4.800000 2.454775
-1.800000 4.850000 2.452708
-1.800000 4.900000 2.452708
-1.800000 4.950000 2.454775
-1.800000 5.000000 2.458818
-1.800000 5.050000 2.464661
-1.800000 5.100000 2.472049
-1.800000 5.150000 2.480659
-1.800000 5.200000 2.490113
-1.800000 5.250000 2.500000
-1.800000 5.300000 2.509887
-1.800000 5.350000 2.519341
-1.800000 5.400000 2.527951
-1.800000 5.450000 2.535339
-1.800000 5.500000 2.541182
-1.800000 5.550000 2.545225
-1.800000 5.600000 2.547292
-1.800000 5.650000 2.547292
-1.800000 5.700000 2.545225
-1.800000 5.750000 2.541182
-1.800000 5.800000 2.535339
-1.800000 5.850000 2.527951
-1.800000 5.900000 2.519341
-1.800000 5.950000 2.509887
-1.800000 6.000000 2.500000
-1.750000 0.000000 2.500000
-1.750000 0.050000 2.490997
-1.750000 0.100000 2.482388
-1.750000 0.150000 2.474548
-1.750000 0.200000 2.467821
-1.750000 0.250000 2.462500
-1.750000 0.300000 2.458818
-1.750000 0.350000 2.456936
-1.750000 0.400000 2.456936
-1.750000 0.450000 2.458818
-1.750000 0.500000 2.462500
-1.750000 0.550000 2.467821
-1.750000 0.600000 2.474548
-1.750000 0.650000 2.482388
-1.750000 0.700000 2.490997
-1.750000 0.750000 2.500000
-1.750000 0.800000 2.509003
-1.750000 0.850000 2.517612
-1.750000 0.900000 2.525452
-1.750000 0.950000 2.532179
-1.750000 1.000000 2.537500
-1.750000 1.050000 2.541182
-1.750000 1.100000 2.543064
-1.750000 1.150000 2.543064
-1.750000 1.200000 2.541182
-1.750000 1.250000 2.537500
-1.750000 1.300000 2.532179
-1.750000 1.350000 2.525452
-1.750000 1.400000 2.517612
-1.750000 1.450000 2.509003
-1.750000 1.500000 2.500000
-1.750000 1.550000 2.490997
-1.750000 1.600000 2.482388
-1.750000 1.650000 2.474548
-1.750000 1.700000 2.467821
-1.750000 1.750000 2.462500
-1.750000 1.800000 2.458818
-1.750000 1.850000 2.456936
-1.750000 1.900000 2.456936
-1.750000 1.950000 2.458818
-1.750000 2.000000 2.462500
-1.750000 2.050000 2.467821
-1.750000 2.100000 2.474548
-1.750000 2.150000 2.482388
-1.750000 2.200000 2.490997
-1.750000 2.250000 2.500000
-1.750000 2.300000 2.509003
-1.750000 2.350000 2.517612
-1.750000 2.400000 2.525452
-1.750000 2.450000 2.532179
-1.750000 2.500000 2.537500
-1.750000 2.550000 2.541182
-1.750000 2.600000 2.543064
-1.750000 2.650000 2.543064
-1.750000 2.700000 2.541182
-1.750000 2.750000 2.537500
-1.750000 2.800000 2.532179
-1.750000 2.850000 2.525452
-1.750000 2.900000 2.517612
-1.750000 2.950000 2.509003
-1.750000 3.000000 2.500000
-1.750000 3.050000 2.490997
-1.750000 3.100000 2.482388
-1.750000 3.150000 2.474548
-1.750000 3.200000 2.467821
-1.750000 3.250000 2.462500
-1.750000 3.300000 2.458818
-1.750000 3.350000 2.456936
-1.750000 3.400000 2.456936
-1.750000 3.450000 2.458818
-1.750000 3.500000 2.462500
-1.750000 3.550000 2.467821
-1.750000 3.600000 2.474548
-1.750000 3.650000 2.482388
-1.750000 3.700000 2.490997
-1.750000 3.750000 2.500000
-1.750000 3.800000 2.509003
-1.750000 3.850000 2.517612
-1.750000 3.900000 2.525452
-1.750000 3.950000 2.532179
-1.750000 4.000000 2.537500
-1.750000 4.050000 2.541182
-1.750000 4.100000 2.543064
-1.750000 4.150000 2.543064
-1.750000 4.200000 2.541182
-1.750000 4.250000 2.537500
-1.750000 4.300000 2.532179
-1.750000 4.350000 2.525452
-1.750000 4.400000 2.517612
-1.750000 4.450000 2.509003
-1.750000 4.500000 2.500000
-1.750000 4.550000 2.490997
-1.750000 4.600000 2.482388
-1.750000 4.650000 2.474548
-1.750000 4.700000 2.467821
-1.750000 4.750000 2.462500
-1.750000 4.800000 2.458818
-1.750000 4.850000 2.456936
-1.750000 4.900000 2.456936
-1.750000 4.950000 2.458818
-1.750000 5.000000 2.462500
-1.750000 5.050000 2.467821
-1.750000 5.100000 2.474548
-1.750000 5.150000 2.482388
-1.750000 5.200000 2.490997
-1.750000 5.250000 2.500000
-1.750000 5.300000 2.509003
-1.750000 5.350000 2.517612
-1.750000 5.400000 2.525452
-1.750000 5.450000 2.532179
-1.750000 5.500000 2.537500
-1.750000 5.550000 2.541182
-1.750000 5.600000 2.543064
-1.750000 5.650000 2.543064
-1.750000 5.700000 2.541182
-1.750000 5.750000 2.537500
-1.750000 5.800000 2.532179
-1.750000 5.850000 2.525452
-1.750000 5.900000 2.517612
-1.750000 5.950000 2.509003
-1.750000 6.000000 2.500000
-1.700000 0.000000 2.500000
-1.700000 0.050000 2.492275
-1.700000 0.100000 2.484887
-1.700000 0.150000 2.478160
-1.700000 0.200000 2.472387
-1.700000 0.250000 2.467821
-1.700000 0.300000 2.464661
-1.700000 0.350000 2.463046
-1.700000 0.400000 2.463046
-1.700000 0.450000 2.464661
-1.700000 0.500000 2.467821
-1.700000 0.550000 2.472387
-1.700000 0.600000 2.478160
-1.700000 0.650000 2.484887
-1.700000 0.700000 2.492275
-1.700000 0.750000 2.500000
-1.700000 0.800000 2.507725
-1.700000 0.850000 2.515113
-1.700000 0.900000 2.521840
-1.700000 0.950000 2.527613
-1.700000 1.000000 2.532179
-1.700000 1.050000 2.535339
-1.700000 1.100000 2.536954
-1.700000 1.150000 2.536954
-1.700000 1.200000 2.535339
-1.700000 1.250000 2.532179
-1.700000 1.300000 2.527613
-1.700000 1.350000 2.521840
-1.700000 1.400000 2.515113
-1.700000 1.450000 2.507725
-1.700000 1.500000 2.500000
-1.700000 1.550000 2.492275
-1.700000 1.600000 2.484887
-1.700000 1.650000 2.478160
-1.700000 1.700000 2.472387
-1.700000 1.750000 2.467821
-1.700000 1.800000 2.464661
-1.700000 1.850000 2.463046
-1.700000 1.900000 2.463046
-1.700000 1.950000 2.464661
-1.700000 2.000000 2.467821
-1.700000 2.050000 2.472387
-1.700000 2.100000 2.478160
-1.700000 2.150000 2.484887
-1.700000 2.200000 2.492275
-1.700000 2.250000 2.500000
-1.700000 2.300000 2.507725
-1.700000 2.350000 2.515113
-1.700000 2.400000 2.521840
-1.700000 2.450000 2.527613
-1.700000 2.500000 2.532179
-1.700000 2.550000 2.535339
-1.700000 2.600000 2.536954
-1.700000 2.650000 2.536954
-1.700000 2.700000 2.535339
-1.700000 2.750000 2.532179
-1.700000 2.800000 2.527613
-1.700000 2.850000 2.521840
-1.700000 2.900000 2.515113
-1.700000 2.950000 2.507725
-1.700000 3.000000 2.500000
-1.700000 3.050000 2.492275
-1.700000 3.100000 2.484887
-1.700000 3.150000 2.478160
-1.700000 3.200000 2.472387
-1.700000 3.250000 2.467821
-1.700000 3.300000 2.464661
-1.700000 3.350000 2.463046
-1.700000 3.400000 2.463046
-1.700000 3.450000 2.464661
-1.700000 3.500000 2.467821
-1.700000 3.550000 2.472387
-1.700000 3.600000 2.478160
-1.700000 3.650000 2.484887
-1.700000 3.700000 2.492275
-1.700000 3.750000 2.500000
-1.700000 3.800000 2.507725
-1.700000 3.850000 2.515113
-1.700000 3.900000 2.521840
-1.700000 3.950000 2.527613
-1.700000 4.000000 2.532179
-1.700000 4.050000 2.535339
-1.700000 4.100000 2.536954
-1.700000 4.150000 2.536954
-1.700000 4.200000 2.535339
-1.700000 4.250000 2.532179
-1.700000 4.300000 2.527613
-1.700000 4.350000 2.521840
-1.700000 4.400000 2.515113
-1.700000 4.450000 2.507725
-1.700000 4.500000 2.500000
-1.700000 4.550000 2.492275
-1.700000 4.600000 2.484887
-1.700000 4.650000 2.478160
-1.700000 4.700000 2.472387
-1.700000 4.750000 2.467821
-1.700000 4.800000 2.464661
-1.700000 4.850000 2.463046
-1.700000 4.900000 2.463046
-1.700000 4.950000 2.464661
-1.700000 5.000000 2.467821
-1.700000 5.050000 2.472387
-1.700000 5.100000 2.478160
-1.700000 5.150000 2.484887
-1.700000 5.200000 2.492275
-1.700000 5.250000 2.500000
-1.700000 5.300000 2.507725
-1.700000 5.350000 2.515113
-1.700000 5.400000 2.521840
-1.700000 5.450000 2.527613
-1.700000 5.500000 2.532179
-1.700000 5.550000 2.535339
-1.700000 5.600000 2.536954
-1.700000 5.650000 2.536954
-1.700000 5.700000 2.535339
-1.700000 5.750000 2.532179
-1.700000 5.800000 2.527613
-1.700000 5.850000 2.521840
-1.700000 5.900000 2.515113
-1.700000 5.950000 2.507725
-1.700000 6.000000 2.500000
-1.650000 0.000000 2.500000
-1.650000 0.050000 2.493890
-1.650000 0.100000 2.488046
-1.650000 0.150000 2.482725
-1.650000 0.200000 2.478160
-1.650000 0.250000 2.474548
-1.650000 0.300000 2.472049
-1.650000 0.350000 2.470772
-1.650000 0.400000 2.470772
-1.650000 0.450000 2.472049
-1.650000 0.500000 2.474548
-1.650000 0.550000 2.478160
-1.650000 0.600000 2.482725
-1.650000 0.650000 2.488046
-1.650000 0.700000 2.493890
-1.650000 0.750000 2.500000
-1.650000 0.800000 2.506110
-1.650000 0.850000 2.511954
-1.650000 0.900000 2.517275
-1.650000 0.950000 2.521840
-1.650000 1.000000 2.525452
-1.650000 1.050000 2.527951
-1.650000 1.100000 2.529228
-1.650000 1.150000 2.529228
-1.650000 1.200000 2.527951
-1.650000 1.250000 2.525452
-1.650000 1.300000 2.521840
-1.650000 1.350000 2.517275
-1.650000 1.400000 2.511954
-1.650000 1.450000 2.506110
-1.650000 1.500000 2.500000
-1.650000 1.550000 2.493890
-1.650000 1.600000 2.488046
-1.650000 1.650000 2.482725
-1.650000 1.700000 2.478160
-1.650000 1.750000 2.474548
-1.650000 1.800000 2.472049
-1.650000 1.850000 2.470772
-1.650000 1.900000 2.470772
-1.650000 1.950000 2.472049
-1.650000 2.000000 2.474548
-1.650000 2.050000 2.478160
-1.650000 2.100000 2.482725
-1.650000 2.150000 2.488046
-1.650000 2.200000 2.493890
-1.650000 2.250000 2.500000
-1.650000 2.300000 2.506110
-1.650000 2.350000 2.511954
-1.650000 2.400000 2.517275
-1.650000 2.450000 2.521840
-1.650000 2.500000 2.525452
-1.650000 2.550000 2.527951
-1.650000 2.600000 2.529228
-1.650000 2.650000 2.529228
-1.650000 2.700000 2.527951
-1.650000 2.750000 2.525452
-1.650000 2.800000 2.521840
-1.650000 2.850000 2.517275
-1.650000 2.900000 2.511954
-1.650000 2.950000 2.506110
-1.650000 3.000000 2.500000
-1.650000 3.050000 2.493890
-1.650000 3.100000 2.488046
-1.650000 3.150000 2.482725
-1.650000 3.200000 2.478160
-1.650000 3.250000 2.474548
-1.650000 3.300000 2.472049
-1.650000 3.350000 2.470772
-1.650000 3.400000 2.470772
-1.650000 3.450000 2.472049
-1.650000 3.500000 2.474548
-1.650000 3.550000 2.478160
-1.650000 3.600000 2.482725
-1.650000 3.650000 2.488046
-1.650000 3.700000 2.493890
-1.650000 3.750000 2.500000
-1.650000 3.800000 2.506110
-1.650000 3.850000 2.511954
-1.650000 3.900000 2.517275
-1.650000 3.950000 2.521840
-1.650000 4.000000 2.525452
-1.650000 4.050000 2.527951
-1.650000 4.100000 2.529228
-1.650000 4.150000 2.529228
-1.650000 4.200000 2.527951
-1.650000 4.250000 2.525452
-1.650000 4.300000 2.521840
-1.650000 4.350000 2.517275
-1.650000 4.400000 2.511954
-1.650000 4.450000 2.506110
-1.650000 4.500000 2.500000
-1.650000 4.550000 2.493890
-1.650000 4.600000 2.488046
-1.650000 4.650000 2.482725
-1.650000 4.700000 2.478160
-1.650000 4.750000 2.474548
-1.650000 4.800000 2.472049
-1.650000 4.850000 2.470772
-1.650000 4.900000 2.470772
-1.650000 4.950000 2.472049
-1.650000 5.000000 2.474548
-1.650000 5.050000 2.478160
-1.650000 5.100000 2.482725
-1.650000 5.150000 2.488046
-1.650000 5.200000 2.493890
-1.650000 5.250000 2.500000
-1.650000 5.300000 2.506110
-1.650000 5.350000 2.511954
-1.650000 5.400000 2.517275
-1.650000 5.450000 2.521840
-1.650000 5.500000 2.525452
-1.650000 5.550000 2.527951
-1.650000 5.600000 2.529228
-1.650000 5.650000 2.529228
-1.650000 5.700000 2.527951
-1.650000 5.750000 2.525452
-1.650000 5.800000 2.521840
-1.650000 5.850000 2.517275
-1.650000 5.900000 2.511954
-1.650000 5.950000 2.506110
-1.650000 6.000000 2.500000
-1.600000 0.000000 2.500000
-1.600000 0.050000 2.495772
-1.600000 0.100000 2.491728
-1.600000 0.150000 2.488046
-1.600000 0.200000 2.484887
-1.600000 0.250000 2.482388
-1.600000 0.300000 2.480659
-1.600000 0.350000 2.479775
-1.600000 0.400000 2.479775
-1.600000 0.450000 2.480659
-1.600000 0.500000 2.482388
-1.600000 0.550000 2.484887
-1.600000 0.600000 2.488046
-1.600000 0.650000 2.491728
-1.600000 0.700000 2.495772
-1.600000 0.750000 2.500000
-1.600000 0.800000 2.504228
-1.600000 0.850000 2.508272
-1.600000 0.900000 2.511954
-1.600000 0.950000 2.515113
-1.600000 1.000000 2.517612
-1.600000 1.050000 2.519341
-1.600000 1.100000 2.520225
-1.600000 1.150000 2.520225
-1.600000 1.200000 2.519341
-1.600000 1.250000 2.517612
-1.600000 1.300000 2.515113
-1.600000 1.350000 2.511954
-1.600000 1.400000 2.508272
-1.600000 1.450000 2.504228
-1.600000 1.500000 2.500000
-1.600000 1.550000 2.495772
-1.600000 1.600000 2.491728
-1.600000 1.650000 2.488046
-1.600000 1.700000 2.484887
-1.600000 1.750000 2.482388
-1.600000 1.800000 2.480659
-1.600000 1.850000 2.479775
-1.600000 1.900000 2.479775
-1.600000 1.950000 2.480659
-1.600000 2.000000 2.482388
-1.600000 2.050000 2.484887
-1.600000 2.100000 2.488046
-1.600000 2.150000 2.491728
-1.600000 2.200000 2.495772
-1.600000 2.250000 2.500000
-1.600000 2.300000 2.504228
-1.600000 2.350000 2.508272
-1.600000 2.400000 2.511954
-1.600000 2.450000 2.515113
-1.600000 2.500000 2.517612
-1.600000 2.550000 2.519341
-1.600000 2.600000 2.520225
-1.600000 2.650000 2.520225
-1.600000 2.700000 2.519341
-1.600000 2.750000 2.517612
-1.600000 2.800000 2.515113
-1.600000 2.850000 2.511954
-1.600000 2.900000 2.508272
-1.600000 2.950000 2.504228
-1.600000 3.000000 2.500000
-1.600000 3.050000 2.495772
-1.600000 3.100000 2.491728
-1.600000 3.150000 2.488046
-1.600000 3.200000 2.484887
-1.600000 3.250000 2.482388
-1.600000 3.300000 2.480659
-1.600000 3.350000 2.479775
-1.600000 3.400000 2.479775
-1.600000 3.450000 2.480659
-1.600000 3.500000 2.482388
-1.600000 3.550000 2.484887
-1.600000 3.600000 2.488046
-1.600000 3.650000 2.491728
-1.600000 3.700000 2.495772
-1.600000 3.750000 2.500000
-1.600000 3.800000 2.504228
-1.600000 3.850000 2.508272
-1.600000 3.900000 2.511954
-1.600000 3.950000 2.515113
-1.600000 4.000000 2.517612
-1.600000 4.050000 2.519341
-1.600000 4.100000 2.520225
-1.600000 4.150000 2.520225
-1.600000 4.200000 2.519341
-1.600000 4.250000 2.517612
-1.600000 4.300000 2.515113
-1.600000 4.350000 2.511954
-1.600000 4.400000 2.508272
-1.600000 4.450000 2.504228
-1.600000 4.500000 2.500000
-1.600000 4.550000 2.495772
-1.600000 4.600000 2.491728
-1.600000 4.650000 2.488046
-1.600000 4.700000 2.484887
-1.600000 4.750000 2.482388
-1.600000 4.800000 2.480659
-1.600000 4.850000 2.479775
-1.600000 4.900000 2.479775
-1.600000 4.950000 2.480659
-1.600000 5.000000 2.482388
-1.600000 5.050000 2.484887
-1.600000 5.100000 2.488046
-1.600000 5.150000 2.491728
-1.600000 5.200000 2.495772
-1.600000 5.250000 2.500000
-1.600000 5.300000 2.504228
-1.600000 5.350000 2.508272
-1.600000 5.400000 2.511954
-1.600000 5.450000 2.515113
-1.600000 5.500000 2.517612
-1.600000 5.550000 2.519341
-1.600000 5.600000 2.520225
-1.600000 5.650000 2.520225
-1.600000 5.700000 2.519341
-1.600000 5.750000 2.517612
-1.600000 5.800000 2.515113
-1.600000 5.850000 2.511954
-1.600000 5.900000 2.508272
-1.600000 5.950000 2.504228
-1.600000 6.000000 2.500000
-1.550000 0.000000 2.500000
-1.550000 0.050000 2.497839
-1.550000 0.100000 2.495772
-1.550000 0.150000 2.493890
-1.550000 0.200000 2.492275
-1.550000 0.250000 2.490997
-1.550000 0.300000 2.490113
-1.550000 0.350000 2.489661
-1.550000 0.400000 2.489661
-1.550000 0.450000 2.490113
-1.550000 0.500000 2.490997
-1.550000 0.550000 2.492275
-1.550000 0.600000 2.493890
-1.550000 0.650000 2.495772
-1.550000 0.700000 2.497839
-1.550000 0.750000 2.500000
-1.550000 0.800000 2.502161
-1.550000 0.850000 2.504228
-1.550000 0.900000 2.506110
-1.550000 0.950000 2.507725
-1.550000 1.000000 2.509003
-1.550000 1.050000 2.509887
-1.550000 1.100000 2.510339
-1.550000 1.150000 2.510339
-1.550000 1.200000 2.509887
-1.550000 1.250000 2.509003
-1.550000 1.300000 2.507725
-1.550000 1.350000 2.506110
-1.550000 1.400000 2.504228
-1.550000 1.450000 2.502161
-1.550000 1.500000 2.500000
-1.550000 1.550000 2.497839
-1.550000 1.600000 2.495772
-1.550000 1.650000 2.493890
-1.550000 1.700000 2.492275
-1.550000 1.750000 2.490997
-1.550000 1.800000 2.490113
-1.550000 1.850000 2.489661
-1.550000 1.900000 2.489661
-1.550000 1.950000 2.490113
-1.550000 2.000000 2.490997
-1.550000 2.050000 2.492275
-1.550000 2.100000 2.493890
-1.550000 2.150000 2.495772
-1.550000 2.200000 2.497839
-1.550000 2.250000 2.500000
-1.550000 2.300000 2.502161
-1.550000 2.350000 2.504228
-1.550000 2.400000 2.506110
-1.550000 2.450000 2.507725
-1.550000 2.500000 2.509003
-1.550000 2.550000 2.509887
-1.550000 2.600000 2.510339
-1.550000 2.650000 2.510339
-1.550000 2.700000 2.509887
-1.550000 2.750000 2.509003
-1.550000 2.800000 2.507725
-1.550000 2.850000 2.506110
-1.550000 2.900000 2.504228
-1.550000 2.950000 2.502161
-1.550000 3.000000 2.500000
-1.550000 3.050000 2.497839
-1.550000 3.100000 2.495772
-1.550000 3.150000 2.493890
-1.550000 3.200000 2.492275
-1.550000 3.250000 2.490997
-1.550000 3.300000 2.490113
-1.550000 3.350000 2.489661
-1.550000 3.400000 2.489661
-1.550000 3.450000 2.490113
-1.550000 3.500000 2.490997
-1.550000 3.550000 2.492275
-1.550000 3.600000 2.493890
-1.550000 3.650000 2.495772
-1.550000 3.700000 2.497839
-1.550000 3.750000 2.500000
-1.550000 3.800000 2.502161
-1.550000 3.850000 2.504228
-1.550000 3.900000 2.506110
-1.550000 3.950000 2.507725
-1.550000 4.000000 2.509003
-1.550000 4.050000 2.509887
-1.550000 4.100000 2.510339
-1.550000 4.150000 2.510339
-1.550000 4.200000 2.509887
-1.550000 4.250000 2.509003
-1.550000 4.300000 2.507725
-1.550000 4.350000 2.506110
-1.550000 4.400000 2.504228
-1.550000 4.450000 2.502161
-1.550000 4.500000 2.500000
-1.550000 4.550000 2.497839
-1.550000 4.600000 2.495772
-1.550000 4.650000 2.493890
-1.550000 4.700000 2.492275
-1.550000 4.750000 2.490997
-1.550000 4.800000 2.490113
-1.550000 4.850000 2.489661
-1.550000 4.900000 2.489661
-1.550000 4.950000 2.490113
-1.550000 5.000000 2.490997
-1.550000 5.050000 2.492275
-1.550000 5.100000 2.493890
-1.550000 5.150000 2.495772
-1.550000 5.200000 2.497839
-1.550000 5.250000 2.500000
-1.550000 5.300000 2.502161
-1.550000 5.350000 2.504228
-1.550000 5.400000 2.506110
-1.550000 5.450000 2.507725
-1.550000 5.500000 2.509003
-1.550000 5.550000 2.509887
-1.550000 5.600000 2.510339
-1.550000 5.650000 2.510339
-1.550000 5.700000 2.509887
-1.550000 5.750000 2.509003
-1.550000 5.800000 2.507725
-1.550000 5.850000 2.506110
-1.550000 5.900000 2.504228
-1.550000 5.950000 2.502161
-1.550000 6.000000 2.500000
-1.500000 0.000000 2.500000
-1.500000 0.050000 2.500000
-1.500000 0.100000 2.500000
-1.500000 0.150000 2.500000
-1.500000 0.200000 2.500000
-1.500000 0.250000 2.500000
-1.500000 0.300000 2.500000
-1.500000 0.350000 2.500000
-1.500000 0.400000 2.500000
-1.500000 0.450000 2.500000
-1.500000 0.500000 2.500000
-1.500000 0.550000 2.500000
-1.500000 0.600000 2.500000
-1.500000 0.650000 2.500000
-1.500000 0.700000 2.500000
-1.500000 0.750000 2.500000
-1.500000 0.800000 2.500000
-1.500000 0.850000 2.500000
-1.500000 0.900000 2.500000
-1.500000 0.950000 2.500000
-1.500000 1.000000 2.500000
-1.500000 1.050000 2.500000
-1.500000 1.100000 2.500000
-1.500000 1.150000 2.500000
-1.500000 1.200000 2.500000
-1.500000 1.250000 2.500000
-1.500000 1.300000 2.500000
-1.500000 1.350000 2.500000
-1.500000 1.400000 2.500000
-1.500000 1.450000 2.500000
-1.500000 1.500000 2.500000
-1.500000 1.550000 2.500000
-1.500000 1.600000 2.500000
-1.500000 1.650000 2.500000
-1.500000 1.700000 2.500000
-1.500000 1.750000 2.500000
-1.500000 1.800000 2.500000
-1.500000 1.850000 2.500000
-1.500000 1.900000 2.500000
-1.500000 1.950000 2.500000
-1.500000 2.000000 2.500000
-1.500000 2.050000 2.500000
-1.500000 2.100000 2.500000
-1.500000 2.150000 2.500000
-1.500000 2.200000 2.500000
-1.500000 2.250000 2.500000
-1.500000 2.300000 2.500000
-1.500000 2.350000 2.500000
-1.500000 2.400000 2.500000
-1.500000 2.450000 2.500000
-1.500000 2.500000 2.500000
-1.500000 2.550000 2.500000
-1.500000 2.600000 2.500000
-1.500000 2.650000 2.500000
-1.500000 2.700000 2.500000
-1.500000 2.750000 2.500000
-1.500000 2.800000 2.500000
-1.500000 2.850000 2.500000
-1.500000 2.900000 2.500000
-1.500000 2.950000 2.500000
-1.500000 3.000000 2.500000
-1.500000 3.050000 2.500000
-1.500000 3.100000 2.500000
-1.500000 3.150000 2.500000
-1.500000 3.200000 2.500000
-1.500000 3.250000 2.500000
-1.500000 3.300000 2.500000
-1.500000 3.350000 2.500000
-1.500000 3.400000 2.500000
-1.500000 3.450000 2.500000
-1.500000 3.500000 2.500000
-1.500000 3.550000 2.500000
-1.500000 3.600000 2.500000
-1.500000 3.650000 2.500000
-1.500000 3.700000 2.500000
-1.500000 3.750000 2.500000
-1.500000 3.800000 2.500000
-1.500000 3.850000 2.500000
-1.500000 3.900000 2.500000
-1.500000 3.950000 2.500000
-1.500000 4.000000 2.500000
-1.500000 4.050000 2.500000
-1.500000 4.100000 2.500000
-1.500000 4.150000 2.500000
-1.500000 4.200000 2.500000
-1.500000 4.250000 2.500000
-1.500000 4.300000 2.500000
-1.500000 4.350000 2.500000
-1.500000 4.400000 2.500000
-1.500000 4.450000 2.500000
-1.500000 4.500000 2.500000
-1.500000 4.550000 2.500000
-1.500000 4.600000 2.500000
-1.500000 4.650000 2.500000
-1.500000 4.700000 2.500000
-1.500000 4.750000 2.500000
-1.500000 4.800000 2.500000
-1.500000 4.850000 2.500000
-1.500000 4.900000 2.500000
-1.500000 4.950000 2.500000
-1.500000 5.000000 2.500000
-1.500000 5.050000 2.500000
-1.500000 5.100000 2.500000
-1.500000 5.150000 2.500000
-1.500000 5.200000 2.500000
-1.500000 5.250000 2.500000
-1.500000 5.300000 2.500000
-1.500000 5.350000 2.500000
-1.500000 5.400000 2.500000
-1.500000 5.450000 2.500000
-1.500000 5.500000 2.500000
-1.500000 5.550000 2.500000
-1.500000 5.600000 2.500000
-1.500000 5.650000 2.500000
-1.500000 5.700000 2.500000
-1.500000 5.750000 2.500000
-1.500000 5.800000 2.500000
-1.500000 5.850000 2.500000
-1.500000 5.900000 2.500000
-1.500000 5.950000 2.500000
-1.500000 6.000000 2.500000
-1.450000 0.000000 2.500000
-1.450000 0.050000 2.502161
-1.450000 0.100000 2.504228
-1.450000 0.150000 2.506110
-1.450000 0.200000 2.507725
-1.450000 0.250000 2.509003
-1.450000 0.300000 2.509887
-1.450000 0.350000 2.510339
-1.450000 0.400000 2.510339
-1.450000 0.450000 2.509887
-1.450000 0.500000 2.509003
-1.450000 0.550000 2.507725
-1.450000 0.600000 2.506110
-1.450000 0.650000 2.504228
-1.450000 0.700000 2.502161
-1.450000 0.750000 2.500000
-1.450000 0.800000 2.497839
-1.450000 0.850000 2.495772
-1.450000 0.900000 2.493890
-1.450000 0.950000 2.492275
-1.450000 1.000000 2.490997
-1.450000 1.050000 2.490113
-1.450000 1.100000 2.489661
-1.450000 1.150000 2.489661
-1.450000 1.200000 2.490113
-1.450000 1.250000 2.490997
-1.450000 1.300000 2.492275
-1.450000 1.350000 2.493890
-1.450000 1.400000 2.495772
-1.450000 1.450000 2.497839
-1.450000 1.500000 2.500000
-1.450000 1.550000 2.502161
-1.450000 1.600000 2.504228
-1.450000 1.650000 2.506110
-1.450000 1.700000 2.507725
-1.450000 1.750000 2.509003
-1.450000 1.800000 2.509887
-1.450000 1.850000 2.510339
-1.450000 1.900000 2.510339
-1.450000 1.950000 2.509887
-1.450000 2.000000 2.509003
-1.450000 2.050000 2.507725
-1.450000 2.100000 2.506110
-1.450000 2.150000 2.504228
-1.450000 2.200000 2.502161
-1.450000 2.250000 2.500000
-1.450000 2.300000 2.497839
-1.450000 2.350000 2.495772
-1.450000 2.400000 2.493890
-1.450000 2.450000 2.492275
-1.450000 2.500000 2.490997
-1.450000 2.550000 2.490113
-1.450000 2.600000 2.489661
-1.450000 2.650000 2.489661
-1.450000 2.700000 2.490113
-1.450000 2.750000 2.490997
-1.450000 2.800000 2.492275
-1.450000 2.850000 2.493890
-1.450000 2.900000 2.495772
-1.450000 2.950000 2.497839
-1.450000 3.000000 2.500000
-1.450000 3.050000 2.502161
-1.450000 3.100000 2.504228
-1.450000 3.150000 2.506110
-1.450000 3.200000 2.507725
-1.450000 3.250000 2.509003
-1.450000 3.300000 2.509887
-1.450000 3.350000 2.510339
-1.450000 3.400000 2.510339
-1.450000 3.450000 2.509887
-1.450000 3.500000 2.509003
-1.450000 3.550000 2.507725
-1.450000 3.600000 2.506110
-1.450000 3.650000 2.504228
-1.450000 3.700000 2.502161
-1.450000 3.750000 2.500000
-1.450000 3.800000 2.497839
-1.450000 3.850000 2.495772
-1.450000 3.900000 2.493890
-1.450000 3.950000 2.492275
-1.450000 4.000000 2.490997
-1.450000 4.050000 2.490113
-1.450000 4.100000 2.489661
-1.450000 4.150000 2.489661
-1.450000 4.200000 2.490113
-1.450000 4.250000 2.490997
-1.450000 4.300000 2.492275
-1.450000 4.350000 2.493890
-1.450000 4.400000 2.495772
-1.450000 4.450000 2.497839
-1.450000 4.500000 2.500000
-1.450000 4.550000 2.502161
-1.450000 4.600000 2.504228
-1.450000 4.650000 2.506110
-1.450000 4.700000 2.507725
-1.450000 4.750000 2.509003
-1.450000 4.800000 2.509887
-1.450000 4.850000 2.510339
-1.450000 4.900000 2.510339
-1.450000 4.950000 2.509887
-1.450000 5.000000 2.509003
-1.450000 5.050000 2.507725
-1.450000 5.100000 2.506110
-1.450000 5.150000 2.504228
-1.450000 5.200000 2.502161
-1.450000 5.250000 2.500000
-1.450000 5.300000 2.497839
-1.450000 5.350000 2.495772
-1.450000 5.400000 2.493890
-1.450000 5.450000 2.492275
-1.450000 5.500000 2.490997
-1.450000 5.550000 2.490113
-1.450000 5.600000 2.489661
-1.450000 5.650000 2.489661
-1.450000 5.700000 2.490113
-1.450000 5.750000 2.490997
-1.450000 5.800000 2.492275
-1.450000 5.850000 2.493890
-1.450000 5.900000 2.495772
-1.450000 5.950000 2.497839
-1.450000 6.000000 2.500000
-1.400000 0.000000 2.500000
-1.400000 0.050000 2.504228
-1.400000 0.100000 2.508272
-1.400000 0.150000 2.511954
-1.400000 0.200000 2.515113
-1.400000 0.250000 2.517612
-1.400000 0.300000 2.519341
-1.400000 0.350000 2.520225
-1.400000 0.400000 2.520225
-1.400000 0.450000 2.519341
-1.400000 0.500000 2.517612
-1.400000 0.550000 2.515113
-1.400000 0.600000 2.511954
-1.400000 0.650000 2.508272
-1.400000 0.700000 2.504228
-1.400000 0.750000 2.500000
-1.400000 0.800000 2.495772
-1.400000 0.850000 2.491728
-1.400000 0.900000 2.488046
-1.400000 0.950000 2.484887
-1.400000 1.000000 2.482388
-1.400000 1.050000 2.480659
-1.400000 1.100000 2.479775
-1.400000 1.150000 2.479775
-1.400000 1.200000 2.480659
-1.400000 1.250000 2.482388
-1.400000 1.300000 2.484887
-1.400000 1.350000 2.488046
-1.400000 1.400000 2.491728
-1.400000 1.450000 2.495772
-1.400000 1.500000 2.500000
-1.400000 1.550000 2.504228
-1.400000 1.600000 2.508272
-1.400000 1.650000 2.511954
-1.400000 1.700000 2.515113
-1.400000 1.750000 2.517612
-1.400000 1.800000 2.519341
-1.400000 1.850000 2.520225
-1.400000 1.900000 2.520225
-1.400000 1.950000 2.519341
-1.400000 2.000000 2.517612
-1.400000 2.050000 2.515113
-1.400000 2.100000 2.511954
-1.400000 2.150000 2.508272
-1.400000 2.200000 2.504228
-1.400000 2.250000 2.500000
-1.400000 2.300000 2.495772
-1.400000 2.350000 2.491728
-1.400000 2.400000 2.488046
-1.400000 2.450000 2.484887
-1.400000 2.500000 2.482388
-1.400000 2.550000 2.480659
-1.400000 2.600000 2.479775
-1.400000 2.650000 2.479775
-1.400000 2.700000 2.480659
-1.400000 2.750000 2.482388
-1.400000 2.800000 2.484887
-1.400000 2.850000 2.488046
-1.400000 2.900000 2.491728
-1.400000 2.950000 2.495772
-1.400000 3.000000 2.500000
-1.400000 3.050000 2.504228
-1.400000 3.100000 2.508272
-1.400000 3.150000 2.511954
-1.400000 3.200000 2.515113
-1.400000 3.250000 2.517612
-1.400000 3.300000 2.519341
-1.400000 3.350000 2.520225
-1.400000 3.400000 2.520225
-1.400000 3.450000 2.519341
-1.400000 3.500000 2.517612
-1.400000 3.550000 2.515113
-1.400000 3.600000 2.511954
-1.400000 3.650000 2.508272
-1.400000 3.700000 2.504228
-1.400000 3.750000 2.500000
-1.400000 3.800000 2.495772
-1.400000 3.850000 2.491728
-1.400000 3.900000 2.488046
-1.400000 3.950000 2.484887
-1.400000 4.000000 2.482388
-1.400000 4.050000 2.480659
-1.400000 4.100000 2.479775
-1.400000 4.150000 2.479775
-1.400000 4.200000 2.480659
-1.400000 4.250000 2.482388
-1.400000 4.300000 2.484887
-1.400000 4.350000 2.488046
-1.400000 4.400000 2.491728
-1.400000 4.450000 2.495772
-1.400000 4.500000 2.500000
-1.400000 4.550000 2.504228
-1.400000 4.600000 2.508272
-1.400000 4.650000 2.511954
-1.400000 4.700000 2.515113
-1.400000 4.750000 2.517612
-1.400000 4.800000 2.519341
-1.400000 4.850000 2.520225
-1.400000 4.900000 2.520225
-1.400000 4.950000 2.519341
-1.400000 5.000000 2.517612
-1.400000 5.050000 2.515113
-1.400000 5.100000 2.511954
-1.400000 5.150000 2.508272
-1.400000 5.200000 2.504228
-1.400000 5.250000 2.500000
-1.400000 5.300000 2.495772
-1.400000 5.350000 2.491728
-1.400000 5.400000 2.488046
-1.400000 5.450000 2.484887
-1.400000 5.500000 2.482388
-1.400000 5.550000 2.480659
-1.400000 5.600000 2.479775
-1.400000 5.650000 2.479775
-1.400000 5.700000 2.480659
-1.400000 5.750000 2.482388
-1.400000 5.800000 2.484887
-1.400000 5.850000 2.488046
-1.400000 5.900000 2.491728
-1.400000 5.950000 2.495772
-1.400000 6.000000 2.500000
-1.350000 0.000000 2.500000
-1.350000 0.050000 2.506110
-1.350000 0.100000 2.511954
-1.350000 0.150000 2.517275
-1.350000 0.200000 2.521840
-1.350000 0.250000 2.525452
-1.350000 0.300000 2.527951
-1.350000 0.350000 2.529228
-1.350000 0.400000 2.529228
-1.350000 0.450000 2.527951
-1.350000 0.500000 2.525452
-1.350000 0.550000 2.521840
-1.350000 0.600000 2.517275
-1.350000 0.650000 2.511954
-1.350000 0.700000 2.506110
-1.350000 0.750000 2.500000
-1.350000 0.800000 2.493890
-1.350000 0.850000 2.488046
-1.350000 0.900000 2.482725
-1.350000 0.950000 2.478160
-1.350000 1.000000 2.474548
-1.350000 1.050000 2.472049
-1.350000 1.100000 2.470772
-1.350000 1.150000 2.470772
-1.350000 1.200000 2.472049
-1.350000 1.250000 2.474548
-1.350000 1.300000 2.478160
-1.350000 1.350000 2.482725
-1.350000 1.400000 2.488046
-1.350000 1.450000 2.493890
-1.350000 1.500000 2.500000
-1.350000 1.550000 2.506110
-1.350000 1.600000 2.511954
-1.350000 1.650000 2.517275
-1.350000 1.700000 2.521840
-1.350000 1.750000 2.525452
-1.350000 1.800000 2.527951
-1.350000 1.850000 2.529228
-1.350000 1.900000 2.529228
-1.350000 1.950000 2.527951
-1.350000 2.000000 2.525452
-1.350000 2.050000 2.521840
-1.350000 2.100000 2.517275
-1.350000 2.150000 2.511954
-1.350000 2.200000 2.506110
-1.350000 2.250000 2.500000
-1.350000 2.300000 2.493890
-1.350000 2.350000 2.488046
-1.350000 2.400000 2.482725
-1.350000 2.450000 2.478160
-1.350000 2.500000 2.474548
-1.350000 2.550000 2.472049
-1.350000 2.600000 2.470772
-1.350000 2.650000 2.470772
-1.350000 2.700000 2.472049
-1.350000 2.750000 2.474548
-1.350000 2.800000 2.478160
-1.350000 2.850000 2.482725
-1.350000 2.900000 2.488046
-1.350000 2.950000 2.493890
-1.350000 3.000000 2.500000
-1.350000 3.050000 2.506110
-1.350000 3.100000 2.511954
-1.350000 3.150000 2.517275
-1.350000 3.200000 2.521840
-1.350000 3.250000 2.525452
-1.350000 3.300000 2.527951
-1.350000 3.350000 2.529228
-1.350000 3.400000 2.529228
-1.350000 3.450000 2.527951
-1.350000 3.500000 2.525452
-1.350000 3.550000 2.521840
-1.350000 3.600000 2.517275
-1.350000 3.650000 2.511954
-1.350000 3.700000 2.506110
-1.350000 3.750000 2.500000
-1.350000 3.800000 2.493890
-1.350000 3.850000 2.488046
-1.350000 3.900000 2.482725
-1.350000 3.950000 2.478160
-1.350000 4.000000 2.474548
-1.350000 4.050000 2.472049
-1.350000 4.100000 2.470772
-1.350000 4.150000 2.470772
-1.350000 4.200000 2.472049
-1.350000 4.250000 2.474548
-1.350000 4.300000 2.478160
-1.350000 4.350000 2.482725
-1.350000 4.400000 2.488046
-1.350000 4.450000 2.493890
-1.350000 4.500000 2.500000
-1.350000 4.550000 2.506110
-1.350000 4.600000 2.511954
-1.350000 4.650000 2.517275
-1.350000 4.700000 2.521840
-1.350000 4.750000 2.525452
-1.350000 4.800000 2.527951
-1.350000 4.850000 2.529228
-1.350000 4.900000 2.529228
-1.350000 4.950000 2.527951
-1.350000 5.000000 2.525452
-1.350000 5.050000 2.521840
-1.350000 5.100000 2.517275
-1.350000 5.150000 2.511954
-1.350000 5.200000 2.506110
-1.350000 5.250000 2.500000
-1.350000 5.300000 2.493890
-1.350000 5.350000 2.488046
-1.350000 5.400000 2.482725
-1.350000 5.450000 2.478160
-1.350000 5.500000 2.474548
-1.350000 5.550000 2.472049
-1.350000 5.600000 2.470772
-1.350000 5.650000 2.470772
-1.350000 5.700000 2.472049
-1.350000 5.750000 2.474548
-1.350000 5.800000 2.478160
-1.350000 5.850000 2.482725
-1.350000 5.900000 2.488046
-1.350000 5.950000 2.493890
-1.350000 6.000000 2.500000
-1.300000 0.000000 2.500000
-1.300000 0.050000 2.507725
-1.300000 0.100000 2.515113
-1.300000 0.150000 2.521840
-1.300000 0.200000 2.527613
-1.300000 0.250000 2.532179
-1.300000 0.300000 2.535339
-1.300000 0.350000 2.536954
-1.300000 0.400000 2.536954
-1.300000 0.450000 2.535339
-1.300000 0.500000 2.532179
-1.300000 0.550000 2.527613
-1.300000 0.600000 2.521840
-1.300000 0.650000 2.515113
-1.300000 0.700000 2.507725
-1.300000 0.750000 2.500000
-1.300000 0.800000 2.492275
-1.300000 0.850000 2.484887
-1.300000 0.900000 2.478160
-1.300000 0.950000 2.472387
-1.300000 1.000000 2.467821
-1.300000 1.050000 2.464661
-1.300000 1.100000 2.463046
-1.300000 1.150000 2.463046
-1.300000 1.200000 2.464661
-1.300000 1.250000 2.467821
-1.300000 1.300000 2.472387
-1.300000 1.350000 2.478160
-1.300000 1.400000 2.484887
-1.300000 1.450000 2.492275
-1.300000 1.500000 2.500000
-1.300000 1.550000 2.507725
-1.300000 1.600000 2.515113
-1.300000 1.650000 2.521840
-1.300000 1.700000 2.527613
-1.300000 1.750000 2.532179
-1.300000 1.800000 2.535339
-1.300000 1.850000 2.536954
-1.300000 1.900000 2.536954
-1.300000 1.950000 2.535339
-1.300000 2.000000 2.532179
-1.300000 2.050000 2.527613
-1.300000 2.100000 2.521840
-1.300000 2.150000 2.515113
-1.300000 2.200000 2.507725
-1.300000 2.250000 2.500000
-1.300000 2.300000 2.492275
-1.300000 2.350000 2.484887
-1.300000 2.400000 2.478160
-1.300000 2.450000 2.472387
-1.300000 2.500000 2.467821
-1.300000 2.550000 2.464661
-1.300000 2.600000 2.463046
-1.300000 2.650000 2.463046
-1.300000 2.700000 2.464661
-1.300000 2.750000 2.467821
-1.300000 2.800000 2.472387
-1.300000 2.850000 2.478160
-1.300000 2.900000 2.484887
-1.300000 2.950000 2.492275
-1.300000 3.000000 2.500000
-1.300000 3.050000 2.507725
-1.300000 3.100000 2.515113
-1.300000 3.150000 2.521840
-1.300000 3.200000 2.527613
-1.300000 3.250000 2.532179
-1.300000 3.300000 2.535339
-1.300000 3.350000 2.536954
-1.300000 3.400000 2.536954
-1.300000 3.450000 2.535339
-1.300000 3.500000 2.532179
-1.300000 3.550000 2.527613
-1.300000 3.600000 2.521840
-1.300000 3.650000 2.515113
-1.300000 3.700000 2.507725
-1.300000 3.750000 2.500000
-1.300000 3.800000 2.492275
-1.300000 3.850000 2.484887
-1.300000 3.900000 2.478160
-1.300000 3.950000 2.472387
-1.300000 4.000000 2.467821
-1.300000 4.050000 2.464661
-1.300000 4.100000 2.463046
-1.300000 4.150000 2.463046
-1.300000 4.200000 2.464661
-1.300000 4.250000 2.467821
-1.300000 4.300000 2.472387
-1.300000 4.350000 2.478160
-1.300000 4.400000 2.484887
-1.300000 4.450000 2.492275
-1.300000 4.500000 2.500000
-1.300000 4.550000 2.507725
-1.300000 4.600000 2.515113
-1.300000 4.650000 2.521840
-1.300000 4.700000 2.527613
-1.300000 4.750000 2.532179
-1.300000 4.800000 2.535339
-1.300000 4.850000 2.536954
-1.300000 4.900000 2.536954
-1.300000 4.950000 2.535339
-1.300000 5.000000 2.532179
-1.300000 5.050000 2.527613
-1.300000 5.100000 2.521840
-1.300000 5.150000 2.515113
-1.300000 5.200000 2.507725
-1.300000 5.250000 2.500000
-1.300000 5.300000 2.492275
-1.300000 5.350000 2.484887
-1.300000 5.400000 2.478160
-1.300000 5.450000 2.472387
-1.300000 5.500000 2.467821
-1.300000 5.550000 2.464661
-1.300000 5.600000 2.463046
-1.300000 5.650000 2.463046
-1.300000 5.700000 2.464661
-1.300000 5.750000 2.467821
-1.300000 5.800000 2.472387
-1.300000 5.850000 2.478160
-1.300000 5.900000 2.484887
-1.300000 5.950000 2.492275
-1.300000 6.000000 2.500000
-1.250000 0.000000 2.500000
-1.250000 0.050000 2.509003
-1.250000 0.100000 2.517612
-1.250000 0.150000 2.525452
-1.250000 0.200000 2.532179
-1.250000 0.250000 2.537500
-1.250000 0.300000 2.541182
-1.250000 0.350000 2.543064
-1.250000 0.400000 2.543064
-1.250000 0.450000 2.541182
-1.250000 0.500000 2.537500
-1.250000 0.550000 2.532179
-1.250000 0.600000 2.525452
-1.250000 0.650000 2.517612
-1.250000 0.700000 2.509003
-1.250000 0.750000 2.500000
-1.250000 0.800000 2.490997
-1.250000 0.850000 2.482388
-1.250000 0.900000 2.474548
-1.250000 0.950000 2.467821
-1.250000 1.000000 2.462500
-1.250000 1.050000 2.458818
-1.250000 1.100000 2.456936
-1.250000 1.150000 2.456936
-1.250000 1.200000 2.458818
-1.250000 1.250000 2.462500
-1.250000 1.300000 2.467821
-1.250000 1.350000 2.474548
-1.250000 1.400000 2.482388
-1.250000 1.450000 2.490997
-1.250000 1.500000 2.500000
-1.250000 1.550000 2.509003
-1.250000 1.600000 2.517612
-1.250000 1.650000 2.525452
-1.250000 1.700000 2.532179
-1.250000 1.750000 2.537500
-1.250000 1.800000 2.541182
-1.250000 1.850000 2.543064
-1.250000 1.900000 2.543064
-1.250000 1.950000 2.541182
-1.250000 2.000000 2.537500
-1.250000 2.050000 2.532179
-1.250000 2.100000 2.525452
-1.250000 2.150000 2.517612
-1.250000 2.200000 2.509003
-1.250000 2.250000 2.500000
-1.250000 2.300000 2.490997
-1.250000 2.350000 2.482388
-1.250000 2.400000 2.474548
-1.250000 2.450000 2.467821
-1.250000 2.500000 2.462500
-1.250000 2.550000 2.458818
-1.250000 2.600000 2.456936
-1.250000 2.650000 2.456936
-1.250000 2.700000 2.458818
-1.250000 2.750000 2.462500
-1.250000 2.800000 2.467821
-1.250000 2.850000 2.474548
-1.250000 2.900000 2.482388
-1.250000 2.950000 2.490997
-1.250000 3.000000 2.500000
-1.250000 3.050000 2.509003
-1.250000 3.100000 2.517612
-1.250000 3.150000 2.525452
-1.250000 3.200000 2.532179
-1.250000 3.250000 2.537500
-1.250000 3.300000 2.541182
-1.250000 3.350000 2.543064
-1.250000 3.400000 2.543064
-1.250000 3.450000 2.541182
-1.250000 3.500000 2.537500
-1.250000 3.550000 2.532179
-1.250000 3.600000 2.525452
-1.250000 3.650000 2.517612
-1.250000 3.700000 2.509003
-1.250000 3.750000 2.500000
-1.250000 3.800000 2.490997
-1.250000 3.850000 2.482388
-1.250000 3.900000 2.474548
-1.250000 3.950000 2.467821
-1.250000 4.000000 2.462500
-1.250000 4.050000 2.458818
-1.250000 4.100000 2.456936
-1.250000 4.150000 2.456936
-1.250000 4.200000 2.458818
-1.250000 4.250000 2.462500
-1.250000 4.300000 2.467821
-1.250000 4.350000 2.474548
-1.250000 4.400000 2.482388
-1.250000 4.450000 2.490997
-1.250000 4.500000 2.500000
-1.250000 4.550000 2.509003
-1.250000 4.600000 2.517612
-1.250000 4.650000 2.525452
-1.250000 4.700000 2.532179
-1.250000 4.750000 2.537500
-1.250000 4.800000 2.541182
-1.250000 4.850000 2.543064
-1.250000 4.900000 2.543064
-1.250000 4.950000 2.541182
-1.250000 5.000000 2.537500
-1.250000 5.050000 2.532179
-1.250000 5.100000 2.525452
-1.250000 5.150000 2.517612
-1.250000 5.200000 2.509003
-1.250000 5.250000 2.500000
-1.250000 5.300000 2.490997
-1.250000 5.350000 2.482388
-1.250000 5.400000 2.474548
-1.250000 5.450000 2.467821
-1.250000 5.500000 2.462500
-1.250000 5.550000 2.458818
-1.250000 5.600000 2.456936
-1.250000 5.650000 2.456936
-1.250000 5.700000 2.458818
-1.250000 5.750000 2.462500
-1.250000 5.800000 2.467821
-1.250000 5.850000 2.474548
-1.250000 5.900000 2.482388
-1.250000 5.950000 2.490997
-1.250000 6.000000 2.500000
-1.200000 0.000000 2.500000
-1.200000 0.050000 2.509887
-1.200000 0.100000 2.519341
-1.200000 0.150000 2.527951
-1.200000 0.200000 2.535339
-1.200000 0.250000 2.541182
-1.200000 0.300000 2.545225
-1.200000 0.350000 2.547292
-1.200000 0.400000 2.547292
-1.200000 0.450000 2.545225
-1.200000 0.500000 2.541182
-1.200000 0.550000 2.535339
-1.200000 0.600000 2.527951
-1.200000 0.650000 2.519341
-1.200000 0.700000 2.509887
-1.200000 0.750000 2.500000
-1.200000 0.800000 2.490113
-1.200000 0.850000 2.480659
-1.200000 0.900000 2.472049
-1.200000 0.950000 2.464661
-1.200000 1.000000 2.458818
-1.200000 1.050000 2.454775
-1.200000 1.100000 2.452708
-1.200000 1.150000 2.452708
-1.200000 1.200000 2.454775
-1.200000 1.250000 2.458818
-1.200000 1.300000 2.464661
-1.200000 1.350000 2.472049
-1.200000 1.400000 2.480659
-1.200000 1.450000 2.490113
-1.200000 1.500000 2.500000
-1.200000 1.550000 2.509887
-1.200000 1.600000 2.519341
-1.200000 1.650000 2.527951
-1.200000 1.700000 2.535339
-1.200000 1.750000 2.541182
-1.200000 1.800000 2.545225
-1.200000 1.850000 2.547292
-1.200000 1.900000 2.547292
-1.200000 1.950000 2.545225
-1.200000 2.000000 2.541182
-1.200000 2.050000 2.535339
-1.200000 2.100000 2.527951
-1.200000 2.150000 2.519341
-1.200000 2.200000 2.509887
-1.200000 2.250000 2.500000
-1.200000 2.300000 2.490113
-1.200000 2.350000 2.480659
-1.200000 2.400000 2.472049
-1.200000 2.450000 2.464661
-1.200000 2.500000 2.458818
-1.200000 2.550000 2.454775
-1.200000 2.600000 2.452708
-1.200000 2.650000 2.452708
-1.200000 2.700000 2.454775
-1.200000 2.750000 2.458818
-1.200000 2.800000 2.464661
-1.200000 2.850000 2.472049
-1.200000 2.900000 2.480659
-1.200000 2.950000 2.490113
-1.200000 3.000000 2.500000
-1.200000 3.050000 2.509887
-1.200000 3.100000 2.519341
-1.200000 3.150000 2.527951
-1.200000 3.200000 2.535339
-1.200000 3.250000 2.541182
-1.200000 3.300000 2.545225
-1.200000 3.350000 2.547292
-1.200000 3.400000 2.547292
-1.200000 3.450000 2.545225
-1.200000 3.500000 2.541182
-1.200000 3.550000 2.535339
-1.200000 3.600000 2.527951
-1.200000 3.650000 2.519341
-1.200000 3.700000 2.509887
-1.200000 3.750000 2.500000
-1.200000 3.800000 2.490113
-1.200000 3.850000 2.480659
-1.200000 3.900000 2.472049
-1.200000 3.950000 2.464661
-1.200000 4.000000 2.458818
-1.200000 4.050000 2.454775
-1.200000 4.100000 2.452708
-1.200000 4.150000 2.452708
-1.200000 4.200000 2.454775
-1.200000 4.250000 2.458818
-1.200000 4.300000 2.464661
-1.200000 4.350000 2.472049
-1.200000 4.400000 2.480659
-1.200000 4.450000 2.490113
-1.200000 4.500000 2.500000
-1.200000 4.550000 2.509887
-1.200000 4.600000 2.519341
-1.200000 4.650000 2.527951
-1.200000 4.700000 2.535339
-1.200000 4.750000 2.541182
-1.200000 4.800000 2.545225
-1.200000 4.850000 2.547292
-1.200000 4.900000 2.547292
-1.200000 4.950000 2.545225
-1.200000 5.000000 2.541182
-1.200000 5.050000 2.535339
-1.200000 5.100000 2.527951
-1.200000 5.150000 2.519341
-1.200000 5.200000 2.509887
-1.200000 5.250000 2.500000
-1.200000 5.300000 2.490113
-1.200000 5.350000 2.480659
-1.200000 5.400000 2.472049
-1.200000 5.450000 2.464661
-1.200000 5.500000 2.458818
-1.200000 5.550000 2.454775
-1.200000 5.600000 2.452708
-1.200000 5.650000 2.452708
-1.200000 5.700000 2.454775
-1.200000 5.750000 2.458818
-1.200000 5.800000 2.464661
-1.200000 5.850000 2.472049
-1.200000 5.900000 2.480659
-1.200000 5.950000 2.490113
-1.200000 6.000000 2.500000
-1.150000 0.000000 2.500000
-1.150000 0.050000 2.510339
-1.150000 0.100000 2.520225
-1.150000 0.150000 2.529228
-1.150000 0.200000 2.536954
-1.150000 0.250000 2.543064
-1.150000 0.300000 2.547292
-1.150000 0.350000 2.549454
-1.150000 0.400000 2.549454
-1.150000 0.450000 2.547292
-1.150000 0.500000 2.543064
-1.150000 0.550000 2.536954
-1.150000 0.600000 2.529228
-1.150000 0.650000 2.520225
-1.150000 0.700000 2.510339
-1.150000 0.750000 2.500000
-1.150000 0.800000 2.489661
-1.150000 0.850000 2.479775
-1.150000 0.900000 2.470772
-1.150000 0.950000 2.463046
-1.150000 1.000000 2.456936
-1.150000 1.050000 2.452708
-1.150000 1.100000 2.450546
-1.150000 1.150000 2.450546
-1.150000 1.200000 2.452708
-1.150000 1.250000 2.456936
-1.150000 1.300000 2.463046
-1.150000 1.350000 2.470772
-1.150000 1.400000 2.479775
-1.150000 1.450000 2.489661
-1.150000 1.500000 2.500000
-1.150000 1.550000 2.510339
-1.150000 1.600000 2.520225
-1.150000 1.650000 2.529228
-1.150000 1.700000 2.536954
-1.150000 1.750000 2.543064
-1.150000 1.800000 2.547292
-1.150000 1.850000 2.549454
-1.150000 1.900000 2.549454
-1.150000 1.950000 2.547292
-1.150000 2.000000 2.543064
-1.150000 2.050000 2.536954
-1.150000 2.100000 2.529228
-1.150000 2.150000 2.520225
-1.150000 2.200000 2.510339
-1.150000 2.250000 2.500000
-1.150000 2.300000 2.489661
-1.150000 2.350000 2.479775
-1.150000 2.400000 2.470772
-1.150000 2.450000 2.463046
-1.150000 2.500000 2.456936
-1.150000 2.550000 2.452708
-1.150000 2.600000 2.450546
-1.150000 2.650000 2.450546
-1.150000 2.700000 2.452708
-1.150000 2.750000 2.456936
-1.150000 2.800000 2.463046
-1.150000 2.850000 2.470772
-1.150000 2.900000 2.479775
-1.150000 2.950000 2.489661
-1.150000 3.000000 2.500000
-1.150000 3.050000 2.510339
-1.150000 3.100000 2.520225
-1.150000 3.150000 2.529228
-1.150000 3.200000 2.536954
-1.150000 3.250000 2.543064
-1.150000 3.300000 2.547292
-1.150000 3.350000 2.549454
-1.150000 3.400000 2.549454
-1.150000 3.450000 2.547292
-1.150000 3.500000 2.543064
-1.150000 3.550000 2.536954
-1.150000 3.600000 2.529228
-1.150000 3.650000 2.520225
-1.150000 3.700000 2.510339
-1.150000 3.750000 2.500000
-1.150000 3.800000 2.489661
-1.150000 3.850000 2.479775
-1.150000 3.900000 2.470772
-1.150000 3.950000 2.463046
-1.150000 4.000000 2.456936
-1.150000 4.050000 2.452708
-1.150000 4.100000 2.450546
-1.150000 4.150000 2.450546
-1.150000 4.200000 2.452708
-1.150000 4.250000 2.456936
-1.150000 4.300000 2.463046
-1.150000 4.350000 2.470772
-1.150000 4.400000 2.479775
-1.150000 4.450000 2.489661
-1.150000 4.500000 2.500000
-1.150000 4.550000 2.510339
-1.150000 4.600000 2.520225
-1.150000 4.650000 2.529228
-1.150000 4.700000 2.536954
-1.150000 4.750000 2.543064
-1.150000 4.800000 2.547292
-1.150000 4.850000 2.549454
-1.150000 4.900000 2.549454
-1.150000 4.950000 2.547292
-1.150000 5.000000 2.543064
-1.150000 5.050000 2.536954
-1.150000 5.100000 2.529228
-1.150000 5.150000 2.520225
-1.150000 5.200000 2.510339
-1.150000 5.250000 2.500000
-1.150000 5.300000 2.489661
-1.150000 5.350000 2.479775
-1.150000 5.400000 2.470772
-1.150000 5.450000 2.463046
-1.150000 5.500000 2.456936
-1.150000 5.550000 2.452708
-1.150000 5.600000 2.450546
-1.150000 5.650000 2.450546
-1.150000 5.700000 2.452708
-1.150000 5.750000 2.456936
-1.150000 5.800000 2.463046
-1.150000 5.850000 2.470772
-1.150000 5.900000 2.479775
-1.150000 5.950000 2.489661
-1.150000 6.000000 2.500000
-1.100000 0.000000 2.500000
-1.100000 0.050000 2.510339
-1.100000 0.100000 2.520225
-1.100000 0.150000 2.529228
-1.100000 0.200000 2.536954
-1.100000 0.250000 2.543064
-1.100000 0.300000 2.547292
-1.100000 0.350000 2.549454
-1.100000 0.400000 2.549454
-1.100000 0.450000 2.547292
-1.100000 0.500000 2.543064
-1.100000 0.550000 2.536954
-1.100000 0.600000 2.529228
-1.100000 0.650000 2.520225
-1.100000 0.700000 2.510339
-1.100000 0.750000 2.500000
-1.100000 0.800000 2.489661
-1.100000 0.850000 2.479775
-1.100000 0.900000 2.470772
-1.100000 0.950000 2.463046
-1.100000 1.000000 2.456936
-1.100000 1.050000 2.452708
-1.100000 1.100000 2.450546
-1.100000 1.150000 2.450546
-1.100000 1.200000 2.452708
-1.100000 1.250000 2.456936
-1.100000 1.300000 2.463046
-1.100000 1.350000 2.470772
-1.100000 1.400000 2.479775
-1.100000 1.450000 2.489661
-1.100000 1.500000 2.500000
-1.100000 1.550000 2.510339
-1.100000 1.600000 2.520225
-1.100000 1.650000 2.529228
-1.100000 1.700000 2.536954
-1.100000 1.750000 2.543064
-1.100000 1.800000 2.547292
-1.100000 1.850000 2.549454
-1.100000 1.900000 2.549454
-1.100000 1.950000 2.547292
-1.100000 2.000000 2.543064
-1.100000 2.050000 2.536954
-1.100000 2.100000 2.529228
-1.100000 2.150000 2.520225
-1.100000 2.200000 2.510339
-1.100000 2.250000 2.500000
-1.100000 2.300000 2.489661
-1.100000 2.350000 2.479775
-1.100000 2.400000 2.470772
-1.100000 2.450000 2.463046
-1.100000 2.500000 2.456936
-1.100000 2.550000 2.452708
-1.100000 2.600000 2.450546
-1.100000 2.650000 2.450546
-1.100000 2.700000 2.452708
-1.100000 2.750000 2.456936
-1.100000 2.800000 2.463046
-1.100000 2.850000 2.470772
-1.100000 2.900000 2.479775
-1.100000 2.950000 2.489661
-1.100000 3.000000 2.500000
-1.100000 3.050000 2.510339
-1.100000 3.100000 2.520225
-1.100000 3.150000 2.529228
-1.100000 3.200000 2.536954
-1.100000 3.250000 2.543064
-1.100000 3.300000 2.547292
-1.100000 3.350000 2.549454
-1.100000 3.400000 2.549454
-1.100000 3.450000 2.547292
-1.100000 3.500000 2.543064
-1.100000 3.550000 2.536954
-1.100000 3.600000 2.529228
-1.100000 3.650000 2.520225
-1.100000 3.700000 2.510339
-1.100000 3.750000 2.500000
-1.100000 3.800000 2.489661
-1.100000 3.850000 2.479775
-1.100000 3.900000 2.470772
-1.100000 3.950000 2.463046
-1.100000 4.000000 2.456936
-1.100000 4.050000 2.452708
-1.100000 4.100000 2.450546
-1.100000 4.150000 2.450546
-1.100000 4.200000 2.452708
-1.100000 4.250000 2.456936
-1.100000 4.300000 2.463046
-1.100000 4.350000 2.470772
-1.100000 4.400000 2.479775
-1.100000 4.450000 2.489661
-1.100000 4.500000 2.500000
-1.100000 4.550000 2.510339
-1.100000 4.600000 2.520225
-1.100000 4.650000 2.529228
-1.100000 4.700000 2.536954
-1.100000 4.750000 2.543064
-1.100000 4.800000 2.547292
-1.100000 4.850000 2.549454
-1.100000 4.900000 2.549454
-1.100000 4.950000 2.547292
-1.100000 5.000000 2.543064
-1.100000 5.050000 2.536954
-1.100000 5.100000 2.529228
-1.100000 5.150000 2.520225
-1.100000 5.200000 2.510339
-1.100000 5.250000 2.500000
-1.100000 5.300000 2.489661
-1.100000 5.350000 2.479775
-1.100000 5.400000 2.470772
-1.100000 5.450000 2.463046
-1.100000 5.500000 2.456936
-1.100000 5.550000 2.452708
-1.100000 5.600000 2.450546
-1.100000 5.650000 2.450546
-1.100000 5.700000 2.452708
-1.100000 5.750000 2.456936
-1.100000 5.800000 2.463046
-1.100000 5.850000 2.470772
-1.100000 5.900000 2.479775
-1.100000 5.950000 2.489661
-1.100000 6.000000 2.500000
-1.050000 0.000000 2.500000
-1.050000 0.050000 2.509887
-1.050000 0.100000 2.519341
-1.050000 0.150000 2.527951
-1.050000 0.200000 2.535339
-1.050000 0.250000 2.541182
-1.050000 0.300000 2.545225
-1.050000 0.350000 2.547292
-1.050000 0.400000 2.547292
-1.050000 0.450000 2.545225
-1.050000 0.500000 2.541182
-1.050000 0.550000 2.535339
-1.050000 0.600000 2.527951
-1.050000 0.650000 2.519341
-1.050000 0.700000 2.509887
-1.050000 0.750000 2.500000
-1.050000 0.800000 2.490113
-1.050000 0.850000 2.480659
-1.050000 0.900000 2.472049
-1.050000 0.950000 2.464661
-1.050000 1.000000 2.458818
-1.050000 1.050000 2.454775
-1.050000 1.100000 2.452708
-1.050000 1.150000 2.452708
-1.050000 1.200000 2.454775
-1.050000 1.250000 2.458818
-1.050000 1.300000 2.464661
-1.050000 1.350000 2.472049
-1.050000 1.400000 2.480659
-1.050000 1.450000 2.490113
-1.050000 1.500000 2.500000
-1.050000 1.550000 2.509887
-1.050000 1.600000 2.519341
-1.050000 1.650000 2.527951
-1.050000 1.700000 2.535339
-1.050000 1.750000 2.541182
-1.050000 1.800000 2.545225
-1.050000 1.850000 2.547292
-1.050000 1.900000 2.547292
-1.050000 1.950000 2.545225
-1.050000 2.000000 2.541182
-1.050000 2.050000 2.535339
-1.050000 2.100000 2.527951
-1.050000 2.150000 2.519341
-1.050000 2.200000 2.509887
-1.050000 2.250000 2.500000
-1.050000 2.300000 2.490113
-1.050000 2.350000 2.480659
-1.050000 2.400000 2.472049
-1.050000 2.450000 2.464661
-1.050000 2.500000 2.458818
-1.050000 2.550000 2.454775
-1.050000 2.600000 2.452708
-1.050000 2.650000 2.452708
-1.050000 2.700000 2.454775
-1.050000 2.750000 2.458818
-1.050000 2.800000 2.464661
-1.050000 2.850000 2.472049
-1.050000 2.900000 2.480659
-1.050000 2.950000 2.490113
-1.050000 3.000000 2.500000
-1.050000 3.050000 2.509887
-1.050000 3.100000 2.519341
-1.050000 3.150000 2.527951
-1.050000 3.200000 2.535339
-1.050000 3.250000 2.541182
-1.050000 3.300000 2.545225
-1.050000 3.350000 2.547292
-1.050000 3.400000 2.547292
-1.050000 3.450000 2.545225
-1.050000 3.500000 2.541182
-1.050000 3.550000 2.535339
-1.050000 3.600000 2.527951
-1.050000 3.650000 2.519341
-1.050000 3.700000 2.509887
-1.050000 3.750000 2.500000
-1.050000 3.800000 2.490113
-1.050000 3.850000 2.480659
-1.050000 3.900000 2.472049
-1.050000 3.950000 2.464661
-1.050000 4.000000 2.458818
-1.050000 4.050000 2.454775
-1.050000 4.100000 2.452708
-1.050000 4.150000 2.452708
-1.050000 4.200000 2.454775
-1.050000 4.250000 2.458818
-1.050000 4.300000 2.464661
-1.050000 4.350000 2.472049
-1.050000 4.400000 2.480659
-1.050000 4.450000 2.490113
-1.050000 4.500000 2.500000
-1.050000 4.550000 2.509887
-1.050000 4.600000 2.519341
-1.050000 4.650000 2.527951
-1.050000 4.700000 2.535339
-1.050000 4.750000 2.541182
-1.050000 4.800000 2.545225
-1.050000 4.850000 2.547292
-1.050000 4.900000 2.547292
-1.050000 4.950000 2.545225
-1.050000 5.000000 2.541182
-1.050000 5.050000 2.535339
-1.050000 5.100000 2.527951
-1.050000 5.150000 2.519341
-1.050000 5.200000 2.509887
-1.050000 5.250000 2.500000
-1.050000 5.300000 2.490113
-1.050000 5.350000 2.480659
-1.050000 5.400000 2.472049
-1.050000 5.450000 2.464661
-1.050000 5.500000 2.458818
-1.050000 5.550000 2.454775
-1.050000 5.600000 2.452708
-1.050000 5.650000 2.452708
-1.050000 5.700000 2.454775
-1.050000 5.750000 2.458818
-1.050000 5.800000 2.464661
-1.050000 5.850000 2.472049
-1.050000 5.900000 2.480659
-1.050000 5.950000 2.490113
-1.050000 6.000000 2.500000
-1.000000 0.000000 2.500000
-1.000000 0.050000 2.509003
-1.000000 0.100000 2.517612
-1.000000 0.150000 2.525452
-1.000000 0.200000 2.532179
-1.000000 0.250000 2.537500
-1.000000 0.300000 2.541182
-1.000000 0.350000 2.543064
-1.000000 0.400000 2.543064
-1.000000 0.450000 2.541182
-1.000000 0.500000 2.537500
-1.000000 0.550000 2.532179
-1.000000 0.600000 2.525452
-1.000000 0.650000 2.517612
-1.000000 0.700000 2.509003
-1.000000 0.750000 2.500000
-1.000000 0.800000 2.490997
-1.000000 0.850000 2.482388
-1.000000 0.900000 2.474548
-1.000000 0.950000 2.467821
-1.000000 1.000000 2.462500
-1.000000 1.050000 2.458818
-1.000000 1.100000 2.456936
-1.000000 1.150000 2.456936
-1.000000 1.200000 2.458818
-1.000000 1.250000 2.462500
-1.000000 1.300000 2.467821
-1.000000 1.350000 2.474548
-1.000000 1.400000 2.482388
-1.000000 1.450000 2.490997
-1.000000 1.500000 2.500000
-1.000000 1.550000 2.509003
-1.000000 1.600000 2.517612
-1.000000 1.650000 2.525452
-1.000000 1.700000 2.532179
-1.000000 1.750000 2.537500
-1.000000 1.800000 2.541182
-1.000000 1.850000 2.543064
-1.000000 1.900000 2.543064
-1.000000 1.950000 2.541182
-1.000000 2.000000 2.537500
-1.000000 2.050000 2.532179
-1.000000 2.100000 2.525452
-1.000000 2.150000 2.517612
-1.000000 2.200000 2.509003
-1.000000 2.250000 2.500000
-1.000000 2.300000 2.490997
-1.000000 2.350000 2.482388
-1.000000 2.400000 2.474548
-1.000000 2.450000 2.467821
-1.000000 2.500000 2.462500
-1.000000 2.550000 2.458818
-1.000000 2.600000 2.456936
-1.000000 2.650000 2.456936
-1.000000 2.700000 2.458818
-1.000000 2.750000 2.462500
-1.000000 2.800000 2.467821
-1.000000 2.850000 2.474548
-1.000000 2.900000 2.482388
-1.000000 2.950000 2.490997
-1.000000 3.000000 2.500000
-1.000000 3.050000 2.509003
-1.000000 3.100000 2.517612
-1.000000 3.150000 2.525452
-1.000000 3.200000 2.532179
-1.000000 3.250000 2.537500
-1.000000 3.300000 2.541182
-1.000000 3.350000 2.543064
-1.000000 3.400000 2.543064
-1.000000 3.450000 2.541182
-1.000000 3.500000 2.537500
-1.000000 3.550000 2.532179
-1.000000 3.600000 2.525452
-1.000000 3.650000 2.517612
-1.000000 3.700000 2.509003
-1.000000 3.750000 2.500000
-1.000000 3.800000 2.490997
-1.000000 3.850000 2.482388
-1.000000 3.900000 2.474548
-1.000000 3.950000 2.467821
-1.000000 4.000000 2.462500
-1.000000 4.050000 2.458818
-1.000000 4.100000 2.456936
-1.000000 4.150000 2.456936
-1.000000 4.200000 2.458818
-1.000000 4.250000 2.462500
-1.000000 4.300000 2.467821
-1.000000 4.350000 2.474548
-1.000000 4.400000 2.482388
-1.000000 4.450000 2.490997
-1.000000 4.500000 2.500000
-1.000000 4.550000 2.509003
-1.000000 4.600000 2.517612
-1.000000 4.650000 2.525452
-1.000000 4.700000 2.532179
-1.000000 4.750000 2.537500
-1.000000 4.800000 2.541182
-1.000000 4.850000 2.543064
-1.000000 4.900000 2.543064
-1.000000 4.950000 2.541182
-1.000000 5.000000 2.537500
-1.000000 5.050000 2.532179
-1.000000 5.100000 2.525452
-1.000000 5.150000 2.517612
-1.000000 5.200000 2.509003
-1.000000 5.250000 2.500000
-1.000000 5.300000 2.490997
-1.000000 5.350000 2.482388
-1.000000 5.400000 2.474548
-1.000000 5.450000 2.467821
-1.000000 5.500000 2.462500
-1.000000 5.550000 2.458818
-1.000000 5.600000 2.456936
-1.000000 5.650000 2.456936
-1.000000 5.700000 2.458818
-1.000000 5.750000 2.462500
-1.000000 5.800000 2.467821
-1.000000 5.850000 2.474548
-1.000000 5.900000 2.482388
-1.000000 5.950000 2.490997
-1.000000 6.000000 2.500000
-0.950000 0.000000 2.500000
-0.950000 0.050000 2.507725
-0.950000 0.100000 2.515113
-0.950000 0.150000 2.521840
-0.950000 0.200000 2.527613
-0.950000 0.250000 2.532179
-0.950000 0.300000 2.535339
-0.950000 0.350000 2.536954
-0.950000 0.400000 2.536954
-0.950000 0.450000 2.535339
-0.950000 0.500000 2.532179
-0.950000 0.550000 2.527613
-0.950000 0.600000 2.521840
-0.950000 0.650000 2.515113
-0.950000 0.700000 2.507725
-0.950000 0.750000 2.500000
-0.950000 0.800000 2.492275
-0.950000 0.850000 2.484887
-0.950000 0.900000 2.478160
-0.950000 0.950000 2.472387
-0.950000 1.000000 2.467821
-0.950000 1.050000 2.464661
-0.950000 1.100000 2.463046
-0.950000 1.150000 2.463046
-0.950000 1.200000 2.464661
-0.950000 1.250000 2.467821
-0.950000 1.300000 2.472387
-0.950000 1.350000 2.478160
-0.950000 1.400000 2.484887
-0.950000 1.450000 2.492275
-0.950000 1.500000 2.500000
-0.950000 1.550000 2.507725
-0.950000 1.600000 2.515113
-0.950000 1.650000 2.521840
-0.950000 1.700000 2.527613
-0.950000 1.750000 2.532179
-0.950000 1.800000 2.535339
-0.950000 1.850000 2.536954
-0.950000 1.900000 2.536954
-0.950000 1.950000 2.535339
-0.950000 2.000000 2.532179
-0.950000 2.050000 2.527613
-0.950000 2.100000 2.521840
-0.950000 2.150000 2.515113
-0.950000 2.200000 2.507725
-0.950000 2.250000 2.500000
-0.950000 2.300000 2.492275
-0.950000 2.350000 2.484887
-0.950000 2.400000 2.478160
-0.950000 2.450000 2.472387
-0.950000 2.500000 2.467821
-0.950000 2.550000 2.464661
-0.950000 2.600000 2.463046
-0.950000 2.650000 2.463046
-0.950000 2.700000 2.464661
-0.950000 2.750000 2.467821
-0.950000 2.800000 2.472387
-0.950000 2.850000 2.478160
-0.950000 2.900000 2.484887
-0.950000 2.950000 2.492275
-0.950000 3.000000 2.500000
-0.950000 3.050000 2.507725
-0.950000 3.100000 2.515113
-0.950000 3.150000 2.521840
-0.950000 3.200000 2.527613
-0.950000 3.250000 2.532179
-0.950000 3.300000 2.535339
-0.950000 3.350000 2.536954
-0.950000 3.400000 2.536954
-0.950000 3.450000 2.535339
-0.950000 3.500000 2.532179
-0.950000 3.550000 2.527613
-0.950000 3.600000 2.521840
-0.950000 3.650000 2.515113
-0.950000 3.700000 2.507725
-0.950000 3.750000 2.500000
-0.950000 3.800000 2.492275
-0.950000 3.850000 2.484887
-0.950000 3.900000 2.478160
-0.950000 3.950000 2.472387
-0.950000 4.000000 2.467821
-0.950000 4.050000 2.464661
-0.950000 4.100000 2.463046
-0.950000 4.150000 2.463046
-0.950000 4.200000 2.464661
-0.950000 4.250000 2.467821
-0.950000 4.300000 2.472387
-0.950000 4.350000 2.478160
-0.950000 4.400000 2.484887
-0.950000 4.450000 2.492275
-0.950000 4.500000 2.500000
-0.950000 4.550000 2.507725
-0.950000 4.600000 2.515113
-0.950000 4.650000 2.521840
-0.950000 4.700000 2.527613
-0.950000 4.750000 2.532179
-0.950000 4.800000 2.535339
-0.950000 4.850000 2.536954
-0.950000 4.900000 2.536954
-0.950000 4.950000 2.535339
-0.950000 5.000000 2.532179
-0.950000 5.050000 2.527613
-0.950000 5.100000 2.521840
-0.950000 5.150000 2.515113
-0.950000 5.200000 2.507725
-0.950000 5.250000 2.500000
-0.950000 5.300000 2.492275
-0.950000 5.350000 2.484887
-0.950000 5.400000 2.478160
-0.950000 5.450000 2.472387
-0.950000 5.500000 2.467821
-0.950000 5.550000 2.464661
-0.950000 5.600000 2.463046
-0.950000 5.650000 2.463046
-0.950000 5.700000 2.464661
-0.950000 5.750000 2.467821
-0.950000 5.800000 2.472387
-0.950000 5.850000 2.478160
-0.950000 5.900000 2.484887
-0.950000 5.950000 2.492275
-0.950000 6.000000 2.500000
-0.900000 0.000000 2.500000
-0.900000 0.050000 2.506110
-0.900000 0.100000 2.511954
-0.900000 0.150000 2.517275
-0.900000 0.200000 2.521840
-0.900000 0.250000 2.525452
-0.900000 0.300000 2.527951
-0.900000 0.350000 2.529228
-0.900000 0.400000 2.529228
-0.900000 0.450000 2.527951
-0.900000 0.500000 2.525452
-0.900000 0.550000 2.521840
-0.900000 0.600000 2.517275
-0.900000 0.650000 2.511954
-0.900000 0.700000 2.506110
-0.900000 0.750000 2.500000
-0.900000 0.800000 2.493890
-0.900000 0.850000 2.488046
-0.900000 0.900000 2.482725
-0.900000 0.950000 2.478160
-0.900000 1.000000 2.474548
-0.900000 1.050000 2.472049
-0.900000 1.100000 2.470772
-0.900000 1.150000 2.470772
-0.900000 1.200000 2.472049
-0.900000 1.250000 2.474548
-0.900000 1.300000 2.478160
-0.900000 1.350000 2.482725
-0.900000 1.400000 2.488046
-0.900000 1.450000 2.493890
-0.900000 1.500000 2.500000
-0.900000 1.550000 2.506110
-0.900000 1.600000 2.511954
-0.900000 1.650000 2.517275
-0.900000 1.700000 2.521840
-0.900000 1.750000 2.525452
-0.900000 1.800000 2.527951
-0.900000 1.850000 2.529228
-0.900000 1.900000 2.529228
-0.900000 1.950000 2.527951
-0.900000 2.000000 2.525452
-0.900000 2.050000 2.521840
-0.900000 2.100000 2.517275
-0.900000 2.150000 2.511954
-0.900000 2.200000 2.506110
-0.900000 2.250000 2.500000
-0.900000 2.300000 2.493890
-0.900000 2.350000 2.488046
-0.900000 2.400000 2.482725
-0.900000 2.450000 2.478160
-0.900000 2.500000 2.474548
-0.900000 2.550000 2.472049
-0.900000 2.600000 2.470772
-0.900000 2.650000 2.470772
-0.900000 2.700000 2.472049
-0.900000 2.750000 2.474548
-0.900000 2.800000 2.478160
-0.900000 2.850000 2.482725
-0.900000 2.900000 2.488046
-0.900000 2.950000 2.493890
-0.900000 3.000000 2.500000
-0.900000 3.050000 2.506110
-0.900000 3.100000 2.511954
-0.900000 3.150000 2.517275
-0.900000 3.200000 2.521840
-0.900000 3.250000 2.525452
-0.900000 3.300000 2.527951
-0.900000 3.350000 2.529228
-0.900000 3.400000 2.529228
-0.900000 3.450000 2.527951
-0.900000 3.500000 2.525452
-0.900000 3.550000 2.521840
-0.900000 3.600000 2.517275
-0.900000 3.650000 2.511954
-0.900000 3.700000 2.506110
-0.900000 3.750000 2.500000
-0.900000 3.800000 2.493890
-0.900000 3.850000 2.488046
-0.900000 3.900000 2.482725
-0.900000 3.950000 2.478160
-0.900000 4.000000 2.474548
-0.900000 4.050000 2.472049
-0.900000 4.100000 2.470772
-0.900000 4.150000 2.470772
-0.900000 4.200000 2.472049
-0.900000 4.250000 2.474548
-0.900000 4.300000 2.478160
-0.900000 4.350000 2.482725
-0.900000 4.400000 2.488046
-0.900000 4.450000 2.493890
-0.900000 4.500000 2.500000
-0.900000 4.550000 2.506110
-0.900000 4.600000 2.511954
-0.900000 4.650000 2.517275
-0.900000 4.700000 2.521840
-0.900000 4.750000 2.525452
-0.900000 4.800000 2.527951
-0.900000 4.850000 2.529228
-0.900000 4.900000 2.529228
-0.900000 4.950000 2.527951
-0.900000 5.000000 2.525452
-0.900000 5.050000 2.521840
-0.900000 5.100000 2.517275
-0.900000 5.150000 2.511954
-0.900000 5.200000 2.506110
-0.900000 5.250000 2.500000
-0.900000 5.300000 2.493890
-0.900000 5.350000 2.488046
-0.900000 5.400000 2.482725
-0.900000 5.450000 2.478160
-0.900000 5.500000 2.474548
-0.900000 5.550000 2.472049
-0.900000 5.600000 2.470772
-0.900000 5.650000 2.470772
-0.900000 5.700000 2.472049
-0.900000 5.750000 2.474548
-0.900000 5.800000 2.478160
-0.900000 5.850000 2.482725
-0.900000 5.900000 2.488046
-0.900000 5.950000 2.493890
-0.900000 6.000000 2.500000
-0.850000 0.000000 2.500000
-0.850000 0.050000 2.504228
-0.850000 0.100000 2.508272
-0.850000 0.150000 2.511954
-0.850000 0.200000 2.515113
-0.850000 0.250000 2.517612
-0.850000 0.300000 2.519341
-0.850000 0.350000 2.520225
-0.850000 0.400000 2.520225
-0.850000 0.450000 2.519341
-0.850000 0.500000 2.517612
-0.850000 0.550000 2.515113
-0.850000 0.600000 2.511954
-0.850000 0.650000 2.508272
-0.850000 0.700000 2.504228
-0.850000 0.750000 2.500000
-0.850000 0.800000 2.495772
-0.850000 0.850000 2.491728
-0.850000 0.900000 2.488046
-0.850000 0.950000 2.484887
-0.850000 1.000000 2.482388
-0.850000 1.050000 2.480659
-0.850000 1.100000 2.479775
-0.850000 1.150000 2.479775
-0.850000 1.200000 2.480659
-0.850000 1.250000 2.482388
-0.850000 1.300000 2.484887
-0.850000 1.350000 2.488046
-0.850000 1.400000 2.491728
-0.850000 1.450000 2.495772
-0.850000 1.500000 2.500000
-0.850000 1.550000 2.504228
-0.850000 1.600000 2.508272
-0.850000 1.650000 2.511954
-0.850000 1.700000 2.515113
-0.850000 1.750000 2.517612
-0.850000 1.800000 2.519341
-0.850000 1.850000 2.520225
-0.850000 1.900000 2.520225
-0.850000 1.950000 2.519341
-0.850000 2.000000 2.517612
-0.850000 2.050000 2.515113
-0.850000 2.100000 2.511954
-0.850000 2.150000 2.508272
-0.850000 2.200000 2.504228
-0.850000 2.250000 2.500000
-0.850000 2.300000 2.495772
-0.850000 2.350000 2.491728
-0.850000 2.400000 2.488046
-0.850000 2.450000 2.484887
-0.850000 2.500000 2.482388
-0.850000 2.550000 2.480659
-0.850000 2.600000 2.479775
-0.850000 2.650000 2.479775
-0.850000 2.700000 2.480659
-0.850000 2.750000 2.482388
-0.850000 2.800000 2.484887
-0.850000 2.850000 2.488046
-0.850000 2.900000 2.491728
-0.850000 2.950000 2.495772
-0.850000 3.000000 2.500000
-0.850000 3.050000 2.504228
-0.850000 3.100000 2.508272
-0.850000 3.150000 2.511954
-0.850000 3.200000 2.515113
-0.850000 3.250000 2.517612
-0.850000 3.300000 2.519341
-0.850000 3.350000 2.520225
-0.850000 3.400000 2.520225
-0.850000 3.450000 2.519341
-0.850000 3.500000 2.517612
-0.850000 3.550000 2.515113
-0.850000 3.600000 2.511954
-0.850000 3.650000 2.508272
-0.850000 3.700000 2.504228
-0.850000 3.750000 2.500000
-0.850000 3.800000 2.495772
-0.850000 3.850000 2.491728
-0.850000 3.900000 2.488046
-0.850000 3.950000 2.484887
-0.850000 4.000000 2.482388
-0.850000 4.050000 2.480659
-0.850000 4.100000 2.479775
-0.850000 4.150000 2.479775
-0.850000 4.200000 2.480659
-0.850000 4.250000 2.482388
-0.850000 4.300000 2.484887
-0.850000 4.350000 2.488046
-0.850000 4.400000 2.491728
-0.850000 4.450000 2.495772
-0.850000 4.500000 2.500000
-0.850000 4.550000 2.504228
-0.850000 4.600000 2.508272
-0.850000 4.650000 2.511954
-0.850000 4.700000 2.515113
-0.850000 4.750000 2.517612
-0.850000 4.800000 2.519341
-0.850000 4.850000 2.520225
-0.850000 4.900000 2.520225
-0.850000 4.950000 2.519341
-0.850000 5.000000 2.517612
-0.850000 5.050000 2.515113
-0.850000 5.100000 2.511954
-0.850000 5.150000 2.508272
-0.850000 5.200000 2.504228
-0.850000 5.250000 2.500000
-0.850000 5.300000 2.495772
-0.850000 5.350000 2.491728
-0.850000 5.400000 2.488046
-0.850000 5.450000 2.484887
-0.850000 5.500000 2.482388
-0.850000 5.550000 2.480659
-0.850000 5.600000 2.479775
-0.850000 5.650000 2.479775
-0.850000 5.700000 2.480659
-0.850000 5.750000 2.482388
-0.850000 5.800000 2.484887
-0.850000 5.850000 2.488046
-0.850000 5.900000 2.491728
-0.850000 5.950000 2.495772
-0.850000 6.000000 2.500000
-0.800000 0.000000 2.500000
-0.800000 0.050000 2.502161
-0.800000 0.100000 2.504228
-0.800000 0.150000 2.506110
-0.800000 0.200000 2.507725
-0.800000 0.250000 2.509003
-0.800000 0.300000 2.509887
-0.800000 0.350000 2.510339
-0.800000 0.400000 2.510339
-0.800000 0.450000 2.509887
-0.800000 0.500000 2.509003
-0.800000 0.550000 2.507725
-0.800000 0.600000 2.506110
-0.800000 0.650000 2.504228
-0.800000 0.700000 2.502161
-0.800000 0.750000 2.500000
-0.800000 0.800000 2.497839
-0.800000 0.850000 2.495772
-0.800000 0.900000 2.493890
-0.800000 0.950000 2.492275
-0.800000 1.000000 2.490997
-0.800000 1.050000 2.490113
-0.800000 1.100000 2.489661
-0.800000 1.150000 2.489661
-0.800000 1.200000 2.490113
-0.800000 1.250000 2.490997
-0.800000 1.300000 2.492275
-0.800000 1.350000 2.493890
-0.800000 1.400000 2.495772
-0.800000 1.450000 2.497839
-0.800000 1.500000 2.500000
-0.800000 1.550000 2.502161
-0.800000 1.600000 2.504228
-0.800000 1.650000 2.506110
-0.800000 1.700000 2.507725
-0.800000 1.750000 2.509003
-0.800000 1.800000 2.509887
-0.800000 1.850000 2.510339
-0.800000 1.900000 2.510339
-0.800000 1.950000 2.509887
-0.800000 2.000000 2.509003
-0.800000 2.050000 2.507725
-0.800000 2.100000 2.506110
-0.800000 2.150000 2.504228
-0.800000 2.200000 2.502161
-0.800000 2.250000 2.500000
-0.800000 2.300000 2.497839
-0.800000 2.350000 2.495772
-0.800000 2.400000 2.493890
-0.800000 2.450000 2.492275
-0.800000 2.500000 2.490997
-0.800000 2.550000 2.490113
-0.800000 2.600000 2.489661
-0.800000 2.650000 2.489661
-0.800000 2.700000 2.490113
-0.800000 2.750000 2.490997
-0.800000 2.800000 2.492275
-0.800000 2.850000 2.493890
-0.800000 2.900000 2.495772
-0.800000 2.950000 2.497839
-0.800000 3.000000 2.500000
-0.800000 3.050000 2.502161
-0.800000 3.100000 2.504228
-0.800000 3.150000 2.506110
-0.800000 3.200000 2.507725
-0.800000 3.250000 2.509003
-0.800000 3.300000 2.509887
-0.800000 3.350000 2.510339
-0.800000 3.400000 2.510339
-0.800000 3.450000 2.509887
-0.800000 3.500000 2.509003
-0.800000 3.550000 2.507725
-0.800000 3.600000 2.506110
-0.800000 3.650000 2.504228
-0.800000 3.700000 2.502161
-0.800000 3.750000 2.500000
-0.800000 3.800000 2.497839
-0.800000 3.850000 2.495772
-0.800000 3.900000 2.493890
-0.800000 3.950000 2.492275
-0.800000 4.000000 2.490997
-0.800000 4.050000 2.490113
-0.800000 4.100000 2.489661
-0.800000 4.150000 2.489661
-0.800000 4.200000 2.490113
-0.800000 4.250000 2.490997
-0.800000 4.300000 2.492275
-0.800000 4.350000 2.493890
-0.800000 4.400000 2.495772
-0.800000 4.450000 2.497839
-0.800000 4.500000 2.500000
-0.800000 4.550000 2.502161
-0.800000 4.600000 2.504228
-0.800000 4.650000 2.506110
-0.800000 4.700000 2.507725
-0.800000 4.750000 2.509003
-0.800000 4.800000 2.509887
-0.800000 4.850000 2.510339
-0.800000 4.900000 2.510339
-0.800000 4.950000 2.509887
-0.800000 5.000000 2.509003
-0.800000 5.050000 2.507725
-0.800000 5.100000 2.506110
-0.800000 5.150000 2.504228
-0.800000 5.200000 2.502161
-0.800000 5.250000 2.500000
-0.800000 5.300000 2.497839
-0.800000 5.350000 2.495772
-0.800000 5.400000 2.493890
-0.800000 5.450000 2.492275
-0.800000 5.500000 2.490997
-0.800000 5.550000 2.490113
-0.800000 5.600000 2.489661
-0.800000 5.650000 2.489661
-0.800000 5.700000 2.490113
-0.800000 5.750000 2.490997
-0.800000 5.800000 2.492275
-0.800000 5.850000 2.493890
-0.800000 5.900000 2.495772
-0.800000 5.950000 2.497839
-0.800000 6.000000 2.500000
-0.750000 0.000000 2.500000
-0.750000 0.050000 2.500000
-0.750000 0.100000 2.500000
-0.750000 0.150000 2.500000
-0.750000 0.200000 2.500000
-0.750000 0.250000 2.500000
-0.750000 0.300000 2.500000
-0.750000 0.350000 2.500000
-0.750000 0.400000 2.500000
-0.750000 0.450000 2.500000
-0.750000 0.500000 2.500000
-0.750000 0.550000 2.500000
-0.750000 0.600000 2.500000
-0.750000 0.650000 2.500000
-0.750000 0.700000 2.500000
-0.750000 0.750000 2.500000
-0.750000 0.800000 2.500000
-0.750000 0.850000 2.500000
-0.750000 0.900000 2.500000
-0.750000 0.950000 2.500000
-0.750000 1.000000 2.500000
-0.750000 1.050000 2.500000
-0.750000 1.100000 2.500000
-0.750000 1.150000 2.500000
-0.750000 1.200000 2.500000
-0.750000 1.250000 2.500000
-0.750000 1.300000 2.500000
-0.750000 1.350000 2.500000
-0.750000 1.400000 2.500000
-0.750000 1.450000 2.500000
-0.750000 1.500000 2.500000
-0.750000 1.550000 2.500000
-0.750000 1.600000 2.500000
-0.750000 1.650000 2.500000
-0.750000 1.700000 2.500000
-0.750000 1.750000 2.500000
-0.750000 1.800000 2.500000
-0.750000 1.850000 2.500000
-0.750000 1.900000 2.500000
-0.750000 1.950000 2.500000
-0.750000 2.000000 2.500000
-0.750000 2.050000 2.500000
-0.750000 2.100000 2.500000
-0.750000 2.150000 2.500000
-0.750000 2.200000 2.500000
-0.750000 2.250000 2.500000
-0.750000 2.300000 2.500000
-0.750000 2.350000 2.500000
-0.750000 2.400000 2.500000
-0.750000 2.450000 2.500000
-0.750000 2.500000 2.500000
-0.750000 2.550000 2.500000
-0.750000 2.600000 2.500000
-0.750000 2.650000 2.500000
-0.750000 2.700000 2.500000
-0.750000 2.750000 2.500000
-0.750000 2.800000 2.500000
-0.750000 2.850000 2.500000
-0.750000 2.900000 2.500000
-0.750000 2.950000 2.500000
-0.750000 3.000000 2.500000
-0.750000 3.050000 2.500000
-0.750000 3.100000 2.500000
-0.750000 3.150000 2.500000
-0.750000 3.200000 2.500000
-0.750000 3.250000 2.500000
-0.750000 3.300000 2.500000
-0.750000 3.350000 2.500000
-0.750000 3.400000 2.500000
-0.750000 3.450000 2.500000
-0.750000 3.500000 2.500000
-0.750000 3.550000 2.500000
-0.750000 3.600000 2.500000
-0.750000 3.650000 2.500000
-0.750000 3.700000 2.500000
-0.750000 3.750000 2.500000
-0.750000 3.800000 2.500000
-0.750000 3.850000 2.500000
-0.750000 3.900000 2.500000
-0.750000 3.950000 2.500000
-0.750000 4.000000 2.500000
-0.750000 4.050000 2.500000
-0.750000 4.100000 2.500000
-0.750000 4.150000 2.500000
-0.750000 4.200000 2.500000
-0.750000 4.250000 2.500000
-0.750000 4.300000 2.500000
-0.750000 4.350000 2.500000
-0.750000 4.400000 2.500000
-0.750000 4.450000 2.500000
-0.750000 4.500000 2.500000
-0.750000 4.550000 2.500000
-0.750000 4.600000 2.500000
-0.750000 4.650000 2.500000
-0.750000 4.700000 2.500000
-0.750000 4.750000 2.500000
-0.750000 4.800000 2.500000
-0.750000 4.850000 2.500000
-0.750000 4.900000 2.500000
-0.750000 4.950000 2.500000
-0.750000 5.000000 2.500000
-0.750000 5.050000 2.500000
-0.750000 5.100000 2.500000
-0.750000 5.150000 2.500000
-0.750000 5.200000 2.500000
-0.750000 5.250000 2.500000
-0.750000 5.300000 2.500000
-0.750000 5.350000 2.500000
-0.750000 5.400000 2.500000
-0.750000 5.450000 2.500000
-0.750000 5.500000 2.500000
-0.750000 5.550000 2.500000
-0.750000 5.600000 2.500000
-0.750000 5.650000 2.500000
-0.750000 5.700000 2.500000
-0.750000 5.750000 2.500000
-0.750000 5.800000 2.500000
-0.750000 5.850000 2.500000
-0.750000 5.900000 2.500000
-0.750000 5.950000 2.500000
-0.750000 6.000000 2.500000
-0.700000 0.000000 2.500000
-0.700000 0.050000 2.497839
-0.700000 0.100000 2.495772
-0.700000 0.150000 2.493890
-0.700000 0.200000 2.492275
-0.700000 0.250000 2.490997
-0.700000 0.300000 2.490113
-0.700000 0.350000 2.489661
-0.700000 0.400000 2.489661
-0.700000 0.450000 2.490113
-0.700000 0.500000 2.490997
-0.700000 0.550000 2.492275
-0.700000 0.600000 2.493890
-0.700000 0.650000 2.495772
-0.700000 0.700000 2.497839
-0.700000 0.750000 2.500000
-0.700000 0.800000 2.502161
-0.700000 0.850000 2.504228
-0.700000 0.900000 2.506110
-0.700000 0.950000 2.507725
-0.700000 1.000000 2.509003
-0.700000 1.050000 2.509887
-0.700000 1.100000 2.510339
-0.700000 1.150000 2.510339
-0.700000 1.200000 2.509887
-0.700000 1.250000 2.509003
-0.700000 1.300000 2.507725
-0.700000 1.350000 2.506110
-0.700000 1.400000 2.504228
-0.700000 1.450000 2.502161
-0.700000 1.500000 2.500000
-0.700000 1.550000 2.497839
-0.700000 1.600000 2.495772
-0.700000 1.650000 2.493890
-0.700000 1.700000 2.492275
-0.700000 1.750000 2.490997
-0.700000 1.800000 2.490113
-0.700000 1.850000 2.489661
-0.700000 1.900000 2.489661
-0.700000 1.950000 2.490113
-0.700000 2.000000 2.490997
-0.700000 2.050000 2.492275
-0.700000 2.100000 2.493890
-0.700000 2.150000 2.495772
-0.700000 2.200000 2.497839
-0.700000 2.250000 2.500000
-0.700000 2.300000 2.502161
-0.700000 2.350000 2.504228
-0.700000 2.400000 2.506110
-0.700000 2.450000 2.507725
-0.700000 2.500000 2.509003
-0.700000 2.550000 2.509887
-0.700000 2.600000 2.510339
-0.700000 2.650000 2.510339
-0.700000 2.700000 2.509887
-0.700000 2.750000 2.509003
-0.700000 2.800000 2.507725
-0.700000 2.850000 2.506110
-0.700000 2.900000 2.504228
-0.700000 2.950000 2.502161
-0.700000 3.000000 2.500000
-0.700000 3.050000 2.497839
-0.700000 3.100000 2.495772
-0.700000 3.150000 2.493890
-0.700000 3.200000 2.492275
-0.700000 3.250000 2.490997
-0.700000 3.300000 2.490113
-0.700000 3.350000 2.489661
-0.700000 3.400000 2.489661
-0.700000 3.450000 2.490113
-0.700000 3.500000 2.490997
-0.700000 3.550000 2.492275
-0.700000 3.600000 2.493890
-0.700000 3.650000 2.495772
-0.700000 3.700000 2.497839
-0.700000 3.750000 2.500000
-0.700000 3.800000 2.502161
-0.700000 3.850000 2.504228
-0.700000 3.900000 2.506110
-0.700000 3.950000 2.507725
-0.700000 4.000000 2.509003
-0.700000 4.050000 2.509887
-0.700000 4.100000 2.510339
-0.700000 4.150000 2.510339
-0.700000 4.200000 2.509887
-0.700000 4.250000 2.509003
-0.700000 4.300000 2.507725
-0.700000 4.350000 2.506110
-0.700000 4.400000 2.504228
-0.700000 4.450000 2.502161
-0.700000 4.500000 2.500000
-0.700000 4.550000 2.497839
-0.700000 4.600000 2.495772
-0.700000 4.650000 2.493890
-0.700000 4.700000 2.492275
-0.700000 4.750000 2.490997
-0.700000 4.800000 2.490113
-0.700000 4.850000 2.489661
-0.700000 4.900000 2.489661
-0.700000 4.950000 2.490113
-0.700000 5.000000 2.490997
-0.700000 5.050000 2.492275
-0.700000 5.100000 2.493890
-0.700000 5.150000 2.495772
-0.700000 5.200000 2.497839
-0.700000 5.250000 2.500000
-0.700000 5.300000 2.502161
-0.700000 5.350000 2.504228
-0.700000 5.400000 2.506110
-0.700000 5.450000 2.507725
-0.700000 5.500000 2.509003
-0.700000 5.550000 2.509887
-0.700000 5.600000 2.510339
-0.700000 5.650000 2.510339
-0.700000 5.700000 2.509887
-0.700000 5.750000 2.509003
-0.700000 5.800000 2.507725
-0.700000 5.850000 2.506110
-0.700000 5.900000 2.504228
-0.700000 5.950000 2.502161
-0.700000 6.000000 2.500000
-0.650000 0.000000 2.500000
-0.650000 0.050000 2.495772
-0.650000 0.100000 2.491728
-0.650000 0.150000 2.488046
-0.650000 0.200000 2.484887
-0.650000 0.250000 2.482388
-0.650000 0.300000 2.480659
-0.650000 0.350000 2.479775
-0.650000 0.400000 2.479775
-0.650000 0.450000 2.480659
-0.650000 0.500000 2.482388
-0.650000 0.550000 2.484887
-0.650000 0.600000 2.488046
-0.650000 0.650000 2.491728
-0.650000 0.700000 2.495772
-0.650000 0.750000 2.500000
-0.650000 0.800000 2.504228
-0.650000 0.850000 2.508272
-0.650000 0.900000 2.511954
-0.650000 0.950000 2.515113
-0.650000 1.000000 2.517612
-0.650000 1.050000 2.519341
-0.650000 1.100000 2.520225
-0.650000 1.150000 2.520225
-0.650000 1.200000 2.519341
-0.650000 1.250000 2.517612
-0.650000 1.300000 2.515113
-0.650000 1.350000 2.511954
-0.650000 1.400000 2.508272
-0.650000 1.450000 2.504228
-0.650000 1.500000 2.500000
-0.650000 1.550000 2.495772
-0.650000 1.600000 2.491728
-0.650000 1.650000 2.488046
-0.650000 1.700000 2.484887
-0.650000 1.750000 2.482388
-0.650000 1.800000 2.480659
-0.650000 1.850000 2.479775
-0.650000 1.900000 2.479775
-0.650000 1.950000 2.480659
-0.650000 2.000000 2.482388
-0.650000 2.050000 2.484887
-0.650000 2.100000 2.488046
-0.650000 2.150000 2.491728
-0.650000 2.200000 2.495772
-0.650000 2.250000 2.500000
-0.650000 2.300000 2.504228
-0.650000 2.350000 2.508272
-0.650000 2.400000 2.511954
-0.650000 2.450000 2.515113
-0.650000 2.500000 2.517612
-0.650000 2.550000 2.519341
-0.650000 2.600000 2.520225
-0.650000 2.650000 2.520225
-0.650000 2.700000 2.519341
-0.650000 2.750000 2.517612
-0.650000 2.800000 2.515113
-0.650000 2.850000 2.511954
-0.650000 2.900000 2.508272
-0.650000 2.950000 2.504228
-0.650000 3.000000 2.500000
-0.650000 3.050000 2.495772
-0.650000 3.100000 2.491728
-0.650000 3.150000 2.488046
-0.650000 3.200000 2.484887
-0.650000 3.250000 2.482388
-0.650000 3.300000 2.480659
-0.650000 3.350000 2.479775
-0.650000 3.400000 2.479775
-0.650000 3.450000 2.480659
-0.650000 3.500000 2.482388
-0.650000 3.550000 2.484887
-0.650000 3.600000 2.488046
-0.650000 3.650000 2.491728
-0.650000 3.700000 2.495772
-0.650000 3.750000 2.500000
-0.650000 3.800000 2.504228
-0.650000 3.850000 2.508272
-0.650000 3.900000 2.511954
-0.650000 3.950000 2.515113
-0.650000 4.000000 2.517612
-0.650000 4.050000 2.519341
-0.650000 4.100000 2.520225
-0.650000 4.150000 2.520225
-0.650000 4.200000 2.519341
-0.650000 4.250000 2.517612
-0.650000 4.300000 2.515113
-0.650000 4.350000 2.511954
-0.650000 4.400000 2.508272
-0.650000 4.450000 2.504228
-0.650000 4.500000 2.500000
-0.650000 4.550000 2.495772
-0.650000 4.600000 2.491728
-0.650000 4.650000 2.488046
-0.650000 4.700000 2.484887
-0.650000 4.750000 2.482388
-0.650000 4.800000 2.480659
-0.650000 4.850000 2.479775
-0.650000 4.900000 2.479775
-0.650000 4.950000 2.480659
-0.650000 5.000000 2.482388
-0.650000 5.050000 2.484887
-0.650000 5.100000 2.488046
-0.650000 5.150000 2.491728
-0.650000 5.200000 2.495772
-0.650000 5.250000 2.500000
-0.650000 5.300000 2.504228
-0.650000 5.350000 2.508272
-0.650000 5.400000 2.511954
-0.650000 5.450000 2.515113
-0.650000 5.500000 2.517612
-0.650000 5.550000 2.519341
-0.650000 5.600000 2.520225
-0.650000 5.650000 2.520225
-0.650000 5.700000 2.519341
-0.650000 5.750000 2.517612
-0.650000 5.800000 2.515113
-0.650000 5.850000 2.511954
-0.650000 5.900000 2.508272
-0.650000 5.950000 2.504228
-0.650000 6.000000 2.500000
-0.600000 0.000000 2.500000
-0.600000 0.050000 2.493890
-0.600000 0.100000 2.488046
-0.600000 0.150000 2.482725
-0.600000 0.200000 2.478160
-0.600000 0.250000 2.474548
-0.600000 0.300000 2.472049
-0.600000 0.350000 2.470772
-0.600000 0.400000 2.470772
-0.600000 0.450000 2.472049
-0.600000 0.500000 2.474548
-0.600000 0.550000 2.478160
-0.600000 0.600000 2.482725
-0.600000 0.650000 2.488046
-0.600000 0.700000 2.493890
-0.600000 0.750000 2.500000
-0.600000 0.800000 2.506110
-0.600000 0.850000 2.511954
-0.600000 0.900000 2.517275
-0.600000 0.950000 2.521840
-0.600000 1.000000 2.525452
-0.600000 1.050000 2.527951
-0.600000 1.100000 2.529228
-0.600000 1.150000 2.529228
-0.600000 1.200000 2.527951
-0.600000 1.250000 2.525452
-0.600000 1.300000 2.521840
-0.600000 1.350000 2.517275
-0.600000 1.400000 2.511954
-0.600000 1.450000 2.506110
-0.600000 1.500000 2.500000
-0.600000 1.550000 2.493890
-0.600000 1.600000 2.488046
-0.600000 1.650000 2.482725
-0.600000 1.700000 2.478160
-0.600000 1.750000 2.474548
-0.600000 1.800000 2.472049
-0.600000 1.850000 2.470772
-0.600000 1.900000 2.470772
-0.600000 1.950000 2.472049
-0.600000 2.000000 2.474548
-0.600000 2.050000 2.478160
-0.600000 2.100000 2.482725
-0.600000 2.150000 2.488046
-0.600000 2.200000 2.493890
-0.600000 2.250000 2.500000
-0.600000 2.300000 2.506110
-0.600000 2.350000 2.511954
-0.600000 2.400000 2.517275
-0.600000 2.450000 2.521840
-0.600000 2.500000 2.525452
-0.600000 2.550000 2.527951
-0.600000 2.600000 2.529228
-0.600000 2.650000 2.529228
-0.600000 2.700000 2.527951
-0.600000 2.750000 2.525452
-0.600000 2.800000 2.521840
-0.600000 2.850000 2.517275
-0.600000 2.900000 2.511954
-0.600000 2.950000 2.506110
-0.600000 3.000000 2.500000
-0.600000 3.050000 2.493890
-0.600000 3.100000 2.488046
-0.600000 3.150000 2.482725
-0.600000 3.200000 2.478160
-0.600000 3.250000 2.474548
-0.600000 3.300000 2.472049
-0.600000 3.350000 2.470772
-0.600000 3.400000 2.470772
-0.600000 3.450000 2.472049
-0.600000 3.500000 2.474548
-0.600000 3.550000 2.478160
-0.600000 3.600000 2.482725
-0.600000 3.650000 2.488046
-0.600000 3.700000 2.493890
-0.600000 3.750000 2.500000
-0.600000 3.800000 2.506110
-0.600000 3.850000 2.511954
-0.600000 3.900000 2.517275
-0.600000 3.950000 2.521840
-0.600000 4.000000 2.525452
-0.600000 4.050000 2.527951
-0.600000 4.100000 2.529228
-0.600000 4.150000 2.529228
-0.600000 4.200000 2.527951
-0.600000 4.250000 2.525452
-0.600000 4.300000 2.521840
-0.600000 4.350000 2.517275
-0.600000 4.400000 2.511954
-0.600000 4.450000 2.506110
-0.600000 4.500000 2.500000
-0.600000 4.550000 2.493890
-0.600000 4.600000 2.488046
-0.600000 4.650000 2.482725
-0.600000 4.700000 2.478160
-0.600000 4.750000 2.474548
-0.600000 4.800000 2.472049
-0.600000 4.850000 2.470772
-0.600000 4.900000 2.470772
-0.600000 4.950000 2.472049
-0.600000 5.000000 2.474548
-0.600000 5.050000 2.478160
-0.600000 5.100000 2.482725
-0.600000 5.150000 2.488046
-0.600000 5.200000 2.493890
-0.600000 5.250000 2.500000
-0.600000 5.300000 2.506110
-0.600000 5.350000 2.511954
-0.600000 5.400000 2.517275
-0.600000 5.450000 2.521840
-0.600000 5.500000 2.525452
-0.600000 5.550000 2.527951
-0.600000 5.600000 2.529228
-0.600000 5.650000 2.529228
-0.600000 5.700000 2.527951
-0.600000 5.750000 2.525452
-0.600000 5.800000 2.521840
-0.600000 5.850000 2.517275
-0.600000 5.900000 2.511954
-0.600000 5.950000 2.506110
-0.600000 6.000000 2.500000
-0.550000 0.000000 2.500000
-0.550000 0.050000 2.492275
-0.550000 0.100000 2.484887
-0.550000 0.150000 2.478160
-0.550000 0.200000 2.472387
-0.550000 0.250000 2.467821
-0.550000 0.300000 2.464661
-0.550000 0.350000 2.463046
-0.550000 0.400000 2.463046
-0.550000 0.450000 2.464661
-0.550000 0.500000 2.467821
-0.550000 0.550000 2.472387
-0.550000 0.600000 2.478160
-0.550000 0.650000 2.484887
-0.550000 0.700000 2.492275
-0.550000 0.750000 2.500000
-0.550000 0.800000 2.507725
-0.550000 0.850000 2.515113
-0.550000 0.900000 2.521840
-0.550000 0.950000 2.527613
-0.550000 1.000000 2.532179
-0.550000 1.050000 2.535339
-0.550000 1.100000 2.536954
-0.550000 1.150000 2.536954
-0.550000 1.200000 2.535339
-0.550000 1.250000 2.532179
-0.550000 1.300000 2.527613
-0.550000 1.350000 2.521840
-0.550000 1.400000 2.515113
-0.550000 1.450000 2.507725
-0.550000 1.500000 2.500000
-0.550000 1.550000 2.492275
-0.550000 1.600000 2.484887
-0.550000 1.650000 2.478160
-0.550000 1.700000 2.472387
-0.550000 1.750000 2.467821
-0.550000 1.800000 2.464661
-0.550000 1.850000 2.463046
-0.550000 1.900000 2.463046
-0.550000 1.950000 2.464661
-0.550000 2.000000 2.467821
-0.550000 2.050000 2.472387
-0.550000 2.100000 2.478160
-0.550000 2.150000 2.484887
-0.550000 2.200000 2.492275
-0.550000 2.250000 2.500000
-0.550000 2.300000 2.507725
-0.550000 2.350000 2.515113
-0.550000 2.400000 2.521840
-0.550000 2.450000 2.527613
-0.550000 2.500000 2.532179
-0.550000 2.550000 2.535339
-0.550000 2.600000 2.536954
-0.550000 2.650000 2.536954
-0.550000 2.700000 2.535339
-0.550000 2.750000 2.532179
-0.550000 2.800000 2.527613
-0.550000 2.850000 2.521840
-0.550000 2.900000 2.515113
-0.550000 2.950000 2.507725
-0.550000 3.000000 2.500000
-0.550000 3.050000 2.492275
-0.550000 3.100000 2.484887
-0.550000 3.150000 2.478160
-0.550000 3.200000 2.472387
-0.550000 3.250000 2.467821
-0.550000 3.300000 2.464661
-0.550000 3.350000 2.463046
-0.550000 3.400000 2.463046
-0.550000 3.450000 2.464661
-0.550000 3.500000 2.467821
-0.550000 3.550000 2.472387
-0.550000 3.600000 2.478160
-0.550000 3.650000 2.484887
-0.550000 3.700000 2.492275
-0.550000 3.750000 2.500000
-0.550000 3.800000 2.507725
-0.550000 3.850000 2.515113
-0.550000 3.900000 2.521840
-0.550000 3.950000 2.527613
-0.550000 4.000000 2.532179
-0.550000 4.050000 2.535339
-0.550000 4.100000 2.536954
-0.550000 4.150000 2.536954
-0.550000 4.200000 2.535339
-0.550000 4.250000 2.532179
-0.550000 4.300000 2.527613
-0.550000 4.350000 2.521840
-0.550000 4.400000 2.515113
-0.550000 4.450000 2.507725
-0.550000 4.500000 2.500000
-0.550000 4.550000 2.492275
-0.550000 4.600000 2.484887
-0.550000 4.650000 2.478160
-0.550000 4.700000 2.472387
-0.550000 4.750000 2.467821
-0.550000 4.800000 2.464661
-0.550000 4.850000 2.463046
-0.550000 4.900000 2.463046
-0.550000 4.950000 2.464661
-0.550000 5.000000 2.467821
-0.550000 5.050000 2.472387
-0.550000 5.100000 2.478160
-0.550000 5.150000 2.484887
-0.550000 5.200000 2.492275
-0.550000 5.250000 2.500000
-0.550000 5.300000 2.507725
-0.550000 5.350000 2.515113
-0.550000 5.400000 2.521840
-0.550000 5.450000 2.527613
-0.550000 5.500000 2.532179
-0.550000 5.550000 2.535339
-0.550000 5.600000 2.536954
-0.550000 5.650000 2.536954
-0.550000 5.700000 2.535339
-0.550000 5.750000 2.532179
-0.550000 5.800000 2.527613
-0.550000 5.850000 2.521840
-0.550000 5.900000 2.515113
-0.550000 5.950000 2.507725
-0.550000 6.000000 2.500000
-0.500000 0.000000 2.500000
-0.500000 0.050000 2.490997
-0.500000 0.100000 2.482388
-0.500000 0.150000 2.474548
-0.500000 0.200000 2.467821
-0.500000 0.250000 2.462500
-0.500000 0.300000 2.458818
-0.500000 0.350000 2.456936
-0.500000 0.400000 2.456936
-0.500000 0.450000 2.458818
-0.500000 0.500000 2.462500
-0.500000 0.550000 2.467821
-0.500000 0.600000 2.474548
-0.500000 0.650000 2.482388
-0.500000 0.700000 2.490997
-0.500000 0.750000 2.500000
-0.500000 0.800000 2.509003
-0.500000 0.850000 2.517612
-0.500000 0.900000 2.525452
-0.500000 0.950000 2.532179
-0.500000 1.000000 2.537500
-0.500000 1.050000 2.541182
-0.500000 1.100000 2.543064
-0.500000 1.150000 2.543064
-0.500000 1.200000 2.541182
-0.500000 1.250000 2.537500
-0.500000 1.300000 2.532179
-0.500000 1.350000 2.525452
-0.500000 1.400000 2.517612
-0.500000 1.450000 2.509003
-0.500000 1.500000 2.500000
-0.500000 1.550000 2.490997
-0.500000 1.600000 2.482388
-0.500000 1.650000 2.474548
-0.500000 1.700000 2.467821
-0.500000 1.750000 2.462500
-0.500000 1.800000 2.458818
-0.500000 1.850000 2.456936
-0.500000 1.900000 2.456936
-0.500000 1.950000 2.458818
-0.500000 2.000000 2.462500
-0.500000 2.050000 2.467821
-0.500000 2.100000 2.474548
-0.500000 2.150000 2.482388
-0.500000 2.200000 2.490997
-0.500000 2.250000 2.500000
-0.500000 2.300000 2.509003
-0.500000 2.350000 2.517612
-0.500000 2.400000 2.525452
-0.500000 2.450000 2.532179
-0.500000 2.500000 2.537500
-0.500000 2.550000 2.541182
-0.500000 2.600000 2.543064
-0.500000 2.650000 2.543064
-0.500000 2.700000 2.541182
-0.500000 2.750000 2.537500
-0.500000 2.800000 2.532179
-0.500000 2.850000 2.525452
-0.500000 2.900000 2.517612
-0.500000 2.950000 2.509003
-0.500000 3.000000 2.500000
-0.500000 3.050000 2.490997
-0.500000 3.100000 2.482388
-0.500000 3.150000 2.474548
-0.500000 3.200000 2.467821
-0.500000 3.250000 2.462500
-0.500000 3.300000 2.458818
-0.500000 3.350000 2.456936
-0.500000 3.400000 2.456936
-0.500000 3.450000 2.458818
-0.500000 3.500000 2.462500
-0.500000 3.550000 2.467821
-0.500000 3.600000 2.474548
-0.500000 3.650000 2.482388
-0.500000 3.700000 2.490997
-0.500000 3.750000 2.500000
-0.500000 3.800000 2.509003
-0.500000 3.850000 2.517612
-0.500000 3.900000 2.525452
-0.500000 3.950000 2.532179
-0.500000 4.000000 2.537500
-0.500000 4.050000 2.541182
-0.500000 4.100000 2.543064
-0.500000 4.150000 2.543064
-0.500000 4.200000 2.541182
-0.500000 4.250000 2.537500
-0.500000 4.300000 2.532179
-0.500000 4.350000 2.525452
-0.500000 4.400000 2.517612
-0.500000 4.450000 2.509003
-0.500000 4.500000 2.500000
-0.500000 4.550000 2.490997
-0.500000 4.600000 2.482388
-0.500000 4.650000 2.474548
-0.500000 4.700000 2.467821
-0.500000 4.750000 2.462500
-0.500000 4.800000 2.458818
-0.500000 4.850000 2.456936
-0.500000 4.900000 2.456936
-0.500000 4.950000 2.458818
-0.500000 5.000000 2.462500
-0.500000 5.050000 2.467821
-0.500000 5.100000 2.474548
-0.500000 5.150000 2.482388
-0.500000 5.200000 2.490997
-0.500000 5.250000 2.500000
-0.500000 5.300000 2.509003
-0.500000 5.350000 2.517612
-0.500000 5.400000 2.525452
-0.500000 5.450000 2.532179
-0.500000 5.500000 2.537500
-0.500000 5.550000 2.541182
-0.500000 5.600000 2.543064
-0.500000 5.650000 2.543064
-0.500000 5.700000 2.541182
-0.500000 5.750000 2.537500
-0.500000 5.800000 2.532179
-0.500000 5.850000 2.525452
-0.500000 5.900000 2.517612
-0.500000 5.950000 2.509003
-0.500000 6.000000 2.500000
-0.450000 0.000000 2.500000
-0.450000 0.050000 2.490113
-0.450000 0.100000 2.480659
-0.450000 0.150000 2.472049
-0.450000 0.200000 2.464661
-0.450000 0.250000 2.458818
-0.450000 0.300000 2.454775
-0.450000 0.350000 2.452708
-0.450000 0.400000 2.452708
-0.450000 0.450000 2.454775
-0.450000 0.500000 2.458818
-0.450000 0.550000 2.464661
-0.450000 0.600000 2.472049
-0.450000 0.650000 2.480659
-0.450000 0.700000 2.490113
-0.450000 0.750000 2.500000
-0.450000 0.800000 2.509887
-0.450000 0.850000 2.519341
-0.450000 0.900000 2.527951
-0.450000 0.950000 2.535339
-0.450000 1.000000 2.541182
-0.450000 1.050000 2.545225
-0.450000 1.100000 2.547292
-0.450000 1.150000 2.547292
-0.450000 1.200000 2.545225
-0.450000 1.250000 2.541182
-0.450000 1.300000 2.535339
-0.450000 1.350000 2.527951
-0.450000 1.400000 2.519341
-0.450000 1.450000 2.509887
-0.450000 1.500000 2.500000
-0.450000 1.550000 2.490113
-0.450000 1.600000 2.480659
-0.450000 1.650000 2.472049
-0.450000 1.700000 2.464661
-0.450000 1.750000 2.458818
-0.450000 1.800000 2.454775
-0.450000 1.850000 2.452708
-0.450000 1.900000 2.452708
-0.450000 1.950000 2.454775
-0.450000 2.000000 2.458818
-0.450000 2.050000 2.464661
-0.450000 2.100000 2.472049
-0.450000 2.150000 2.480659
-0.450000 2.200000 2.490113
-0.450000 2.250000 2.500000
-0.450000 2.300000 2.509887
-0.450000 2.350000 2.519341
-0.450000 2.400000 2.527951
-0.450000 2.450000 2.535339
-0.450000 2.500000 2.541182
-0.450000 2.550000 2.545225
-0.450000 2.600000 2.547292
-0.450000 2.650000 2.547292
-0.450000 2.700000 2.545225
-0.450000 2.750000 2.541182
-0.450000 2.800000 2.535339
-0.450000 2.850000 2.527951
-0.450000 2.900000 2.519341
-0.450000 2.950000 2.509887
-0.450000 3.000000 2.500000
-0.450000 3.050000 2.490113
-0.450000 3.100000 2.480659
-0.450000 3.150000 2.472049
-0.450000 3.200000 2.464661
-0.450000 3.250000 2.458818
-0.450000 3.300000 2.454775
-0.450000 3.350000 2.452708
-0.450000 3.400000 2.452708
-0.450000 3.450000 2.454775
-0.450000 3.500000 2.458818
-0.450000 3.550000 2.464661
-0.450000 3.600000 2.472049
-0.450000 3.650000 2.480659
-0.450000 3.700000 2.490113
-0.450000 3.750000 2.500000
-0.450000 3.800000 2.509887
-0.450000 3.850000 2.519341
-0.450000 3.900000 2.527951
-0.450000 3.950000 2.535339
-0.450000 4.000000 2.541182
-0.450000 4.050000 2.545225
-0.450000 4.100000 2.547292
-0.450000 4.150000 2.547292
-0.450000 4.200000 2.545225
-0.450000 4.250000 2.541182
-0.450000 4.300000 2.535339
-0.450000 4.350000 2.527951
-0.450000 4.400000 2.519341
-0.450000 4.450000 2.509887
-0.450000 4.500000 2.500000
-0.450000 4.550000 2.490113
-0.450000 4.600000 2.480659
-0.450000 4.650000 2.472049
-0.450000 4.700000 2.464661
-0.450000 4.750000 2.458818
-0.450000 4.800000 2.454775
-0.450000 4.850000 2.452708
-0.450000 4.900000 2.452708
-0.450000 4.950000 2.454775
-0.450000 5.000000 2.458818
-0.450000 5.050000 2.464661
-0.450000 5.100000 2.472049
-0.450000 5.150000 2.480659
-0.450000 5.200000 2.490113
-0.450000 5.250000 2.500000
-0.450000 5.300000 2.509887
-0.450000 5.350000 2.519341
-0.450000 5.400000 2.527951
-0.450000 5.450000 2.535339
-0.450000 5.500000 2.541182
-0.450000 5.550000 2.545225
-0.450000 5.600000 2.547292
-0.450000 5.650000 2.547292
-0.450000 5.700000 2.545225
-0.450000 5.750000 2.541182
-0.450000 5.800000 2.535339
-0.450000 5.850000 2.527951
-0.450000 5.900000 2.519341
-0.450000 5.950000 2.509887
-0.450000 6.000000 2.500000
-0.400000 0.000000 2.500000
-0.400000 0.050000 2.489661
-0.400000 0.100000 2.479775
-0.400000 0.150000 2.470772
-0.400000 0.200000 2.463046
-0.400000 0.250000 2.456936
-0.400000 0.300000 2.452708
-0.400000 0.350000 2.450546
-0.400000 0.400000 2.450546
-0.400000 0.450000 2.452708
-0.400000 0.500000 2.456936
-0.400000 0.550000 2.463046
-0.400000 0.600000 2.470772
-0.400000 0.650000 2.479775
-0.400000 0.700000 2.489661
-0.400000 0.750000 2.500000
-0.400000 0.800000 2.510339
-0.400000 0.850000 2.520225
-0.400000 0.900000 2.529228
-0.400000 0.950000 2.536954
-0.400000 1.000000 2.543064
-0.400000 1.050000 2.547292
-0.400000 1.100000 2.549454
-0.400000 1.150000 2.549454
-0.400000 1.200000 2.547292
-0.400000 1.250000 2.543064
-0.400000 1.300000 2.536954
-0.400000 1.350000 2.529228
-0.400000 1.400000 2.520225
-0.400000 1.450000 2.510339
-0.400000 1.500000 2.500000
-0.400000 1.550000 2.489661
-0.400000 1.600000 2.479775
-0.400000 1.650000 2.470772
-0.400000 1.700000 2.463046
-0.400000 1.750000 2.456936
-0.400000 1.800000 2.452708
-0.400000 1.850000 2.450546
-0.400000 1.900000 2.450546
-0.400000 1.950000 2.452708
-0.400000 2.000000 2.456936
-0.400000 2.050000 2.463046
-0.400000 2.100000 2.470772
-0.400000 2.150000 2.479775
-0.400000 2.200000 2.489661
-0.400000 2.250000 2.500000
-0.400000 2.300000 2.510339
-0.400000 2.350000 2.520225
-0.400000 2.400000 2.529228
-0.400000 2.450000 2.536954
-0.400000 2.500000 2.543064
-0.400000 2.550000 2.547292
-0.400000 2.600000 2.549454
-0.400000 2.650000 2.549454
-0.400000 2.700000 2.547292
-0.400000 2.750000 2.543064
-0.400000 2.800000 2.536954
-0.400000 2.850000 2.529228
-0.400000 2.900000 2.520225
-0.400000 2.950000 2.510339
-0.400000 3.000000 2.500000
-0.400000 3.050000 2.489661
-0.400000 3.100000 2.479775
-0.400000 3.150000 2.470772
-0.400000 3.200000 2.463046
-0.400000 3.250000 2.456936
-0.400000 3.300000 2.452708
-0.400000 3.350000 2.450546
-0.400000 3.400000 2.450546
-0.400000 3.450000 2.452708
-0.400000 3.500000 2.456936
-0.400000 3.550000 2.463046
-0.400000 3.600000 2.470772
-0.400000 3.650000 2.479775
-0.400000 3.700000 2.489661
-0.400000 3.750000 2.500000
-0.400000 3.800000 2.510339
-0.400000 3.850000 2.520225
-0.400000 3.900000 2.529228
-0.400000 3.950000 2.536954
-0.400000 4.000000 2.543064
-0.400000 4.050000 2.547292
-0.400000 4.100000 2.549454
-0.400000 4.150000 2.549454
-0.400000 4.200000 2.547292
-0.400000 4.250000 2.543064
-0.400000 4.300000 2.536954
-0.400000 4.350000 2.529228
-0.400000 4.400000 2.520225
-0.400000 4.450000 2.510339
-0.400000 4.500000 2.500000
-0.400000 4.550000 2.489661
-0.400000 4.600000 2.479775
-0.400000 4.650000 2.470772
-0.400000 4.700000 2.463046
-0.400000 4.750000 2.456936
-0.400000 4.800000 2.452708
-0.400000 4.850000 2.450546
-0.400000 4.900000 2.450546
-0.400000 4.950000 2.452708
-0.400000 5.000000 2.456936
-0.400000 5.050000 2.463046
-0.400000 5.100000 2.470772
-0.400000 5.150000 2.479775
-0.400000 5.200000 2.489661
-0.400000 5.250000 2.500000
-0.400000 5.300000 2.510339
-0.400000 5.350000 2.520225
-0.400000 5.400000 2.529228
-0.400000 5.450000 2.536954
-0.400000 5.500000 2.543064
-0.400000 5.550000 2.547292
-0.400000 5.600000 2.549454
-0.400000 5.650000 2.549454
-0.400000 5.700000 2.547292
-0.400000 5.750000 2.543064
-0.400000 5.800000 2.536954
-0.400000 5.850000 2.529228
-0.400000 5.900000 2.520225
-0.400000 5.950000 2.510339
-0.400000 6.000000 2.500000
-0.350000 0.000000 2.500000
-0.350000 0.050000 2.489661
-0.350000 0.100000 2.479775
-0.350000 0.150000 2.470772
-0.350000 0.200000 2.463046
-0.350000 0.250000 2.456936
-0.350000 0.300000 2.452708
-0.350000 0.350000 2.450546
-0.350000 0.400000 2.450546
-0.350000 0.450000 2.452708
-0.350000 0.500000 2.456936
-0.350000 0.550000 2.463046
-0.350000 0.600000 2.470772
-0.350000 0.650000 2.479775
-0.350000 0.700000 2.489661
-0.350000 0.750000 2.500000
-0.350000 0.800000 2.510339
-0.350000 0.850000 2.520225
-0.350000 0.900000 2.529228
-0.350000 0.950000 2.536954
-0.350000 1.000000 2.543064
-0.350000 1.050000 2.547292
-0.350000 1.100000 2.549454
-0.350000 1.150000 2.549454
-0.350000 1.200000 2.547292
-0.350000 1.250000 2.543064
-0.350000 1.300000 2.536954
-0.350000 1.350000 2.529228
-0.350000 1.400000 2.520225
-0.350000 1.450000 2.510339
-0.350000 1.500000 2.500000
-0.350000 1.550000 2.489661
-0.350000 1.600000 2.479775
-0.350000 1.650000 2.470772
-0.350000 1.700000 2.463046
-0.350000 1.750000 2.456936
-0.350000 1.800000 2.452708
-0.350000 1.850000 2.450546
-0.350000 1.900000 2.450546
-0.350000 1.950000 2.452708
-0.350000 2.000000 2.456936
-0.350000 2.050000 2.463046
-0.350000 2.100000 2.470772
-0.350000 2.150000 2.479775
-0.350000 2.200000 2.489661
-0.350000 2.250000 2.500000
-0.350000 2.300000 2.510339
-0.350000 2.350000 2.520225
-0.350000 2.400000 2.529228
-0.350000 2.450000 2.536954
-0.350000 2.500000 2.543064
-0.350000 2.550000 2.547292
-0.350000 2.600000 2.549454
-0.350000 2.650000 2.549454
-0.350000 2.700000 2.547292
-0.350000 2.750000 2.543064
-0.350000 2.800000 2.536954
-0.350000 2.850000 2.529228
-0.350000 2.900000 2.520225
-0.350000 2.950000 2.510339
-0.350000 3.000000 2.500000
-0.350000 3.050000 2.489661
-0.350000 3.100000 2.479775
-0.350000 3.150000 2.470772
-0.350000 3.200000 2.463046
-0.350000 3.250000 2.456936
-0.350000 3.300000 2.452708
-0.350000 3.350000 2.450546
-0.350000 3.400000 2.450546
-0.350000 3.450000 2.452708
-0.350000 3.500000 2.456936
-0.350000 3.550000 2.463046
-0.350000 3.600000 2.470772
-0.350000 3.650000 2.479775
-0.350000 3.700000 2.489661
-0.350000 3.750000 2.500000
-0.350000 3.800000 2.510339
-0.350000 3.850000 2.520225
-0.350000 3.900000 2.529228
-0.350000 3.950000 2.536954
-0.350000 4.000000 2.543064
-0.350000 4.050000 2.547292
-0.350000 4.100000 2.549454
-0.350000 4.150000 2.549454
-0.350000 4.200000 2.547292
-0.350000 4.250000 2.543064
-0.350000 4.300000 2.536954
-0.350000 4.350000 2.529228
-0.350000 4.400000 2.520225
-0.350000 4.450000 2.510339
-0.350000 4.500000 2.500000
-0.350000 4.550000 2.489661
-0.350000 4.600000 2.479775
-0.350000 4.650000 2.470772
-0.350000 4.700000 2.463046
-0.350000 4.750000 2.456936
-0.350000 4.800000 2.452708
-0.350000 4.850000 2.450546
-0.350000 4.900000 2.450546
-0.350000 4.950000 2.452708
-0.350000 5.000000 2.456936
-0.350000 5.050000 2.463046
-0.350000 5.100000 2.470772
-0.350000 5.150000 2.479775
-0.350000 5.200000 2.489661
-0.350000 5.250000 2.500000
-0.350000 5.300000 2.510339
-0.350000 5.350000 2.520225
-0.350000 5.400000 2.529228
-0.350000 5.450000 2.536954
-0.350000 5.500000 2.543064
-0.350000 5.550000 2.547292
-0.350000 5.600000 2.549454
-0.350000 5.650000 2.549454
-0.350000 5.700000 2.547292
-0.350000 5.750000 2.543064
-0.350000 5.800000 2.536954
-0.350000 5.850000 2.529228
-0.350000 5.900000 2.520225
-0.350000 5.950000 2.510339
-0.350000 6.000000 2.500000
-0.300000 0.000000 2.500000
-0.300000 0.050000 2.490113
-0.300000 0.100000 2.480659
-0.300000 0.150000 2.472049
-0.300000 0.200000 2.464661
-0.300000 0.250000 2.458818
-0.300000 0.300000 2.454775
-0.300000 0.350000 2.452708
-0.300000 0.400000 2.452708
-0.300000 0.450000 2.454775
-0.300000 0.500000 2.458818
-0.300000 0.550000 2.464661
-0.300000 0.600000 2.472049
-0.300000 0.650000 2.480659
-0.300000 0.700000 2.490113
-0.300000 0.750000 2.500000
-0.300000 0.800000 2.509887
-0.300000 0.850000 2.519341
-0.300000 0.900000 2.527951
-0.300000 0.950000 2.535339
-0.300000 1.000000 2.541182
-0.300000 1.050000 2.545225
-0.300000 1.100000 2.547292
-0.300000 1.150000 2.547292
-0.300000 1.200000 2.545225
-0.300000 1.250000 2.541182
-0.300000 1.300000 2.535339
-0.300000 1.350000 2.527951
-0.300000 1.400000 2.519341
-0.300000 1.450000 2.509887
-0.300000 1.500000 2.500000
-0.300000 1.550000 2.490113
-0.300000 1.600000 2.480659
-0.300000 1.650000 2.472049
-0.300000 1.700000 2.464661
-0.300000 1.750000 2.458818
-0.300000 1.800000 2.454775
-0.300000 1.850000 2.452708
-0.300000 1.900000 2.452708
-0.300000 1.950000 2.454775
-0.300000 2.000000 2.458818
-0.300000 2.050000 2.464661
-0.300000 2.100000 2.472049
-0.300000 2.150000 2.480659
-0.300000 2.200000 2.490113
-0.300000 2.250000 2.500000
-0.300000 2.300000 2.509887
-0.300000 2.350000 2.519341
-0.300000 2.400000 2.527951
-0.300000 2.450000 2.535339
-0.300000 2.500000 2.541182
-0.300000 2.550000 2.545225
-0.300000 2.600000 2.547292
-0.300000 2.650000 2.547292
-0.300000 2.700000 2.545225
-0.300000 2.750000 2.541182
-0.300000 2.800000 2.535339
-0.300000 2.850000 2.527951
-0.300000 2.900000 2.519341
-0.300000 2.950000 2.509887
-0.300000 3.000000 2.500000
-0.300000 3.050000 2.490113
-0.300000 3.100000 2.480659
-0.300000 3.150000 2.472049
-0.300000 3.200000 2.464661
-0.300000 3.250000 2.458818
-0.300000 3.300000 2.454775
-0.300000 3.350000 2.452708
-0.300000 3.400000 2.452708
-0.300000 3.450000 2.454775
-0.300000 3.500000 2.458818
-0.300000 3.550000 2.464661
-0.300000 3.600000 2.472049
-0.300000 3.650000 2.480659
-0.300000 3.700000 2.490113
-0.300000 3.750000 2.500000
-0.300000 3.800000 2.509887
-0.300000 3.850000 2.519341
-0.300000 3.900000 2.527951
-0.300000 3.950000 2.535339
-0.300000 4.000000 2.541182
-0.300000 4.050000 2.545225
-0.300000 4.100000 2.547292
-0.300000 4.150000 2.547292
-0.300000 4.200000 2.545225
-0.300000 4.250000 2.541182
-0.300000 4.300000 2.535339
-0.300000 4.350000 2.527951
-0.300000 4.400000 2.519341
-0.300000 4.450000 2.509887
-0.300000 4.500000 2.500000
-0.300000 4.550000 2.490113
-0.300000 4.600000 2.480659
-0.300000 4.650000 2.472049
-0.300000 4.700000 2.464661
-0.300000 4.750000 2.458818
-0.300000 4.800000 2.454775
-0.300000 4.850000 2.452708
-0.300000 4.900000 2.452708
-0.300000 4.950000 2.454775
-0.300000 5.000000 2.458818
-0.300000 5.050000 2.464661
-0.300000 5.100000 2.472049
-0.300000 5.150000 2.480659
-0.300000 5.200000 2.490113
-0.300000 5.250000 2.500000
-0.300000 5.300000 2.509887
-0.300000 5.350000 2.519341
-0.300000 5.400000 2.527951
-0.300000 5.450000 2.535339
-0.300000 5.500000 2.541182
-0.300000 5.550000 2.545225
-0.300000 5.600000 2.547292
-0.300000 5.650000 2.547292
-0.300000 5.700000 2.545225
-0.300000 5.750000 2.541182
-0.300000 5.800000 2.535339
-0.300000 5.850000 2.527951
-0.300000 5.900000 2.519341
-0.300000 5.950000 2.509887
-0.300000 6.000000 2.500000
-0.250000 0.000000 2.500000
-0.250000 0.050000 2.490997
-0.250000 0.100000 2.482388
-0.250000 0.150000 2.474548
-0.250000 0.200000 2.467821
-0.250000 0.250000 2.462500
-0.250000 0.300000 2.458818
-0.250000 0.350000 2.456936
-0.250000 0.400000 2.456936
-0.250000 0.450000 2.458818
-0.250000 0.500000 2.462500
-0.250000 0.550000 2.467821
-0.250000 0.600000 2.474548
-0.250000 0.650000 2.482388
-0.250000 0.700000 2.490997
-0.250000 0.750000 2.500000
-0.250000 0.800000 2.509003
-0.250000 0.850000 2.517612
-0.250000 0.900000 2.525452
-0.250000 0.950000 2.532179
-0.250000 1.000000 2.537500
-0.250000 1.050000 2.541182
-0.250000 1.100000 2.543064
-0.250000 1.150000 2.543064
-0.250000 1.200000 2.541182
-0.250000 1.250000 2.537500
-0.250000 1.300000 2.532179
-0.250000 1.350000 2.525452
-0.250000 1.400000 2.517612
-0.250000 1.450000 2.509003
-0.250000 1.500000 2.500000
-0.250000 1.550000 2.490997
-0.250000 1.600000 2.482388
-0.250000 1.650000 2.474548
-0.250000 1.700000 2.467821
-0.250000 1.750000 2.462500
-0.250000 1.800000 2.458818
-0.250000 1.850000 2.456936
-0.250000 1.900000 2.456936
-0.250000 1.950000 2.458818
-0.250000 2.000000 2.462500
-0.250000 2.050000 2.467821
-0.250000 2.100000 2.474548
-0.250000 2.150000 2.482388
-0.250000 2.200000 2.490997
-0.250000 2.250000 2.500000
-0.250000 2.300000 2.509003
-0.250000 2.350000 2.517612
-0.250000 2.400000 2.525452
-0.250000 2.450000 2.532179
-0.250000 2.500000 2.537500
-0.250000 2.550000 2.541182
-0.250000 2.600000 2.543064
-0.250000 2.650000 2.543064
-0.250000 2.700000 2.541182
-0.250000 2.750000 2.537500
-0.250000 2.800000 2.532179
-0.250000 2.850000 2.525452
-0.250000 2.900000 2.517612
-0.250000 2.950000 2.509003
-0.250000 3.000000 2.500000
-0.250000 3.050000 2.490997
-0.250000 3.100000 2.482388
-0.250000 3.150000 2.474548
-0.250000 3.200000 2.467821
-0.250000 3.250000 2.462500
-0.250000 3.300000 2.458818
-0.250000 3.350000 2.456936
-0.250000 3.400000 2.456936
-0.250000 3.450000 2.458818
-0.250000 3.500000 2.462500
-0.250000 3.550000 2.467821
-0.250000 3.600000 2.474548
-0.250000 3.650000 2.482388
-0.250000 3.700000 2.490997
-0.250000 3.750000 2.500000
-0.250000 3.800000 2.509003
-0.250000 3.850000 2.517612
-0.250000 3.900000 2.525452
-0.250000 3.950000 2.532179
-0.250000 4.000000 2.537500
-0.250000 4.050000 2.541182
-0.250000 4.100000 2.543064
-0.250000 4.150000 2.543064
-0.250000 4.200000 2.541182
-0.250000 4.250000 2.537500
-0.250000 4.300000 2.532179
-0.250000 4.350000 2.525452
-0.250000 4.400000 2.517612
-0.250000 4.450000 2.509003
-0.250000 4.500000 2.500000
-0.250000 4.550000 2.490997
-0.250000 4.600000 2.482388
-0.250000 4.650000 2.474548
-0.250000 4.700000 2.467821
-0.250000 4.750000 2.462500
-0.250000 4.800000 2.458818
-0.250000 4.850000 2.456936
-0.250000 4.900000 2.456936
-0.250000 4.950000 2.458818
-0.250000 5.000000 2.462500
-0.250000 5.050000 2.467821
-0.250000 5.100000 2.474548
-0.250000 5.150000 2.482388
-0.250000 5.200000 2.490997
-0.250000 5.250000 2.500000
-0.250000 5.300000 2.509003
-0.250000 5.350000 2.517612
-0.250000 5.400000 2.525452
-0.250000 5.450000 2.532179
-0.250000 5.500000 2.537500
-0.250000 5.550000 2.541182
-0.250000 5.600000 2.543064
-0.250000 5.650000 2.543064
-0.250000 5.700000 2.541182
-0.250000 5.750000 2.537500
-0.250000 5.800000 2.532179
-0.250000 5.850000 2.525452
-0.250000 5.900000 2.517612
-0.250000 5.950000 2.509003
-0.250000 6.000000 2.500000
-0.200000 0.000000 2.500000
-0.200000 0.050000 2.492275
-0.200000 0.100000 2.484887
-0.200000 0.150000 2.478160
-0.200000 0.200000 2.472387
-0.200000 0.250000 2.467821
-0.200000 0.300000 2.464661
-0.200000 0.350000 2.463046
-0.200000 0.400000 2.463046
-0.200000 0.450000 2.464661
-0.200000 0.500000 2.467821
-0.200000 0.550000 2.472387
-0.200000 0.600000 2.478160
-0.200000 0.650000 2.484887
-0.200000 0.700000 2.492275
-0.200000 0.750000 2.500000
-0.200000 0.800000 2.507725
-0.200000 0.850000 2.515113
-0.200000 0.900000 2.521840
-0.200000 0.950000 2.527613
-0.200000 1.000000 2.532179
-0.200000 1.050000 2.535339
-0.200000 1.100000 2.536954
-0.200000 1.150000 2.536954
-0.200000 1.200000 2.535339
-0.200000 1.250000 2.532179
-0.200000 1.300000 2.527613
-0.200000 1.350000 2.521840
-0.200000 1.400000 2.515113
-0.200000 1.450000 2.507725
-0.200000 1.500000 2.500000
-0.200000 1.550000 2.492275
-0.200000 1.600000 2.484887
-0.200000 1.650000 2.478160
-0.200000 1.700000 2.472387
-0.200000 1.750000 2.467821
-0.200000 1.800000 2.464661
-0.200000 1.850000 2.463046
-0.200000 1.900000 2.463046
-0.200000 1.950000 2.464661
-0.200000 2.000000 2.467821
-0.200000 2.050000 2.472387
-0.200000 2.100000 2.478160
-0.200000 2.150000 2.484887
-0.200000 2.200000 2.492275
-0.200000 2.250000 2.500000
-0.200000 2.300000 2.507725
-0.200000 2.350000 2.515113
-0.200000 2.400000 2.521840
-0.200000 2.450000 2.527613
-0.200000 2.500000 2.532179
-0.200000 2.550000 2.535339
-0.200000 2.600000 2.536954
-0.200000 2.650000 2.536954
-0.200000 2.700000 2.535339
-0.200000 2.750000 2.532179
-0.200000 2.800000 2.527613
-0.200000 2.850000 2.521840
-0.200000 2.900000 2.515113
-0.200000 2.950000 2.507725
-0.200000 3.000000 2.500000
-0.200000 3.050000 2.492275
-0.200000 3.100000 2.484887
-0.200000 3.150000 2.478160
-0.200000 3.200000 2.472387
-0.200000 3.250000 2.467821
-0.200000 3.300000 2.464661
-0.200000 3.350000 2.463046
-0.200000 3.400000 2.463046
-0.200000 3.450000 2.464661
-0.200000 3.500000 2.467821
-0.200000 3.550000 2.472387
-0.200000 3.600000 2.478160
-0.200000 3.650000 2.484887
-0.200000 3.700000 2.492275
-0.200000 3.750000 2.500000
-0.200000 3.800000 2.507725
-0.200000 3.850000 2.515113
-0.200000 3.900000 2.521840
-0.200000 3.950000 2.527613
-0.200000 4.000000 2.532179
-0.200000 4.050000 2.535339
-0.200000 4.100000 2.536954
-0.200000 4.150000 2.536954
-0.200000 4.200000 2.535339
-0.200000 4.250000 2.532179
-0.200000 4.300000 2.527613
-0.200000 4.350000 2.521840
-0.200000 4.400000 2.515113
-0.200000 4.450000 2.507725
-0.200000 4.500000 2.500000
-0.200000 4.550000 2.492275
-0.200000 4.600000 2.484887
-0.200000 4.650000 2.478160
-0.200000 4.700000 2.472387
-0.200000 4.750000 2.467821
-0.200000 4.800000 2.464661
-0.200000 4.850000 2.463046
-0.200000 4.900000 2.463046
-0.200000 4.950000 2.464661
-0.200000 5.000000 2.467821
-0.200000 5.050000 2.472387
-0.200000 5.100000 2.478160
-0.200000 5.150000 2.484887
-0.200000 5.200000 2.492275
-0.200000 5.250000 2.500000
-0.200000 5.300000 2.507725
-0.200000 5.350000 2.515113
-0.200000 5.400000 2.521840
-0.200000 5.450000 2.527613
-0.200000 5.500000 2.532179
-0.200000 5.550000 2.535339
-0.200000 5.600000 2.536954
-0.200000 5.650000 2.536954
-0.200000 5.700000 2.535339
-0.200000 5.750000 2.532179
-0.200000 5.800000 2.527613
-0.200000 5.850000 2.521840
-0.200000 5.900000 2.515113
-0.200000 5.950000 2.507725
-0.200000 6.000000 2.500000
-0.150000 0.000000 2.500000
-0.150000 0.050000 2.493890
-0.150000 0.100000 2.488046
-0.150000 0.150000 2.482725
-0.150000 0.200000 2.478160
-0.150000 0.250000 2.474548
-0.150000 0.300000 2.472049
-0.150000 0.350000 2.470772
-0.150000 0.400000 2.470772
-0.150000 0.450000 2.472049
-0.150000 0.500000 2.474548
-0.150000 0.550000 2.478160
-0.150000 0.600000 2.482725
-0.150000 0.650000 2.488046
-0.150000 0.700000 2.493890
-0.150000 0.750000 2.500000
-0.150000 0.800000 2.506110
-0.150000 0.850000 2.511954
-0.150000 0.900000 2.517275
-0.150000 0.950000 2.521840
-0.150000 1.000000 2.525452
-0.150000 1.050000 2.527951
-0.150000 1.100000 2.529228
-0.150000 1.150000 2.529228
-0.150000 1.200000 2.527951
-0.150000 1.250000 2.525452
-0.150000 1.300000 2.521840
-0.150000 1.350000 2.517275
-0.150000 1.400000 2.511954
-0.150000 1.450000 2.506110
-0.150000 1.500000 2.500000
-0.150000 1.550000 2.493890
-0.150000 1.600000 2.488046
-0.150000 1.650000 2.482725
-0.150000 1.700000 2.478160
-0.150000 1.750000 2.474548
-0.150000 1.800000 2.472049
-0.150000 1.850000 2.470772
-0.150000 1.900000 2.470772
-0.150000 1.950000 2.472049
-0.150000 2.000000 2.474548
-0.150000 2.050000 2.478160
-0.150000 2.100000 2.482725
-0.150000 2.150000 2.488046
-0.150000 2.200000 2.493890
-0.150000 2.250000 2.500000
-0.150000 2.300000 2.506110
-0.150000 2.350000 2.511954
-0.150000 2.400000 2.517275
-0.150000 2.450000 2.521840
-0.150000 2.500000 2.525452
-0.150000 2.550000 2.527951
-0.150000 2.600000 2.529228
-0.150000 2.650000 2.529228
-0.150000 2.700000 2.527951
-0.150000 2.750000 2.525452
-0.150000 2.800000 2.521840
-0.150000 2.850000 2.517275
-0.150000 2.900000 2.511954
-0.150000 2.950000 2.506110
-0.150000 3.000000 2.500000
-0.150000 3.050000 2.493890
-0.150000 3.100000 2.488046
-0.150000 3.150000 2.482725
-0.150000 3.200000 2.478160
-0.150000 3.250000 2.474548
-0.150000 3.300000 2.472049
-0.150000 3.350000 2.470772
-0.150000 3.400000 2.470772
-0.150000 3.450000 2.472049
-0.150000 3.500000 2.474548
-0.150000 3.550000 2.478160
-0.150000 3.600000 2.482725
-0.150000 3.650000 2.488046
-0.150000 3.700000 2.493890
-0.150000 3.750000 2.500000
-0.150000 3.800000 2.506110
-0.150000 3.850000 2.511954
-0.150000 3.900000 2.517275
-0.150000 3.950000 2.521840
-0.150000 4.000000 2.525452
-0.150000 4.050000 2.527951
-0.150000 4.100000 2.529228
-0.150000 4.150000 2.529228
-0.150000 4.200000 2.527951
-0.150000 4.250000 2.525452
-0.150000 4.300000 2.521840
-0.150000 4.350000 2.517275
-0.150000 4.400000 2.511954
-0.150000 4.450000 2.506110
-0.150000 4.500000 2.500000
-0.150000 4.550000 2.493890
-0.150000 4.600000 2.488046
-0.150000 4.650000 2.482725
-0.150000 4.700000 2.478160
-0.150000 4.750000 2.474548
-0.150000 4.800000 2.472049
-0.150000 4.850000 2.470772
-0.150000 4.900000 2.470772
-0.150000 4.950000 2.472049
-0.150000 5.000000 2.474548
-0.150000 5.050000 2.478160
-0.150000 5.100000 2.482725
-0.150000 5.150000 2.488046
-0.150000 5.200000 2.493890
-0.150000 5.250000 2.500000
-0.150000 5.300000 2.506110
-0.150000 5.350000 2.511954
-0.150000 5.400000 2.517275
-0.150000 5.450000 2.521840
-0.150000 5.500000 2.525452
-0.150000 5.550000 2.527951
-0.150000 5.600000 2.529228
-0.150000 5.650000 2.529228
-0.150000 5.700000 2.527951
-0.150000 5.750000 2.525452
-0.150000 5.800000 2.521840
-0.150000 5.850000 2.517275
-0.150000 5.900000 2.511954
-0.150000 5.950000 2.506110
-0.150000 6.000000 2.500000
-0.100000 0.000000 2.500000
-0.100000 0.050000 2.495772
-0.100000 0.100000 2.491728
-0.100000 0.150000 2.488046
-0.100000 0.200000 2.484887
-0.100000 0.250000 2.482388
-0.100000 0.300000 2.480659
-0.100000 0.350000 2.479775
-0.100000 0.400000 2.479775
-0.100000 0.450000 2.480659
-0.100000 0.500000 2.482388
-0.100000 0.550000 2.484887
-0.100000 0.600000 2.488046
-0.100000 0.650000 2.491728
-0.100000 0.700000 2.495772
-0.100000 0.750000 2.500000
-0.100000 0.800000 2.504228
-0.100000 0.850000 2.508272
-0.100000 0.900000 2.511954
-0.100000 0.950000 2.515113
-0.100000 1.000000 2.517612
-0.100000 1.050000 2.519341
-0.100000 1.100000 2.520225
-0.100000 1.150000 2.520225
-0.100000 1.200000 2.519341
-0.100000 1.250000 2.517612
-0.100000 1.300000 2.515113
-0.100000 1.350000 2.511954
-0.100000 1.400000 2.508272
-0.100000 1.450000 2.504228
-0.100000 1.500000 2.500000
-0.100000 1.550000 2.495772
-0.100000 1.600000 2.491728
-0.100000 1.650000 2.488046
-0.100000 1.700000 2.484887
-0.100000 1.750000 2.482388
-0.100000 1.800000 2.480659
-0.100000 1.850000 2.479775
-0.100000 1.900000 2.479775
-0.100000 1.950000 2.480659
-0.100000 2.000000 2.482388
-0.100000 2.050000 2.484887
-0.100000 2.100000 2.488046
-0.100000 2.150000 2.491728
-0.100000 2.200000 2.495772
-0.100000 2.250000 2.500000
-0.100000 2.300000 2.504228
-0.100000 2.350000 2.508272
-0.100000 2.400000 2.511954
-0.100000 2.450000 2.515113
-0.100000 2.500000 2.517612
-0.100000 2.550000 2.519341
-0.100000 2.600000 2.520225
-0.100000 2.650000 2.520225
-0.100000 2.700000 2.519341
-0.100000 2.750000 2.517612
-0.100000 2.800000 2.515113
-0.100000 2.850000 2.511954
-0.100000 2.900000 2.508272
-0.100000 2.950000 2.504228
-0.100000 3.000000 2.500000
-0.100000 3.050000 2.495772
-0.100000 3.100000 2.491728
-0.100000 3.150000 2.488046
-0.100000 3.200000 2.484887
-0.100000 3.250000 2.482388
-0.100000 3.300000 2.480659
-0.100000 3.350000 2.479775
-0.100000 3.400000 2.479775
-0.100000 3.450000 2.480659
-0.100000 3.500000 2.482388
-0.100000 3.550000 2.484887
-0.100000 3.600000 2.488046
-0.100000 3.650000 2.491728
-0.100000 3.700000 2.495772
-0.100000 3.750000 2.500000
-0.100000 3.800000 2.504228
-0.100000 3.850000 2.508272
-0.100000 3.900000 2.511954
-0.100000 3.950000 2.515113
-0.100000 4.000000 2.517612
-0.100000 4.050000 2.519341
-0.100000 4.100000 2.520225
-0.100000 4.150000 2.520225
-0.100000 4.200000 2.519341
-0.100000 4.250000 2.517612
-0.100000 4.300000 2.515113
-0.100000 4.350000 2.511954
-0.100000 4.400000 2.508272
-0.100000 4.450000 2.504228
-0.100000 4.500000 2.500000
-0.100000 4.550000 2.495772
-0.100000 4.600000 2.491728
-0.100000 4.650000 2.488046
-0.100000 4.700000 2.484887
-0.100000 4.750000 2.482388
-0.100000 4.800000 2.480659
-0.100000 4.850000 2.479775
-0.100000 4.900000 2.479775
-0.100000 4.950000 2.480659
-0.100000 5.000000 2.482388
-0.100000 5.050000 2.484887
-0.100000 5.100000 2.488046
-0.100000 5.150000 2.491728
-0.100000 5.200000 2.495772
-0.100000 5.250000 2.500000
-0.100000 5.300000 2.504228
-0.100000 5.350000 2.508272
-0.100000 5.400000 2.511954
-0.100000 5.450000 2.515113
-0.100000 5.500000 2.517612
-0.100000 5.550000 2.519341
-0.100000 5.600000 2.520225
-0.100000 5.650000 2.520225
-0.100000 5.700000 2.519341
-0.100000 5.750000 2.517612
-0.100000 5.800000 2.515113
-0.100000 5.850000 2.511954
-0.100000 5.900000 2.508272
-0.100000 5.950000 2.504228
-0.100000 6.000000 2.500000
-0.050000 0.000000 2.500000
-0.050000 0.050000 2.497839
-0.050000 0.100000 2.495772
-0.050000 0.150000 2.493890
-0.050000 0.200000 2.492275
-0.050000 0.250000 2.490997
-0.050000 0.300000 2.490113
-0.050000 0.350000 2.489661
-0.050000 0.400000 2.489661
-0.050000 0.450000 2.490113
-0.050000 0.500000 2.490997
-0.050000 0.550000 2.492275
-0.050000 0.600000 2.493890
-0.050000 0.650000 2.495772
-0.050000 0.700000 2.497839
-0.050000 0.750000 2.500000
-0.050000 0.800000 2.502161
-0.050000 0.850000 2.504228
-0.050000 0.900000 2.506110
-0.050000 0.950000 2.507725
-0.050000 1.000000 2.509003
-0.050000 1.050000 2.509887
-0.050000 1.100000 2.510339
-0.050000 1.150000 2.510339
-0.050000 1.200000 2.509887
-0.050000 1.250000 2.509003
-0.050000 1.300000 2.507725
-0.050000 1.350000 2.506110
-0.050000 1.400000 2.504228
-0.050000 1.450000 2.502161
-0.050000 1.500000 2.500000
-0.050000 1.550000 2.497839
-0.050000 1.600000 2.495772
-0.050000 1.650000 2.493890
-0.050000 1.700000 2.492275
-0.050000 1.750000 2.490997
-0.050000 1.800000 2.490113
-0.050000 1.850000 2.489661
-0.050000 1.900000 2.489661
-0.050000 1.950000 2.490113
-0.050000 2.000000 2.490997
-0.050000 2.050000 2.492275
-0.050000 2.100000 2.493890
-0.050000 2.150000 2.495772
-0.050000 2.200000 2.497839
-0.050000 2.250000 2.500000
-0.050000 2.300000 2.502161
-0.050000 2.350000 2.504228
-0.050000 2.400000 2.506110
-0.050000 2.450000 2.507725
-0.050000 2.500000 2.509003
-0.050000 2.550000 2.509887
-0.050000 2.600000 2.510339
-0.050000 2.650000 2.510339
-0.050000 2.700000 2.509887
-0.050000 2.750000 2.509003
-0.050000 2.800000 2.507725
-0.050000 2.850000 2.506110
-0.050000 2.900000 2.504228
-0.050000 2.950000 2.502161
-0.050000 3.000000 2.500000
-0.050000 3.050000 2.497839
-0.050000 3.100000 2.495772
-0.050000 3.150000 2.493890
-0.050000 3.200000 2.492275
-0.050000 3.250000 2.490997
-0.050000 3.300000 2.490113
-0.050000 3.350000 2.489661
-0.050000 3.400000 2.489661
-0.050000 3.450000 2.490113
-0.050000 3.500000 2.490997
-0.050000 3.550000 2.492275
-0.050000 3.600000 2.493890
-0.050000 3.650000 2.495772
-0.050000 3.700000 2.497839
-0.050000 3.750000 2.500000
-0.050000 3.800000 2.502161
-0.050000 3.850000 2.504228
-0.050000 3.900000 2.506110
-0.050000 3.950000 2.507725
-0.050000 4.000000 2.509003
-0.050000 4.050000 2.509887
-0.050000 4.100000 2.510339
-0.050000 4.150000 2.510339
-0.050000 4.200000 2.509887
-0.050000 4.250000 2.509003
-0.050000 4.300000 2.507725
-0.050000 4.350000 2.506110
-0.050000 4.400000 2.504228
-0.050000 4.450000 2.502161
-0.050000 4.500000 2.500000
-0.050000 4.550000 2.497839
-0.050000 4.600000 2.495772
-0.050000 4.650000 2.493890
-0.050000 4.700000 2.492275
-0.050000 4.750000 2.490997
-0.050000 4.800000 2.490113
-0.050000 4.850000 2.489661
-0.050000 4.900000 2.489661
-0.050000 4.950000 2.490113
-0.050000 5.000000 2.490997
-0.050000 5.050000 2.492275
-0.050000 5.100000 2.493890
-0.050000 5.150000 2.495772
-0.050000 5.200000 2.497839
-0.050000 5.250000 2.500000
-0.050000 5.300000 2.502161
-0.050000 5.350000 2.504228
-0.050000 5.400000 2.506110
-0.050000 5.450000 2.507725
-0.050000 5.500000 2.509003
-0.050000 5.550000 2.509887
-0.050000 5.600000 2.510339
-0.050000 5.650000 2.510339
-0.050000 5.700000 2.509887
-0.050000 5.750000 2.509003
-0.050000 5.800000 2.507725
-0.050000 5.850000 2.506110
-0.050000 5.900000 2.504228
-0.050000 5.950000 2.502161
-0.050000 6.000000 2.500000
0.000000 0.000000 2.500000
0.000000 0.050000 2.500000
0.000000 0.100000 2.500000
0.000000 0.150000 2.500000
0.000000 0.200000 2.500000
0.000000 0.250000 2.500000
0.000000 0.300000 2.500000
0.000000 0.350000 2.500000
0.000000 0.400000 2.500000
0.000000 0.450000 2.500000
0.000000 0.500000 2.500000
0.000000 0.550000 2.500000
0.000000 0.600000 2.500000
0.000000 0.650000 2.500000
0.000000 0.700000 2.500000
0.000000 0.750000 2.500000
0.000000 0.800000 2.500000
0.000000 0.850000 2.500000
0.000000 0.900000 2.500000
0.000000 0.950000 2.500000
0.000000 1.000000 2.500000
0.000000 1.050000 2.500000
0.000000 1.100000 2.500000
0.000000 1.150000 2.500000
0.000000 1.200000 2.500000
0.000000 1.250000 2.500000
0.000000 1.300000 2.500000
0.000000 1.350000 2.500000
0.000000 1.400000 2.500000
0.000000 1.450000 2.500000
0.000000 1.500000 2.500000
0.000000 1.550000 2.500000
0.000000 1.600000 2.500000
0.000000 1.650000 2.500000
0.000000 1.700000 2.500000
0.000000 1.750000 2.500000
0.000000 1.800000 2.500000
0.000000 1.850000 2.500000
0.000000 1.900000 2.500000
0.000000 1.950000 2.500000
0.000000 2.000000 2.500000
0.000000 2.050000 2.500000
0.000000 2.100000 2.500000
0.000000 2.150000 2.500000
0.000000 2.200000 2.500000
0.000000 2.250000 2.500000
0.000000 2.300000 2.500000
0.000000 2.350000 2.500000
0.000000 2.400000 2.500000
0.000000 2.450000 2.500000
0.000000 2.500000 2.500000
0.000000 2.550000 2.500000
0.000000 2.600000 2.500000
0.000000 2.650000 2.500000
0.000000 2.700000 2.500000
0.000000 2.750000 2.500000
0.000000 2.800000 2.500000
0.000000 2.850000 2.500000
0.000000 2.900000 2.500000
0.000000 2.950000 2.500000
0.000000 3.000000 2.500000
0.000000 3.050000 2.500000
0.000000 3.100000 2.500000
0.000000 3.150000 2.500000
0.000000 3.200000 2.500000
0.000000 3.250000 2.500000
0.000000 3.300000 2.500000
0.000000 3.350000 2.500000
0.000000 3.400000 2.500000
0.000000 3.450000 2.500000
0.000000 3.500000 2.500000
0.000000 3.550000 2.500000
0.000000 3.600000 2.500000
0.000000 3.650000 2.500000
0.000000 3.700000 2.500000
0.000000 3.750000 2.500000
0.000000 3.800000 2.500000
0.000000 3.850000 2.500000
0.000000 3.900000 2.500000
0.000000 3.950000 2.500000
0.000000 4.000000 2.500000
0.000000 4.050000 2.500000
0.000000 4.100000 2.500000
0.000000 4.150000 2.500000
0.000000 4.200000 2.500000
0.000000 4.250000 2.500000
0.000000 4.300000 2.500000
0.000000 4.350000 2.500000
0.000000 4.400000 2.500000
0.000000 4.450000 2.500000
0.000000 4.500000 2.500000
0.000000 4.550000 2.500000
0.000000 4.600000 2.500000
0.000000 4.650000 2.500000
0.000000 4.700000 2.500000
0.000000 4.750000 2.500000
0.000000 4.800000 2.500000
0.000000 4.850000 2.500000
0.000000 4.900000 2.500000
0.000000 4.950000 2.500000
0.000000 5.000000 2.500000
0.000000 5.050000 2.500000
0.000000 5.100000 2.500000
0.000000 5.150000 2.500000
0.000000 5.200000 2.500000
0.000000 5.250000 2.500000
0.000000 5.300000 2.500000
0.000000 5.350000 2.500000
0.000000 5.400000 2.500000
0.000000 5.450000 2.500000
0.000000 5.500000 2.500000
0.000000 5.550000 2.500000
0.000000 5.600000 2.500000
0.000000 5.650000 2.500000
0.000000 5.700000 2.500000
0.000000 5.750000 2.500000
0.000000 5.800000 2.500000
0.000000 5.850000 2.500000
0.000000 5.900000 2.500000
0.000000 5.950000 2.500000
0.000000 6.000000 2.500000
